sku;name;brand;price;list_price;discount_price;in_offer;net_content;unit;price_per_unit;price_per_unit_list;saving_text;image_url;detail_url;category;subcategory;last_category;category_url;page_num;extracted_at;supermarket;archivo;ruta_archivo;timestamp_archivo;mtime_archivo;category_std;name_clean;brand_clean;category_std_clean;subcategory_clean;last_category_clean;all_text;list_price_num;price_num;discount_price_num;effective_price;unit_family;size_std;cart_query;match_score
1843;Cereal Natur Arroz 20 g;Natur;450;450;;False;;;;;;https://jumbocl.vteximg.com.br/arquivos/ids/299069-250-250/Cereal-Natur-Bolsa-20-g-De-Arroz.jpg?v=638775760084930000;https://www.jumbo.cl/cereal-natur-bolsa-20-g-de-arroz/p;despensa;;Cereales, Avenas y Barras (Mostrar todo);;1.0;2026-03-02T23:20:16;jumbo;jumbo_despensa_20260302_232131.csv;C:\Users\fvergram\OneDrive - NTT DATA EMEAL\Desktop\webscrapping\Supermercados\Jumbo\output\despensa\jumbo_despensa_20260302_232131.csv;2026-03-02 23:21:31;;;cereal natur arroz 20 g;natur;;;cereales avenas y barras mostrar todo;cereal natur arroz 20 g natur   cereales avenas y barras mostrar todo;450.0;450.0;;450.0;mass;20.0;arroz;10.0
147893;Sopa Gourmet Tradicional de Pollo con Arroz 70 g;Gourmet;590;590;;False;;;;;;https://jumbocl.vteximg.com.br/arquivos/ids/485732-250-250/Sopa-Gourmet-Tradicional-de-Pollo-con-Arroz-70-g.jpg?v=638893306030200000;https://www.jumbo.cl/sopa-pollo-arroz-2024984/p;despensa;;Cremas y Sopas;;1.0;2026-03-02T23:11:16;jumbo;jumbo_despensa_20260302_232131.csv;C:\Users\fvergram\OneDrive - NTT DATA EMEAL\Desktop\webscrapping\Supermercados\Jumbo\output\despensa\jumbo_despensa_20260302_232131.csv;2026-03-02 23:21:31;;;sopa gourmet tradicional de pollo con arroz 70 g;gourmet;;;cremas y sopas;sopa gourmet tradicional de pollo con arroz 70 g gourmet   cremas y sopas;590.0;590.0;;590.0;mass;70.0;arroz;10.0
2202;Sopa Maggi Sabor Pollo con Arroz 70 g;Maggi;660;660;;False;;;;;;https://jumbocl.vteximg.com.br/arquivos/ids/299293-250-250/Sopa-Maggi-Sabor-Pollo-Con-Arroz-70-g.jpg?v=638775762968470000;https://www.jumbo.cl/sopa-de-pollo-maggi-sobre-70-g-con-arroz/p;despensa;;Cremas y Sopas;;2.0;2026-03-02T23:11:18;jumbo;jumbo_despensa_20260302_232131.csv;C:\Users\fvergram\OneDrive - NTT DATA EMEAL\Desktop\webscrapping\Supermercados\Jumbo\output\despensa\jumbo_despensa_20260302_232131.csv;2026-03-02 23:21:31;;;sopa maggi sabor pollo con arroz 70 g;maggi;;;cremas y sopas;sopa maggi sabor pollo con arroz 70 g maggi   cremas y sopas;660.0;660.0;;660.0;mass;70.0;arroz;10.0
127607;Caldo en Polvo Maggi Arroz 32 g;Maggi;730;730;;False;;;;;;https://jumbocl.vteximg.com.br/arquivos/ids/393727-250-250/CALDO-EN-POLVO-MAGGI-ARROZ-32G.jpg?v=638776875865100000;https://www.jumbo.cl/caldo-en-polvo-maggi-arroz-32g-1959784/p;despensa;;Caldos;;2.0;2026-03-02T23:11:42;jumbo;jumbo_despensa_20260302_232131.csv;C:\Users\fvergram\OneDrive - NTT DATA EMEAL\Desktop\webscrapping\Supermercados\Jumbo\output\despensa\jumbo_despensa_20260302_232131.csv;2026-03-02 23:21:31;;;caldo en polvo maggi arroz 32 g;maggi;;;caldos;caldo en polvo maggi arroz 32 g maggi   caldos;730.0;730.0;;730.0;mass;32.0;arroz;10.0
6871;Postre Soprole Arroz con Leche 130 g;Soprole;740;740;;False;;;;;;https://jumbocl.vteximg.com.br/arquivos/ids/411514-250-250/Postre-Soprole-Arroz-con-Leche-130-g.jpg?v=638791317938070000;https://www.jumbo.cl/arroz-con-leche-soprole-pote-130-g-2/p;lacteos_huevos_congelados;;Postres Refrigerados (Mostrar todo);;1.0;2026-03-03T12:48:14;jumbo;jumbo_lacteos_huevos_y_congelados_20260303_131000.csv;C:\Users\fvergram\OneDrive - NTT DATA EMEAL\Desktop\webscrapping\Supermercados\Jumbo\output\lacteos_huevos_congelados\jumbo_lacteos_huevos_y_congelados_20260303_131000.csv;2026-03-03 13:10:00;;;postre soprole arroz con leche 130 g;soprole;;;postres refrigerados mostrar todo;postre soprole arroz con leche 130 g soprole   postres refrigerados mostrar todo;740.0;740.0;;740.0;mass;130.0;arroz;10.0
dom_33;Sopa Sabor Pollo con Arroz (5 Porciones) Sobre, 70 g;;60;420;;True;;;;;;https://i5.walmartimages.cl/asr/bf1d692f-6007-417f-9104-ed9ce203a2fb.88e05a32e6102e9387dfbdc9664ffd4a.jpeg?null=&odnHeight=580&odnWidth=580&odnBg=FFFFFF;https://super.lider.cl/ip/alimentos-instantaneos/00780263000370;despensa;Alimentos Instantáneos > Sopas y Cremas;;;1.0;2026-03-17T21:54:53;lider;lider_despensa_20260317_215808.csv;C:\Users\fvergram\OneDrive - NTT DATA EMEAL\Desktop\webscrapping\Supermercados\Lider\output\despensa\lider_despensa_20260317_215808.csv;2026-03-17 21:58:08;;;sopa sabor pollo con arroz 5 porciones sobre 70 g;;;alimentos instantaneos sopas y cremas;;sopa sabor pollo con arroz 5 porciones sobre 70 g   alimentos instantaneos sopas y cremas;420.0;60.0;;420.0;mass;70.0;arroz;10.0
dom_42;Sopa Sabor Pollo con Arroz (5 Porciones) Sobre, 70 g;;89;620;;True;;;;;;https://i5.walmartimages.cl/asr/7cfd70fe-b60d-4841-9e4e-1e2e44ab74c8.882cf73bb042a0fd0db793aeb0dae748.jpeg?null=&odnHeight=580&odnWidth=580&odnBg=FFFFFF;https://super.lider.cl/ip/alimentos-instantaneos/00780295000662;despensa;Alimentos Instantáneos > Sopas y Cremas;;;1.0;2026-03-17T21:54:53;lider;lider_despensa_20260317_215808.csv;C:\Users\fvergram\OneDrive - NTT DATA EMEAL\Desktop\webscrapping\Supermercados\Lider\output\despensa\lider_despensa_20260317_215808.csv;2026-03-17 21:58:08;;;sopa sabor pollo con arroz 5 porciones sobre 70 g;;;alimentos instantaneos sopas y cremas;;sopa sabor pollo con arroz 5 porciones sobre 70 g   alimentos instantaneos sopas y cremas;620.0;89.0;;620.0;mass;70.0;arroz;10.0
dom_25;Caldo en Polvo para Arroz (5 Sobres) Bolsa, 35 g;;216;690;;True;;;;;;https://i5.walmartimages.cl/asr/9e90aa79-6657-48bd-ab93-7c8b19c044d3.fe343de666ae477b8fad03bbdc18cab2.jpeg?null=&odnHeight=580&odnWidth=580&odnBg=FFFFFF;https://super.lider.cl/ip/alimentos-instantaneos/00844529092536;despensa;Alimentos Instantáneos > Bases y Caldos;;;1.0;2026-03-17T21:55:42;lider;lider_despensa_20260317_215808.csv;C:\Users\fvergram\OneDrive - NTT DATA EMEAL\Desktop\webscrapping\Supermercados\Lider\output\despensa\lider_despensa_20260317_215808.csv;2026-03-17 21:58:08;;;caldo en polvo para arroz 5 sobres bolsa 35 g;;;alimentos instantaneos bases y caldos;;caldo en polvo para arroz 5 sobres bolsa 35 g   alimentos instantaneos bases y caldos;690.0;216.0;;690.0;mass;35.0;arroz;10.0
dom_3;Arroz Tucapel Extra Fino Grado 2 Grano largo fino, 1 kg;;1000;1000;;False;;;;;;https://i5.walmartimages.cl/asr/cf7f19d3-8c63-4d62-8bbe-7d14fb8fbc37.0e75dd21cf0c292d6596bb52a297d423.jpeg?null=&odnHeight=580&odnWidth=580&odnBg=FFFFFF;https://super.lider.cl/ip/arroz-y-legumbres/00780142000224;despensa;Arroz y Legumbres > Arroz;;;1.0;2026-03-17T21:46:44;lider;lider_despensa_20260317_215808.csv;C:\Users\fvergram\OneDrive - NTT DATA EMEAL\Desktop\webscrapping\Supermercados\Lider\output\despensa\lider_despensa_20260317_215808.csv;2026-03-17 21:58:08;;;arroz tucapel extra fino grado 2 grano largo fino 1 kg;;;arroz y legumbres arroz;;arroz tucapel extra fino grado 2 grano largo fino 1 kg   arroz y legumbres arroz;1000.0;1000.0;;1000.0;mass;1000.0;arroz;10.0
dom_1;Arroz Grado 1 Grano Largo Bolsa, 800 g;;1000;1250;;True;;;;;;https://i5.walmartimages.cl/asr/ba899c27-cdd1-4263-8be4-f8667ffb6eb2.aba0b5ebc5a7aca47b5646960cee5b21.jpeg?null=&odnHeight=580&odnWidth=580&odnBg=FFFFFF;https://super.lider.cl/ip/arroz-y-legumbres/00780465140020;despensa;Arroz y Legumbres > Arroz;;;1.0;2026-03-17T21:46:44;lider;lider_despensa_20260317_215808.csv;C:\Users\fvergram\OneDrive - NTT DATA EMEAL\Desktop\webscrapping\Supermercados\Lider\output\despensa\lider_despensa_20260317_215808.csv;2026-03-17 21:58:08;;;arroz grado 1 grano largo bolsa 800 g;;;arroz y legumbres arroz;;arroz grado 1 grano largo bolsa 800 g   arroz y legumbres arroz;1250.0;1000.0;;1250.0;mass;800.0;arroz;10.0
7805;Cereal Natur arroz inflado bolsa 20 g;Natur;480;480;;False;1 un;Kg;;;;https://unimarc.vtexassets.com/arquivos/ids/210893/000000000000007087-UN-01.jpg?v=637520321569070000;https://www.unimarc.cl/arroz-inflado-natur-sobre-20-gr/p;desayunos_dulces;Cereales;Cereal inflado;https://www.unimarc.cl/category/desayuno-y-dulces/cereales/cereal-inflado;;2026-03-09T19:25:34;unimarc;unimarc_desayuno-y-dulces_subcats_20260309_193127.csv;C:\Users\fvergram\OneDrive - NTT DATA EMEAL\Desktop\webscrapping\Supermercados\Unimarc\output\desayunos_dulces\unimarc_desayuno-y-dulces_subcats_20260309_193127.csv;2026-03-09 19:31:27;;;cereal natur arroz inflado bolsa 20 g;natur;;cereales;cereal inflado;cereal natur arroz inflado bolsa 20 g natur  cereales cereal inflado;480.0;480.0;;480.0;mass;20.0;arroz;10.0
78114;Sopa Nuestra Cocina pollo con arroz 70 g;Nuestra Cocina;500;500;;False;1 un;Kg;;;;https://unimarc.vtexassets.com/arquivos/ids/218384/000000000000652049-UN-01.jpg?v=637635370387570000;https://www.unimarc.cl/sopa-pollo-con-arroz-nuestra-cocina-70gr/p;despensa;Comida instantánea y preparada;Sopas, cremas y bases;https://www.unimarc.cl/category/despensa/comida-instantanea-y-preparada/sopas-cremas-y-bases;;2026-03-09T19:44:09;unimarc;unimarc_despensa_subcats_20260309_194612.csv;C:\Users\fvergram\OneDrive - NTT DATA EMEAL\Desktop\webscrapping\Supermercados\Unimarc\output\despensa\unimarc_despensa_subcats_20260309_194612.csv;2026-03-09 19:46:12;;;sopa nuestra cocina pollo con arroz 70 g;nuestra cocina;;comida instantanea y preparada;sopas cremas y bases;sopa nuestra cocina pollo con arroz 70 g nuestra cocina  comida instantanea y preparada sopas cremas y bases;500.0;500.0;;500.0;mass;70.0;arroz;10.0
78940;Galletas de arroz Tucapel dulces 25 g;Tucapel;520;520;;False;1 un;Kg;;;;https://unimarc.vtexassets.com/arquivos/ids/221661/000000000652433002-UN-01.jpg?v=637727692422230000;https://www.unimarc.cl/galletas-de-arroz-tucapel-25-gr-dulce/p;desayunos_dulces;Galletas y colaciones dulces;Galletas colación;https://www.unimarc.cl/category/desayuno-y-dulces/galletas-y-colaciones-dulces/galletas-colacion;;2026-03-09T19:29:46;unimarc;unimarc_desayuno-y-dulces_subcats_20260309_193127.csv;C:\Users\fvergram\OneDrive - NTT DATA EMEAL\Desktop\webscrapping\Supermercados\Unimarc\output\desayunos_dulces\unimarc_desayuno-y-dulces_subcats_20260309_193127.csv;2026-03-09 19:31:27;;;galletas de arroz tucapel dulces 25 g;tucapel;;galletas y colaciones dulces;galletas colacion;galletas de arroz tucapel dulces 25 g tucapel  galletas y colaciones dulces galletas colacion;520.0;520.0;;520.0;mass;25.0;arroz;10.0
78939;Galletas de arroz Tucapel clásicas 25 g;Tucapel;520;520;;False;1 un;Kg;;;;https://unimarc.vtexassets.com/arquivos/ids/221663/000000000652433001-UN-01.jpg?v=637727696893270000;https://www.unimarc.cl/galletas-de-arroz-tucapel-25-gr-clasica/p;desayunos_dulces;Galletas y colaciones dulces;Galletas colación;https://www.unimarc.cl/category/desayuno-y-dulces/galletas-y-colaciones-dulces/galletas-colacion;;2026-03-09T19:29:46;unimarc;unimarc_desayuno-y-dulces_subcats_20260309_193127.csv;C:\Users\fvergram\OneDrive - NTT DATA EMEAL\Desktop\webscrapping\Supermercados\Unimarc\output\desayunos_dulces\unimarc_desayuno-y-dulces_subcats_20260309_193127.csv;2026-03-09 19:31:27;;;galletas de arroz tucapel clasicas 25 g;tucapel;;galletas y colaciones dulces;galletas colacion;galletas de arroz tucapel clasicas 25 g tucapel  galletas y colaciones dulces galletas colacion;520.0;520.0;;520.0;mass;25.0;arroz;10.0
15998;Galletas de arroz Mizos chocolate 20 g;Mizos;560;560;;False;1 un;Kg;;;;https://unimarc.vtexassets.com/arquivos/ids/218817/000000000000778437-UN-01.jpg?v=637647223789270000;https://www.unimarc.cl/galletas-de-arroz-chocolate-mizos-20-gr/p;desayunos_dulces;Galletas y colaciones dulces;Galletas saludables;https://www.unimarc.cl/category/desayuno-y-dulces/galletas-y-colaciones-dulces/galletas-saludables;;2026-03-09T19:29:24;unimarc;unimarc_desayuno-y-dulces_subcats_20260309_193127.csv;C:\Users\fvergram\OneDrive - NTT DATA EMEAL\Desktop\webscrapping\Supermercados\Unimarc\output\desayunos_dulces\unimarc_desayuno-y-dulces_subcats_20260309_193127.csv;2026-03-09 19:31:27;;;galletas de arroz mizos chocolate 20 g;mizos;;galletas y colaciones dulces;galletas saludables;galletas de arroz mizos chocolate 20 g mizos  galletas y colaciones dulces galletas saludables;560.0;560.0;;560.0;mass;20.0;arroz;10.0
83588;Aceite Vegetal Libre de Colesterol 900 ml;Cuisine & Co;1600;1750;;True;;;;;;https://jumbocl.vteximg.com.br/arquivos/ids/365445-250-250/Aceite-vegetal-libre-de-colesterol-900-ml.jpg?v=638776759108030000;https://www.jumbo.cl/aceite-vegetal-libre-de-colesterol-900-ml-cuisine-and-co-1800913/p;despensa;;Aceite;;1.0;2026-03-02T23:09:50;jumbo;jumbo_despensa_20260302_232131.csv;C:\Users\fvergram\OneDrive - NTT DATA EMEAL\Desktop\webscrapping\Supermercados\Jumbo\output\despensa\jumbo_despensa_20260302_232131.csv;2026-03-02 23:21:31;;;aceite vegetal libre de colesterol 900 ml;cuisine co;;;aceite;aceite vegetal libre de colesterol 900 ml cuisine co   aceite;1750.0;1600.0;;1750.0;volume;900.0;aceite vegetal 1 litro;13.333333333333332
83588;Aceite Vegetal Libre de Colesterol 900 ml;Cuisine & Co;1600;1750;;True;;;;;;https://jumbocl.vteximg.com.br/arquivos/ids/365445-250-250/Aceite-vegetal-libre-de-colesterol-900-ml.jpg?v=638776759108030000;https://www.jumbo.cl/aceite-vegetal-libre-de-colesterol-900-ml-cuisine-and-co-1800913/p;despensa;;Aceites, Sal y Condimentos (Mostrar todo);;1.0;2026-03-02T23:10:55;jumbo;jumbo_despensa_20260302_232131.csv;C:\Users\fvergram\OneDrive - NTT DATA EMEAL\Desktop\webscrapping\Supermercados\Jumbo\output\despensa\jumbo_despensa_20260302_232131.csv;2026-03-02 23:21:31;;;aceite vegetal libre de colesterol 900 ml;cuisine co;;;aceites sal y condimentos mostrar todo;aceite vegetal libre de colesterol 900 ml cuisine co   aceites sal y condimentos mostrar todo;1750.0;1600.0;;1750.0;volume;900.0;aceite vegetal 1 litro;13.333333333333332
112665;Aceite Vegetal Cuisine & Co 900 ml;Cuisine & Co;1600;1850;;True;;;;;;https://jumbocl.vteximg.com.br/arquivos/ids/379897-250-250/Aceite-vegetal-900-ml.jpg?v=638776820960930000;https://www.jumbo.cl/aceite-vegetal-cuisine-and-co-900-ml-1927104/p;despensa;;Aceite;;1.0;2026-03-02T23:09:50;jumbo;jumbo_despensa_20260302_232131.csv;C:\Users\fvergram\OneDrive - NTT DATA EMEAL\Desktop\webscrapping\Supermercados\Jumbo\output\despensa\jumbo_despensa_20260302_232131.csv;2026-03-02 23:21:31;;;aceite vegetal cuisine co 900 ml;cuisine co;;;aceite;aceite vegetal cuisine co 900 ml cuisine co   aceite;1850.0;1600.0;;1850.0;volume;900.0;aceite vegetal 1 litro;13.333333333333332
15750;Sardinas en Aceite Vegetal Vigilante 88 g drenado;Vigilante;2290;2290;;False;;;;;;https://jumbocl.vteximg.com.br/arquivos/ids/303839-250-250/Sardinas-en-aceite-vegetal-88-g-drenado.jpg?v=638776378222900000;https://www.jumbo.cl/sardinas-en-aceite-vegetal-vigilante-120-g/p;despensa;;Conservas de Pescado;;1.0;2026-03-02T23:08:23;jumbo;jumbo_despensa_20260302_232131.csv;C:\Users\fvergram\OneDrive - NTT DATA EMEAL\Desktop\webscrapping\Supermercados\Jumbo\output\despensa\jumbo_despensa_20260302_232131.csv;2026-03-02 23:21:31;;;sardinas en aceite vegetal vigilante 88 g drenado;vigilante;;;conservas de pescado;sardinas en aceite vegetal vigilante 88 g drenado vigilante   conservas de pescado;2290.0;2290.0;;2290.0;mass;88.0;aceite vegetal 1 litro;13.333333333333332
15754;Calamares en Trozos Vigilante en Aceite Vegetal 115 g;Vigilante;2490;2490;;False;;;;;;https://jumbocl.vteximg.com.br/arquivos/ids/303902-250-250/Calamares-en-trozos-Vigilante-115-g-en-aceite-vegetal.jpg?v=638776378342900000;https://www.jumbo.cl/calamares-en-trozos-vigilante-115-g-en-aceite-vegetal/p;despensa;;Conservas de Mariscos;;2.0;2026-03-02T23:08:54;jumbo;jumbo_despensa_20260302_232131.csv;C:\Users\fvergram\OneDrive - NTT DATA EMEAL\Desktop\webscrapping\Supermercados\Jumbo\output\despensa\jumbo_despensa_20260302_232131.csv;2026-03-02 23:21:31;;;calamares en trozos vigilante en aceite vegetal 115 g;vigilante;;;conservas de mariscos;calamares en trozos vigilante en aceite vegetal 115 g vigilante   conservas de mariscos;2490.0;2490.0;;2490.0;mass;115.0;aceite vegetal 1 litro;13.333333333333332
dom_7;Aceite Vegetal Botella, 900 ml;;1690;1878;;True;;;;;;https://i5.walmartimages.cl/asr/da59efc1-5642-4460-a4a1-f8c34010d745.4374af96701d95a538f065389b2a013f.jpeg?odnHeight=580&odnWidth=580&odnBg=FFFFFF;https://super.lider.cl/ip/aceites-y-aderezos/00779027200798;despensa;Aceites y Aderezos > Aceites;;;1.0;2026-03-17T21:50:31;lider;lider_despensa_20260317_215808.csv;C:\Users\fvergram\OneDrive - NTT DATA EMEAL\Desktop\webscrapping\Supermercados\Lider\output\despensa\lider_despensa_20260317_215808.csv;2026-03-17 21:58:08;;;aceite vegetal botella 900 ml;;;aceites y aderezos aceites;;aceite vegetal botella 900 ml   aceites y aderezos aceites;1878.0;1690.0;;1878.0;volume;900.0;aceite vegetal 1 litro;13.333333333333332
dom_8;Aceite Vegetal Botella, 1 L;;2390;2390;;False;;;;;;https://i5.walmartimages.cl/asr/1cfdac04-364d-42e9-a798-69ea27bbde3a.f83cd2295aa553a9e93ef5cc92ba8e5d.jpeg?odnHeight=580&odnWidth=580&odnBg=FFFFFF;https://super.lider.cl/ip/aceites-y-aderezos/00780281001202;despensa;Aceites y Aderezos > Aceites;;;1.0;2026-03-17T21:50:31;lider;lider_despensa_20260317_215808.csv;C:\Users\fvergram\OneDrive - NTT DATA EMEAL\Desktop\webscrapping\Supermercados\Lider\output\despensa\lider_despensa_20260317_215808.csv;2026-03-17 21:58:08;;;aceite vegetal botella 1 l;;;aceites y aderezos aceites;;aceite vegetal botella 1 l   aceites y aderezos aceites;2390.0;2390.0;;2390.0;volume;1000.0;aceite vegetal 1 litro;13.333333333333332
dom_1;Aceite Vegetal Botella, 900 ml;;750;2750;;True;;;;;;https://i5.walmartimages.cl/asr/76d151af-8862-4b06-aad0-7e7123ea5dcc.9b1ea66bb49c9b53a2915e570076dda1.jpeg?odnHeight=580&odnWidth=580&odnBg=FFFFFF;https://super.lider.cl/ip/aceites-y-aderezos/00779027200831;despensa;Aceites y Aderezos > Aceites;;;1.0;2026-03-17T21:50:31;lider;lider_despensa_20260317_215808.csv;C:\Users\fvergram\OneDrive - NTT DATA EMEAL\Desktop\webscrapping\Supermercados\Lider\output\despensa\lider_despensa_20260317_215808.csv;2026-03-17 21:58:08;;;aceite vegetal botella 900 ml;;;aceites y aderezos aceites;;aceite vegetal botella 900 ml   aceites y aderezos aceites;2750.0;750.0;;2750.0;volume;900.0;aceite vegetal 1 litro;13.333333333333332
dom_9;Aceite Vegetal Botella, 900 ml;;2590;2878;;True;;;;;;https://i5.walmartimages.cl/asr/079fa639-8d55-4a1e-9f6b-aa1ebffdda3d.cee4439ac1b9741c6468a19cbd048828.jpeg?odnHeight=580&odnWidth=580&odnBg=FFFFFF;https://super.lider.cl/ip/aceites-y-aderezos/00780132024202;despensa;Aceites y Aderezos > Aceites;;;1.0;2026-03-17T21:50:31;lider;lider_despensa_20260317_215808.csv;C:\Users\fvergram\OneDrive - NTT DATA EMEAL\Desktop\webscrapping\Supermercados\Lider\output\despensa\lider_despensa_20260317_215808.csv;2026-03-17 21:58:08;;;aceite vegetal botella 900 ml;;;aceites y aderezos aceites;;aceite vegetal botella 900 ml   aceites y aderezos aceites;2878.0;2590.0;;2878.0;volume;900.0;aceite vegetal 1 litro;13.333333333333332
dom_6;Pebre Listo Con Aceite Vegetal Pote, 250 g;;2090;8360;;True;;;;;;https://i5.walmartimages.cl/asr/92c0a199-7c65-45c2-a3fe-4043ad9159f2.9376addb6ee732db87555077eaeeb602.jpeg?odnHeight=580&odnWidth=580&odnBg=FFFFFF;https://super.lider.cl/ip/frutas-y-ensaladas-listas/00347397258000;frutas_y_verduras;Frutas y Ensaladas Listas > Complementos ensaladas;;;1.0;2026-03-17T22:31:46;lider;lider_frutas_y_verduras_20260317_223211.csv;C:\Users\fvergram\OneDrive - NTT DATA EMEAL\Desktop\webscrapping\Supermercados\Lider\output\frutas_y_verduras\lider_frutas_y_verduras_20260317_223211.csv;2026-03-17 22:32:11;;;pebre listo con aceite vegetal pote 250 g;;;frutas y ensaladas listas complementos ensaladas;;pebre listo con aceite vegetal pote 250 g   frutas y ensaladas listas complementos ensaladas;8360.0;2090.0;;8360.0;mass;250.0;aceite vegetal 1 litro;13.333333333333332
11944;Aceite Merkat vegetal 900 ml;Merkat;1550;1550;;False;1 un;litro;;;;https://unimarc.vtexassets.com/arquivos/ids/173406/000000000000358358-UN.jpg?v=636632716501930000;https://www.unimarc.cl/aceite-vegetal-merkat-900-cc/p;despensa;Aceite y aliños;Aceite vegetal;https://www.unimarc.cl/category/despensa/aceite-y-alinos/aceite-vegetal;;2026-03-09T19:35:15;unimarc;unimarc_despensa_subcats_20260309_194612.csv;C:\Users\fvergram\OneDrive - NTT DATA EMEAL\Desktop\webscrapping\Supermercados\Unimarc\output\despensa\unimarc_despensa_subcats_20260309_194612.csv;2026-03-09 19:46:12;;;aceite merkat vegetal 900 ml;merkat;;aceite y alinos;aceite vegetal;aceite merkat vegetal 900 ml merkat  aceite y alinos aceite vegetal;1550.0;1550.0;;1550.0;volume;900.0;aceite vegetal 1 litro;13.333333333333332
77701;Aceite Nuestra Cocina vegetal botella 900 ml;Nuestra Cocina;1790;1890;1790.0;True;1 un;litro;;;Ahorras $100;https://unimarc.vtexassets.com/arquivos/ids/222335/000000000000651290-UN-01.jpg?v=637751806566500000;https://www.unimarc.cl/aceite-vegetal-nuestra-cocina-900-ml/p;despensa;Aceite y aliños;Aceite vegetal;https://www.unimarc.cl/category/despensa/aceite-y-alinos/aceite-vegetal;;2026-03-09T19:35:15;unimarc;unimarc_despensa_subcats_20260309_194612.csv;C:\Users\fvergram\OneDrive - NTT DATA EMEAL\Desktop\webscrapping\Supermercados\Unimarc\output\despensa\unimarc_despensa_subcats_20260309_194612.csv;2026-03-09 19:46:12;;;aceite nuestra cocina vegetal botella 900 ml;nuestra cocina;;aceite y alinos;aceite vegetal;aceite nuestra cocina vegetal botella 900 ml nuestra cocina  aceite y alinos aceite vegetal;1890.0;1790.0;17900.0;1890.0;volume;900.0;aceite vegetal 1 litro;13.333333333333332
70481;Aceite vegetal Merkat 1.5 L;Merkat;2650;2650;;False;1 un;litro;;;;https://unimarc.vtexassets.com/arquivos/ids/196419/Aceite-vegetal-Merkat-15-L-1-96460.jpg?v=637272528203300000;https://www.unimarc.cl/aceite-vegetal-merkat-1-5-l/p;despensa;Aceite y aliños;Aceite vegetal;https://www.unimarc.cl/category/despensa/aceite-y-alinos/aceite-vegetal;;2026-03-09T19:35:15;unimarc;unimarc_despensa_subcats_20260309_194612.csv;C:\Users\fvergram\OneDrive - NTT DATA EMEAL\Desktop\webscrapping\Supermercados\Unimarc\output\despensa\unimarc_despensa_subcats_20260309_194612.csv;2026-03-09 19:46:12;;;aceite vegetal merkat 1.5 l;merkat;;aceite y alinos;aceite vegetal;aceite vegetal merkat 1.5 l merkat  aceite y alinos aceite vegetal;2650.0;2650.0;;2650.0;volume;15000.0;aceite vegetal 1 litro;13.333333333333332
78606;Aceite vegetal Natura 900 ml;Natura;2000;2850;2000.0;True;1 un;litro;;;Ahorras $850;https://unimarc.vtexassets.com/arquivos/ids/222337/000000000000652565-UN-01.jpg?v=637751807574300000;https://www.unimarc.cl/aceite-vegetal-natura-900-ml/p;despensa;Aceite y aliños;Aceite vegetal;https://www.unimarc.cl/category/despensa/aceite-y-alinos/aceite-vegetal;;2026-03-09T19:35:15;unimarc;unimarc_despensa_subcats_20260309_194612.csv;C:\Users\fvergram\OneDrive - NTT DATA EMEAL\Desktop\webscrapping\Supermercados\Unimarc\output\despensa\unimarc_despensa_subcats_20260309_194612.csv;2026-03-09 19:46:12;;;aceite vegetal natura 900 ml;natura;;aceite y alinos;aceite vegetal;aceite vegetal natura 900 ml natura  aceite y alinos aceite vegetal;2850.0;2000.0;20000.0;2850.0;volume;900.0;aceite vegetal 1 litro;13.333333333333332
7;Aceite Belmont vegetal con canola 1 L;Belmont;2390;3250;2390.0;True;1 un;litro;;;Ahorras $860;https://unimarc.vtexassets.com/arquivos/ids/196494/000000000000004933-UN-01.jpg?v=637273445302730000;https://www.unimarc.cl/aceite-vegetal-con-canola-belmont-1-l/p;despensa;Aceite y aliños;Aceite vegetal;https://www.unimarc.cl/category/despensa/aceite-y-alinos/aceite-vegetal;;2026-03-09T19:35:15;unimarc;unimarc_despensa_subcats_20260309_194612.csv;C:\Users\fvergram\OneDrive - NTT DATA EMEAL\Desktop\webscrapping\Supermercados\Unimarc\output\despensa\unimarc_despensa_subcats_20260309_194612.csv;2026-03-09 19:46:12;;;aceite belmont vegetal con canola 1 l;belmont;;aceite y alinos;aceite vegetal;aceite belmont vegetal con canola 1 l belmont  aceite y alinos aceite vegetal;3250.0;2390.0;23900.0;3250.0;volume;1000.0;aceite vegetal 1 litro;13.333333333333332
88327;Leche Soprole Entera Natural 200 ml;Soprole;560;560;;False;;;;;;https://jumbocl.vteximg.com.br/arquivos/ids/527995-250-250/Leche-Soprole-Entera-Natural-200-ml.jpg?v=638967404839630000;https://www.jumbo.cl/leche-entera-soprole-200-ml/p;lacteos_huevos_congelados;;Leche Líquida;;1.0;2026-03-03T12:41:59;jumbo;jumbo_lacteos_huevos_y_congelados_20260303_131000.csv;C:\Users\fvergram\OneDrive - NTT DATA EMEAL\Desktop\webscrapping\Supermercados\Jumbo\output\lacteos_huevos_congelados\jumbo_lacteos_huevos_y_congelados_20260303_131000.csv;2026-03-03 13:10:00;;;leche soprole entera natural 200 ml;soprole;;;leche liquida;leche soprole entera natural 200 ml soprole   leche liquida;560.0;560.0;;560.0;volume;200.0;leche entera 1 litro;13.333333333333332
6611;Leche Colun Entera 200 ml;Colun;620;620;;False;;;;;;https://jumbocl.vteximg.com.br/arquivos/ids/348514-250-250/Leche-entera-Colun-200-ml.jpg?v=638776485174470000;https://www.jumbo.cl/leche-entera-colun-caja-200cc-natural/p;lacteos_huevos_congelados;;Leches (Mostrar todo);;2.0;2026-03-03T12:43:14;jumbo;jumbo_lacteos_huevos_y_congelados_20260303_131000.csv;C:\Users\fvergram\OneDrive - NTT DATA EMEAL\Desktop\webscrapping\Supermercados\Jumbo\output\lacteos_huevos_congelados\jumbo_lacteos_huevos_y_congelados_20260303_131000.csv;2026-03-03 13:10:00;;;leche colun entera 200 ml;colun;;;leches mostrar todo;leche colun entera 200 ml colun   leches mostrar todo;620.0;620.0;;620.0;volume;200.0;leche entera 1 litro;13.333333333333332
6611;Leche Colun Entera 200 ml;Colun;620;620;;False;;;;;;https://jumbocl.vteximg.com.br/arquivos/ids/348514-250-250/Leche-entera-Colun-200-ml.jpg?v=638776485174470000;https://www.jumbo.cl/leche-entera-colun-caja-200cc-natural/p;lacteos_huevos_congelados;;Leche Líquida;;2.0;2026-03-03T12:42:01;jumbo;jumbo_lacteos_huevos_y_congelados_20260303_131000.csv;C:\Users\fvergram\OneDrive - NTT DATA EMEAL\Desktop\webscrapping\Supermercados\Jumbo\output\lacteos_huevos_congelados\jumbo_lacteos_huevos_y_congelados_20260303_131000.csv;2026-03-03 13:10:00;;;leche colun entera 200 ml;colun;;;leche liquida;leche colun entera 200 ml colun   leche liquida;620.0;620.0;;620.0;volume;200.0;leche entera 1 litro;13.333333333333332
134465;Leche Surlat Entera 1 L;Surlat;1050;1050;;False;;;;;;https://jumbocl.vteximg.com.br/arquivos/ids/322959-250-250/Leche-Entera-Surlat-1-L.jpg?v=638776426538530000;https://www.jumbo.cl/leche-entera-surlat-b-a-1l-1991554/p;lacteos_huevos_congelados;;Leches (Mostrar todo);;1.0;2026-03-03T12:43:13;jumbo;jumbo_lacteos_huevos_y_congelados_20260303_131000.csv;C:\Users\fvergram\OneDrive - NTT DATA EMEAL\Desktop\webscrapping\Supermercados\Jumbo\output\lacteos_huevos_congelados\jumbo_lacteos_huevos_y_congelados_20260303_131000.csv;2026-03-03 13:10:00;;;leche surlat entera 1 l;surlat;;;leches mostrar todo;leche surlat entera 1 l surlat   leches mostrar todo;1050.0;1050.0;;1050.0;volume;1000.0;leche entera 1 litro;13.333333333333332
134465;Leche Surlat Entera 1 L;Surlat;1050;1050;;False;;;;;;https://jumbocl.vteximg.com.br/arquivos/ids/322959-250-250/Leche-Entera-Surlat-1-L.jpg?v=638776426538530000;https://www.jumbo.cl/leche-entera-surlat-b-a-1l-1991554/p;lacteos_huevos_congelados;;Leche Líquida;;2.0;2026-03-03T12:42:01;jumbo;jumbo_lacteos_huevos_y_congelados_20260303_131000.csv;C:\Users\fvergram\OneDrive - NTT DATA EMEAL\Desktop\webscrapping\Supermercados\Jumbo\output\lacteos_huevos_congelados\jumbo_lacteos_huevos_y_congelados_20260303_131000.csv;2026-03-03 13:10:00;;;leche surlat entera 1 l;surlat;;;leche liquida;leche surlat entera 1 l surlat   leche liquida;1050.0;1050.0;;1050.0;volume;1000.0;leche entera 1 litro;13.333333333333332
dom_1;Leche Natural Entera caja, 1 L;;990;990;;False;;;;;;https://i5.walmartimages.cl/asr/8e0c4767-58c6-46af-8837-b3a8a71a5790.1e4679549e4749147a4ca3b2e9fb5c02.jpeg?odnHeight=580&odnWidth=580&odnBg=FFFFFF;https://super.lider.cl/ip/leche/00040000720074;frescos_y_lacteos;Leche > Blanca;;;1.0;2026-03-17T22:05:40;lider;lider_frescos_y_lacteos_20260317_222114.csv;C:\Users\fvergram\OneDrive - NTT DATA EMEAL\Desktop\webscrapping\Supermercados\Lider\output\frescos_y_lacteos\lider_frescos_y_lacteos_20260317_222114.csv;2026-03-17 22:21:14;;;leche natural entera caja 1 l;;;leche blanca;;leche natural entera caja 1 l   leche blanca;990.0;990.0;;990.0;volume;1000.0;leche entera 1 litro;13.333333333333332
dom_5;Leche Entera Sin Lactosa, 1 L;;1000;1000;;False;;;;;;https://i5.walmartimages.cl/asr/f9621ae4-5c19-40db-9e92-23cae44ee0c5.8b13dd403bae618680e705a98ca1f261.jpeg?null=&odnHeight=580&odnWidth=580&odnBg=FFFFFF;https://super.lider.cl/ip/leche/00780870950476;frescos_y_lacteos;Leche > Leche sin Lactosa;;;1.0;2026-03-17T22:06:25;lider;lider_frescos_y_lacteos_20260317_222114.csv;C:\Users\fvergram\OneDrive - NTT DATA EMEAL\Desktop\webscrapping\Supermercados\Lider\output\frescos_y_lacteos\lider_frescos_y_lacteos_20260317_222114.csv;2026-03-17 22:21:14;;;leche entera sin lactosa 1 l;;;leche leche sin lactosa;;leche entera sin lactosa 1 l   leche leche sin lactosa;1000.0;1000.0;;1000.0;volume;1000.0;leche entera 1 litro;13.333333333333332
dom_4;Leche Entera Natural 1 l, 1 L;;1090;1090;;False;;;;;;https://i5.walmartimages.cl/asr/775df153-9744-4128-ae20-ac1254c4b7ba.41d5a84806e6e592a9abcc656a04f92b.jpeg?odnHeight=580&odnWidth=580&odnBg=FFFFFF;https://super.lider.cl/ip/leche/00780290000130;frescos_y_lacteos;Leche > Blanca;;;1.0;2026-03-17T22:05:40;lider;lider_frescos_y_lacteos_20260317_222114.csv;C:\Users\fvergram\OneDrive - NTT DATA EMEAL\Desktop\webscrapping\Supermercados\Lider\output\frescos_y_lacteos\lider_frescos_y_lacteos_20260317_222114.csv;2026-03-17 22:21:14;;;leche entera natural 1 l 1 l;;;leche blanca;;leche entera natural 1 l 1 l   leche blanca;1090.0;1090.0;;1090.0;volume;1000.0;leche entera 1 litro;13.333333333333332
dom_9;Leche Entera, 1 L;;1090;1090;;False;;;;;;https://i5.walmartimages.cl/asr/7c6c8fc8-e05c-41ea-b73f-fb2fd5d6b932.e374804a9aa99df7a06d89eae4309713.jpeg?odnHeight=580&odnWidth=580&odnBg=FFFFFF;https://super.lider.cl/ip/leche/00780461747028;frescos_y_lacteos;Leche > Blanca;;;1.0;2026-03-17T22:05:40;lider;lider_frescos_y_lacteos_20260317_222114.csv;C:\Users\fvergram\OneDrive - NTT DATA EMEAL\Desktop\webscrapping\Supermercados\Lider\output\frescos_y_lacteos\lider_frescos_y_lacteos_20260317_222114.csv;2026-03-17 22:21:14;;;leche entera 1 l;;;leche blanca;;leche entera 1 l   leche blanca;1090.0;1090.0;;1090.0;volume;1000.0;leche entera 1 litro;13.333333333333332
dom_10;Leche Natural Entera Lonco Leche, 1 L;;1090;1090;;False;;;;;;https://i5.walmartimages.cl/asr/f85da804-e53e-4cee-946e-f0f8cecc8682.fab27f2d781f689baf552c94bbf31492.jpeg?odnHeight=580&odnWidth=580&odnBg=FFFFFF;https://super.lider.cl/ip/leche/00780291000725;frescos_y_lacteos;Leche > Blanca;;;1.0;2026-03-17T22:05:40;lider;lider_frescos_y_lacteos_20260317_222114.csv;C:\Users\fvergram\OneDrive - NTT DATA EMEAL\Desktop\webscrapping\Supermercados\Lider\output\frescos_y_lacteos\lider_frescos_y_lacteos_20260317_222114.csv;2026-03-17 22:21:14;;;leche natural entera lonco leche 1 l;;;leche blanca;;leche natural entera lonco leche 1 l   leche blanca;1090.0;1090.0;;1090.0;volume;1000.0;leche entera 1 litro;13.333333333333332
91846;Leche entera Surlat 200 ml;Surlat;530;530;;False;1 un;litro;;;;https://unimarc.vtexassets.com/arquivos/ids/250276/000000000000681907-UN-01.jpg?v=638893996373670000;https://www.unimarc.cl/leche-entera-surlat-200ml/p;lacteos;Leches y cremas;Leches individuales;https://www.unimarc.cl/category/lacteos-huevos-y-refrigerados/leches-y-cremas/leches-individuales;;2026-03-09T19:57:20;unimarc;unimarc_lacteos-huevos-y-refrigerados_subcats_20260309_200011.csv;C:\Users\fvergram\OneDrive - NTT DATA EMEAL\Desktop\webscrapping\Supermercados\Unimarc\output\lacteos\unimarc_lacteos-huevos-y-refrigerados_subcats_20260309_200011.csv;2026-03-09 20:00:11;;;leche entera surlat 200 ml;surlat;;leches y cremas;leches individuales;leche entera surlat 200 ml surlat  leches y cremas leches individuales;530.0;530.0;;530.0;volume;200.0;leche entera 1 litro;13.333333333333332
72576;Leche entera natural Soprole 200 ml;Soprole;540;540;;False;1 un;litro;;;;https://unimarc.vtexassets.com/arquivos/ids/252406/000000000000646822-UN-01.jpg?v=638972809937830000;https://www.unimarc.cl/leche-entera-soprole-200-ml-2/p;lacteos;Leches y cremas;Leches individuales;https://www.unimarc.cl/category/lacteos-huevos-y-refrigerados/leches-y-cremas/leches-individuales;;2026-03-09T19:57:20;unimarc;unimarc_lacteos-huevos-y-refrigerados_subcats_20260309_200011.csv;C:\Users\fvergram\OneDrive - NTT DATA EMEAL\Desktop\webscrapping\Supermercados\Unimarc\output\lacteos\unimarc_lacteos-huevos-y-refrigerados_subcats_20260309_200011.csv;2026-03-09 20:00:11;;;leche entera natural soprole 200 ml;soprole;;leches y cremas;leches individuales;leche entera natural soprole 200 ml soprole  leches y cremas leches individuales;540.0;540.0;;540.0;volume;200.0;leche entera 1 litro;13.333333333333332
3683;Leche entera natural Colun 200 ml;Colun;620;620;;False;1 un;litro;;;;https://unimarc.vtexassets.com/arquivos/ids/186718/Leche-entera-natural-Colun-200-ml-2-3720.jpg?v=637013097376400000;https://www.unimarc.cl/leche-entera-natural-colun-200ml/p;lacteos;Leches y cremas;Leches individuales;https://www.unimarc.cl/category/lacteos-huevos-y-refrigerados/leches-y-cremas/leches-individuales;;2026-03-09T19:57:20;unimarc;unimarc_lacteos-huevos-y-refrigerados_subcats_20260309_200011.csv;C:\Users\fvergram\OneDrive - NTT DATA EMEAL\Desktop\webscrapping\Supermercados\Unimarc\output\lacteos\unimarc_lacteos-huevos-y-refrigerados_subcats_20260309_200011.csv;2026-03-09 20:00:11;;;leche entera natural colun 200 ml;colun;;leches y cremas;leches individuales;leche entera natural colun 200 ml colun  leches y cremas leches individuales;620.0;620.0;;620.0;volume;200.0;leche entera 1 litro;13.333333333333332
7831;Leche entera Trencito Nestlé sabor chocolate 200 ml;Nestle;680;680;;False;1 un;litro;;;;https://unimarc.vtexassets.com/arquivos/ids/198739/000000000000007453-UN-01.jpg?v=637296949134000000;https://www.unimarc.cl/leche-chocolate-entera-trencito-nestle-200-ml/p;lacteos;Leches y cremas;Leches individuales;https://www.unimarc.cl/category/lacteos-huevos-y-refrigerados/leches-y-cremas/leches-individuales;;2026-03-09T19:57:20;unimarc;unimarc_lacteos-huevos-y-refrigerados_subcats_20260309_200011.csv;C:\Users\fvergram\OneDrive - NTT DATA EMEAL\Desktop\webscrapping\Supermercados\Unimarc\output\lacteos\unimarc_lacteos-huevos-y-refrigerados_subcats_20260309_200011.csv;2026-03-09 20:00:11;;;leche entera trencito nestle sabor chocolate 200 ml;nestle;;leches y cremas;leches individuales;leche entera trencito nestle sabor chocolate 200 ml nestle  leches y cremas leches individuales;680.0;680.0;;680.0;volume;200.0;leche entera 1 litro;13.333333333333332
82635;Leche entera Los Peumos 1 L;Los Peumos;950;1050;950.0;True;1 un;litro;;;Ahorras $100;https://unimarc.vtexassets.com/arquivos/ids/251383/000000000000661119-UN-01.jpg?v=638931235513300000;https://www.unimarc.cl/leche-entera-tetra-los-peumos-1lt/p;lacteos;Leches y cremas;Leches blancas;https://www.unimarc.cl/category/lacteos-huevos-y-refrigerados/leches-y-cremas/leches-blancas;;2026-03-09T19:56:14;unimarc;unimarc_lacteos-huevos-y-refrigerados_subcats_20260309_200011.csv;C:\Users\fvergram\OneDrive - NTT DATA EMEAL\Desktop\webscrapping\Supermercados\Unimarc\output\lacteos\unimarc_lacteos-huevos-y-refrigerados_subcats_20260309_200011.csv;2026-03-09 20:00:11;;;leche entera los peumos 1 l;los peumos;;leches y cremas;leches blancas;leche entera los peumos 1 l los peumos  leches y cremas leches blancas;1050.0;950.0;9500.0;1050.0;volume;1000.0;leche entera 1 litro;13.333333333333332
22467;Pan Centeno Mestemacher Orgánico con Avena y Cebada 500 g;Mestemacher;2632;3290;;True;;;;;;https://jumbocl.vteximg.com.br/arquivos/ids/304771-250-250/Pan-de-Centeno-organico-con-avena-y-cebada-500-g.jpg?v=638776380503130000;https://www.jumbo.cl/pan-organico-tres-granos-mestemacher-500-g-2/p;panaderia_pasteleria;;Pan Integral y Funcional;;1.0;2026-03-03T16:41:30;jumbo;jumbo_panaderia_y_pasteleria_20260303_164511.csv;C:\Users\fvergram\OneDrive - NTT DATA EMEAL\Desktop\webscrapping\Supermercados\Jumbo\output\panaderia_pasteleria\jumbo_panaderia_y_pasteleria_20260303_164511.csv;2026-03-03 16:45:11;;;pan centeno mestemacher organico con avena y cebada 500 g;mestemacher;;;pan integral y funcional;pan centeno mestemacher organico con avena y cebada 500 g mestemacher   pan integral y funcional;3290.0;2632.0;;3290.0;mass;500.0;avena 500 g;21.0
139737;Bebida Vegetal OraSì Barista Avena 500 ml;OraSì;2090;2090;;False;;;;;;https://jumbocl.vteximg.com.br/arquivos/ids/332666-250-250/Bebida-Orasi-Barista-Avena-500-cc.jpg?v=638776434238100000;https://www.jumbo.cl/beb-orasi-barista-avena-500cc-2002762/p;lacteos_huevos_congelados;;Bebidas Vegetales (Mostrar todo);;1.0;2026-03-03T12:58:21;jumbo;jumbo_lacteos_huevos_y_congelados_20260303_131000.csv;C:\Users\fvergram\OneDrive - NTT DATA EMEAL\Desktop\webscrapping\Supermercados\Jumbo\output\lacteos_huevos_congelados\jumbo_lacteos_huevos_y_congelados_20260303_131000.csv;2026-03-03 13:10:00;;;bebida vegetal orasi barista avena 500 ml;orasi;;;bebidas vegetales mostrar todo;bebida vegetal orasi barista avena 500 ml orasi   bebidas vegetales mostrar todo;2090.0;2090.0;;2090.0;volume;500.0;avena 500 g;19.0
139737;Bebida Vegetal OraSì Barista Avena 500 ml;OraSì;2090;2090;;False;;;;;;https://jumbocl.vteximg.com.br/arquivos/ids/332666-250-250/Bebida-Orasi-Barista-Avena-500-cc.jpg?v=638776434238100000;https://www.jumbo.cl/beb-orasi-barista-avena-500cc-2002762/p;lacteos_huevos_congelados;;Bebidas de Arroz y Avena;;1.0;2026-03-03T12:57:38;jumbo;jumbo_lacteos_huevos_y_congelados_20260303_131000.csv;C:\Users\fvergram\OneDrive - NTT DATA EMEAL\Desktop\webscrapping\Supermercados\Jumbo\output\lacteos_huevos_congelados\jumbo_lacteos_huevos_y_congelados_20260303_131000.csv;2026-03-03 13:10:00;;;bebida vegetal orasi barista avena 500 ml;orasi;;;bebidas de arroz y avena;bebida vegetal orasi barista avena 500 ml orasi   bebidas de arroz y avena;2090.0;2090.0;;2090.0;volume;500.0;avena 500 g;19.0
57503;Jabón Líquido Familand Avena Karité 500 ml;Familand;2450;2450;;False;;;;;;https://jumbocl.vteximg.com.br/arquivos/ids/360327-250-250/Jabon-liquido-Simond-s-avena-karite-500-ml.jpg?v=638776732214770000;https://www.jumbo.cl/jabon-liq-familand-avena-karite-500ml/p;cuidado_personal_bebe;;Jabones Líquidos;;2.0;2026-03-02T22:46:00;jumbo;jumbo_cuidado_personal_y_bebe_20260302_230100.csv;C:\Users\fvergram\OneDrive - NTT DATA EMEAL\Desktop\webscrapping\Supermercados\Jumbo\output\cuidado_personal_bebe\jumbo_cuidado_personal_y_bebe_20260302_230100.csv;2026-03-02 23:01:00;;;jabon liquido familand avena karite 500 ml;familand;;;jabones liquidos;jabon liquido familand avena karite 500 ml familand   jabones liquidos;2450.0;2450.0;;2450.0;volume;500.0;avena 500 g;19.0
57503;Jabón Líquido Familand Avena Karité 500 ml;Familand;2450;2450;;False;;;;;;https://jumbocl.vteximg.com.br/arquivos/ids/360327-250-250/Jabon-liquido-Simond-s-avena-karite-500-ml.jpg?v=638776732214770000;https://www.jumbo.cl/jabon-liq-familand-avena-karite-500ml/p;cuidado_personal_bebe;;Jabones (Mostrar todo);;2.0;2026-03-02T22:46:27;jumbo;jumbo_cuidado_personal_y_bebe_20260302_230100.csv;C:\Users\fvergram\OneDrive - NTT DATA EMEAL\Desktop\webscrapping\Supermercados\Jumbo\output\cuidado_personal_bebe\jumbo_cuidado_personal_y_bebe_20260302_230100.csv;2026-03-02 23:01:00;;;jabon liquido familand avena karite 500 ml;familand;;;jabones mostrar todo;jabon liquido familand avena karite 500 ml familand   jabones mostrar todo;2450.0;2450.0;;2450.0;volume;500.0;avena 500 g;19.0
dom_5;Avena Instantanea, 500 g;;970;1940;;True;;;;;;https://i5.walmartimages.cl/asr/d66dc1da-6131-4936-a057-21c577c18f12.61d06b4001c91b3f723a830e88d015f2.jpeg?null=&odnHeight=580&odnWidth=580&odnBg=FFFFFF;https://super.lider.cl/ip/cereales/00780396000036;desayunos_y_dulces;Cereales > Avenas;;;1.0;2026-03-17T21:33:56;lider;lider_desayunos_y_dulces_20260317_214155.csv;C:\Users\fvergram\OneDrive - NTT DATA EMEAL\Desktop\webscrapping\Supermercados\Lider\output\desayunos_y_dulces\lider_desayunos_y_dulces_20260317_214155.csv;2026-03-17 21:41:55;;;avena instantanea 500 g;;;cereales avenas;;avena instantanea 500 g   cereales avenas;1940.0;970.0;;1940.0;mass;500.0;avena 500 g;21.0
dom_6;Avena Instantánea, 500 g;;1000;2000;;True;;;;;;https://i5.walmartimages.cl/asr/ec581f13-37c5-46ce-a00c-6b2af132f8d2.fbd6bed973f6974a61c94d0bc81fd736.jpeg?null=&odnHeight=580&odnWidth=580&odnBg=FFFFFF;https://super.lider.cl/ip/cereales/00780012017027;desayunos_y_dulces;Cereales > Avenas;;;1.0;2026-03-17T21:33:56;lider;lider_desayunos_y_dulces_20260317_214155.csv;C:\Users\fvergram\OneDrive - NTT DATA EMEAL\Desktop\webscrapping\Supermercados\Lider\output\desayunos_y_dulces\lider_desayunos_y_dulces_20260317_214155.csv;2026-03-17 21:41:55;;;avena instantanea 500 g;;;cereales avenas;;avena instantanea 500 g   cereales avenas;2000.0;1000.0;;2000.0;mass;500.0;avena 500 g;21.0
dom_24;Avena Instantánea, 500 g;;2000;4000;;True;;;;;;https://i5.walmartimages.cl/asr/5cc404d4-358b-4185-8a5d-6aa002f2aaf2.9d0cfd4ffd1aaecf97cde158d351fa25.jpeg?null=&odnHeight=580&odnWidth=580&odnBg=FFFFFF;https://super.lider.cl/ip/cereales/00780200001990;desayunos_y_dulces;Cereales > Avenas;;;1.0;2026-03-17T21:33:56;lider;lider_desayunos_y_dulces_20260317_214155.csv;C:\Users\fvergram\OneDrive - NTT DATA EMEAL\Desktop\webscrapping\Supermercados\Lider\output\desayunos_y_dulces\lider_desayunos_y_dulces_20260317_214155.csv;2026-03-17 21:41:55;;;avena instantanea 500 g;;;cereales avenas;;avena instantanea 500 g   cereales avenas;4000.0;2000.0;;4000.0;mass;500.0;avena 500 g;21.0
780494506177;Jabón Avena-Karité, 500 ml;;438;2190;;True;;;;;;https://i5.walmartimages.cl/asr/ec3d6f32-f71a-4654-8f27-8d9d823b5d1c.8537a0209a4843cf339f4f8abd642f2c.jpeg?null=&odnHeight=580&odnWidth=580&odnBg=FFFFFF;https://super.lider.cl/ip/jabones/00780494506177;higiene_cuidado_personal;Protectores solares > Jabón liquido;;;1.0;2026-03-17T22:46:01;lider;lider_higiene_cuidado_personal_20260317_225617.csv;C:\Users\fvergram\OneDrive - NTT DATA EMEAL\Desktop\webscrapping\Supermercados\Lider\output\higiene_cuidado_personal\lider_higiene_cuidado_personal_20260317_225617.csv;2026-03-17 22:56:17;;;jabon avena-karite 500 ml;;;protectores solares jabon liquido;;jabon avena-karite 500 ml   protectores solares jabon liquido;2190.0;438.0;;2190.0;volume;500.0;avena 500 g;19.0
dom_10;Azúcar Rubia Granulada Bolsa, 500 g;;980;1960;;True;;;;;;https://i5.walmartimages.cl/asr/c3387330-5d8f-4535-8d08-b524b837ef76.1c3786c000d6acd6ed7861b840f5e607.jpeg?null=&odnHeight=580&odnWidth=580&odnBg=FFFFFF;https://super.lider.cl/ip/dulces-mermeladas-y-manjar/00780462778012;desayunos_y_dulces;Dulces Mermeladas y Manjar > Azúcar;;;1.0;2026-03-17T21:37:09;lider;lider_desayunos_y_dulces_20260317_214155.csv;C:\Users\fvergram\OneDrive - NTT DATA EMEAL\Desktop\webscrapping\Supermercados\Lider\output\desayunos_y_dulces\lider_desayunos_y_dulces_20260317_214155.csv;2026-03-17 21:41:55;;;azucar rubia granulada bolsa 500 g;;;dulces mermeladas y manjar azucar;;azucar rubia granulada bolsa 500 g   dulces mermeladas y manjar azucar;1960.0;980.0;;1960.0;mass;500.0;avena 500 g;13.5
32787;Jabón líquido Familand avena karité dosificador 500 ml;Familand;2450;2450;;False;1 un;litro;;;;https://unimarc.vtexassets.com/arquivos/ids/173065/7804945061774.png?v=636625938571200000;https://www.unimarc.cl/jabon-c-valv-familand-500m-avena-karite/p;perfumerias;Cuidado personal;Jabón líquido;https://www.unimarc.cl/category/perfumeria/cuidado-personal/jabon-liquido;;2026-03-09T20:13:47;unimarc;unimarc_perfumeria_subcats_20260309_201737.csv;C:\Users\fvergram\OneDrive - NTT DATA EMEAL\Desktop\webscrapping\Supermercados\Unimarc\output\perfumerias\unimarc_perfumeria_subcats_20260309_201737.csv;2026-03-09 20:17:37;;;jabon liquido familand avena karite dosificador 500 ml;familand;;cuidado personal;jabon liquido;jabon liquido familand avena karite dosificador 500 ml familand  cuidado personal jabon liquido;2450.0;2450.0;;2450.0;volume;500.0;avena 500 g;19.0
80409;Jabón líquido Simond's crema avena coloidal 500 ml;Simonds;2790;2790;;False;1 un;litro;;;;https://unimarc.vtexassets.com/arquivos/ids/223308/000000000000653981-UN-01.jpg?v=637783019019000000;https://www.unimarc.cl/jabon-crema-avena-coloidal-simonds-500ml/p;perfumerias;Cuidado personal;Jabón líquido;https://www.unimarc.cl/category/perfumeria/cuidado-personal/jabon-liquido;;2026-03-09T20:13:47;unimarc;unimarc_perfumeria_subcats_20260309_201737.csv;C:\Users\fvergram\OneDrive - NTT DATA EMEAL\Desktop\webscrapping\Supermercados\Unimarc\output\perfumerias\unimarc_perfumeria_subcats_20260309_201737.csv;2026-03-09 20:17:37;;;jabon liquido simond s crema avena coloidal 500 ml;simonds;;cuidado personal;jabon liquido;jabon liquido simond s crema avena coloidal 500 ml simonds  cuidado personal jabon liquido;2790.0;2790.0;;2790.0;volume;500.0;avena 500 g;19.0
9720;Plátano granel 500 g;Frutas Y Verduras;745;745;;False;500 g;Kg;;;;https://unimarc.vtexassets.com/arquivos/ids/231118/000000000000038087-KG-01.jpg?v=638054313231530000;https://www.unimarc.cl/platano-kg/p;congelados;Frutas y verduras congeladas;Frutas;https://www.unimarc.cl/category/congelados/frutas-y-verduras-congeladas/frutas;;2026-03-09T19:19:05;unimarc;unimarc_congelados_subcats_20260309_192218.csv;C:\Users\fvergram\OneDrive - NTT DATA EMEAL\Desktop\webscrapping\Supermercados\Unimarc\output\congelados\unimarc_congelados_subcats_20260309_192218.csv;2026-03-09 19:22:18;;;platano granel 500 g;frutas y verduras;;frutas y verduras congeladas;frutas;platano granel 500 g frutas y verduras  frutas y verduras congeladas frutas;745.0;745.0;;745.0;mass;500.0;avena 500 g;13.5
52080;Plátano granel 500 g;Frutas Y Verduras;745;745;;False;500 g;Kg;;;;https://unimarc.vtexassets.com/arquivos/ids/251581/000000000000038088-KG-01.jpg?v=638942537599770000;https://www.unimarc.cl/platano-morado-kg/p;frutas_verdures;Frutas;Fruta;https://www.unimarc.cl/category/frutas-y-verduras/frutas/fruta;;2026-03-09T19:49:08;unimarc;unimarc_frutas-y-verduras_subcats_20260309_195014.csv;C:\Users\fvergram\OneDrive - NTT DATA EMEAL\Desktop\webscrapping\Supermercados\Unimarc\output\frutas_verdures\unimarc_frutas-y-verduras_subcats_20260309_195014.csv;2026-03-09 19:50:14;;;platano granel 500 g;frutas y verduras;;frutas;fruta;platano granel 500 g frutas y verduras  frutas fruta;745.0;745.0;;745.0;mass;500.0;avena 500 g;13.5
1092;Papas granel 500 g;Frutas Y Verduras;745;745;;False;500 g;Kg;;;;https://unimarc.vtexassets.com/arquivos/ids/231142/000000000000544317-KG-01.jpg?v=638054327555400000;https://www.unimarc.cl/papa-granel-kg/p;frutas_verdures;Verduras;Verduras;https://www.unimarc.cl/category/frutas-y-verduras/verduras/verduras;;2026-03-09T19:49:34;unimarc;unimarc_frutas-y-verduras_subcats_20260309_195014.csv;C:\Users\fvergram\OneDrive - NTT DATA EMEAL\Desktop\webscrapping\Supermercados\Unimarc\output\frutas_verdures\unimarc_frutas-y-verduras_subcats_20260309_195014.csv;2026-03-09 19:50:14;;;papas granel 500 g;frutas y verduras;;verduras;verduras;papas granel 500 g frutas y verduras  verduras verduras;745.0;745.0;;745.0;mass;500.0;avena 500 g;13.5
11250;Pechuga de Pollo Entera kg;Super Pollo;4851;5841;;True;;;;;;https://jumbocl.vteximg.com.br/arquivos/ids/576889-250-250/Pechuga-de-Pollo-Entera-kg.jpg?v=639069339594770000;https://www.jumbo.cl/pechuga-entera-super-pollo/p;carnes_pescados;;Filetes y Pechuga de Pollo;;2.0;2026-03-02T22:14:35;jumbo;jumbo_carnes_y_pescados_20260302_222112.csv;C:\Users\fvergram\OneDrive - NTT DATA EMEAL\Desktop\webscrapping\Supermercados\Jumbo\output\carnes_pescados\jumbo_carnes_y_pescados_20260302_222112.csv;2026-03-02 22:21:12;;;pechuga de pollo entera kg;super pollo;;;filetes y pechuga de pollo;pechuga de pollo entera kg super pollo   filetes y pechuga de pollo;5841.0;4851.0;;5841.0;;;pechuga de pollo 1 kg;25.5
134252;Filetitos de Pechuga Congelados 1.5 kg;Super Pollo;14990;14990;;False;;;;;;https://jumbocl.vteximg.com.br/arquivos/ids/322332-250-250/Filetitos-de-Pechuga-Congelados-15-kg.jpg?v=638776425929200000;https://www.jumbo.cl/filete-pollo-1-5-kg-envasado-cong-sp-1983117/p;carnes_pescados;;Filetes y Pechuga de Pollo;;2.0;2026-03-02T22:14:35;jumbo;jumbo_carnes_y_pescados_20260302_222112.csv;C:\Users\fvergram\OneDrive - NTT DATA EMEAL\Desktop\webscrapping\Supermercados\Jumbo\output\carnes_pescados\jumbo_carnes_y_pescados_20260302_222112.csv;2026-03-02 22:21:12;;;filetitos de pechuga congelados 1.5 kg;super pollo;;;filetes y pechuga de pollo;filetitos de pechuga congelados 1.5 kg super pollo   filetes y pechuga de pollo;14990.0;14990.0;;14990.0;mass;15000.0;pechuga de pollo 1 kg;25.5
134252;Filetitos de Pechuga Congelados 1.5 kg;Super Pollo;14990;14990;;False;;;;;;https://jumbocl.vteximg.com.br/arquivos/ids/322332-250-250/Filetitos-de-Pechuga-Congelados-15-kg.jpg?v=638776425929200000;https://www.jumbo.cl/filete-pollo-1-5-kg-envasado-cong-sp-1983117/p;carnes_pescados;;Pollo (Mostrar todo);;2.0;2026-03-02T22:15:23;jumbo;jumbo_carnes_y_pescados_20260302_222112.csv;C:\Users\fvergram\OneDrive - NTT DATA EMEAL\Desktop\webscrapping\Supermercados\Jumbo\output\carnes_pescados\jumbo_carnes_y_pescados_20260302_222112.csv;2026-03-02 22:21:12;;;filetitos de pechuga congelados 1.5 kg;super pollo;;;pollo mostrar todo;filetitos de pechuga congelados 1.5 kg super pollo   pollo mostrar todo;14990.0;14990.0;;14990.0;mass;15000.0;pechuga de pollo 1 kg;25.5
113230;Pechuga de Pollo Entera kg;Granel;5121;5121;;False;;;;;;https://jumbocl.vteximg.com.br/arquivos/ids/380477-250-250/Pechuga-de-pollo-entera-kg.jpg?v=638776823374730000;https://www.jumbo.cl/pechuga-de-pollo-entera-kg/p;carnes_pescados;;Trutros y Pechugas a Granel;;2.0;2026-03-02T22:14:15;jumbo;jumbo_carnes_y_pescados_20260302_222112.csv;C:\Users\fvergram\OneDrive - NTT DATA EMEAL\Desktop\webscrapping\Supermercados\Jumbo\output\carnes_pescados\jumbo_carnes_y_pescados_20260302_222112.csv;2026-03-02 22:21:12;;;pechuga de pollo entera kg;granel;;;trutros y pechugas a granel;pechuga de pollo entera kg granel   trutros y pechugas a granel;5121.0;5121.0;;5121.0;;;pechuga de pollo 1 kg;25.0
113230;Pechuga de Pollo Entera kg;Granel;5121;5121;;False;;;;;;https://jumbocl.vteximg.com.br/arquivos/ids/380477-250-250/Pechuga-de-pollo-entera-kg.jpg?v=638776823374730000;https://www.jumbo.cl/pechuga-de-pollo-entera-kg/p;carnes_pescados;;Filetes y Pechuga de Pollo;;2.0;2026-03-02T22:14:35;jumbo;jumbo_carnes_y_pescados_20260302_222112.csv;C:\Users\fvergram\OneDrive - NTT DATA EMEAL\Desktop\webscrapping\Supermercados\Jumbo\output\carnes_pescados\jumbo_carnes_y_pescados_20260302_222112.csv;2026-03-02 22:21:12;;;pechuga de pollo entera kg;granel;;;filetes y pechuga de pollo;pechuga de pollo entera kg granel   filetes y pechuga de pollo;5121.0;5121.0;;5121.0;;;pechuga de pollo 1 kg;25.0
dom_24;Pollo Pechuga Congelada, 1 kg;;800;5990;;True;;;;;;https://i5.walmartimages.cl/asr/bbb0b4d8-abf3-44c0-94e5-86f006ecf8ec.ace8ea60babf292269c03c3d030744fe.jpeg?odnHeight=580&odnWidth=580&odnBg=FFFFFF;https://super.lider.cl/ip/pollo/00789151555199;carnes_pescados;Pollo > Pechuga y Filetitos de Pollo;;;1.0;2026-03-17T20:54:21;lider;lider_carnes_y_pescados_20260317_210326.csv;C:\Users\fvergram\OneDrive - NTT DATA EMEAL\Desktop\webscrapping\Supermercados\Lider\output\carnes_pescados\lider_carnes_y_pescados_20260317_210326.csv;2026-03-17 21:03:26;;;pollo pechuga congelada 1 kg;;;pollo pechuga y filetitos de pollo;;pollo pechuga congelada 1 kg   pollo pechuga y filetitos de pollo;5990.0;800.0;;5990.0;mass;1000.0;pechuga de pollo 1 kg;29.0
dom_30;Pollo Trutro Corto Sin Marinar Envasado, 1 kg;;200;3990;;True;;;;;;https://i5.walmartimages.cl/asr/d91d359a-a3d0-4280-ab68-15ddb16b05bf.7af2342bae3aefc40008e49ca99a342b.jpeg?odnHeight=580&odnWidth=580&odnBg=FFFFFF;https://super.lider.cl/ip/pollo/00789151555261;carnes_pescados;Pollo > Pechuga y Filetitos de Pollo;;;1.0;2026-03-17T20:54:21;lider;lider_carnes_y_pescados_20260317_210326.csv;C:\Users\fvergram\OneDrive - NTT DATA EMEAL\Desktop\webscrapping\Supermercados\Lider\output\carnes_pescados\lider_carnes_y_pescados_20260317_210326.csv;2026-03-17 21:03:26;;;pollo trutro corto sin marinar envasado 1 kg;;;pollo pechuga y filetitos de pollo;;pollo trutro corto sin marinar envasado 1 kg   pollo pechuga y filetitos de pollo;3990.0;200.0;;3990.0;mass;1000.0;pechuga de pollo 1 kg;27.0
dom_22;Pollo Alitas Congeladas, 1 kg;;500;4190;;True;;;;;;https://i5.walmartimages.cl/asr/400f4a37-6f87-4819-945d-8f5a3bf7b5e9.19580178f082db6876dae7fb11ebf801.jpeg?odnHeight=580&odnWidth=580&odnBg=FFFFFF;https://super.lider.cl/ip/pollo/00789490428943;carnes_pescados;Pollo > Pechuga y Filetitos de Pollo;;;1.0;2026-03-17T20:54:21;lider;lider_carnes_y_pescados_20260317_210326.csv;C:\Users\fvergram\OneDrive - NTT DATA EMEAL\Desktop\webscrapping\Supermercados\Lider\output\carnes_pescados\lider_carnes_y_pescados_20260317_210326.csv;2026-03-17 21:03:26;;;pollo alitas congeladas 1 kg;;;pollo pechuga y filetitos de pollo;;pollo alitas congeladas 1 kg   pollo pechuga y filetitos de pollo;4190.0;500.0;;4190.0;mass;1000.0;pechuga de pollo 1 kg;27.0
dom_17;Pollo Filete Congelado, 1 kg;;1100;6390;;True;;;;;;https://i5.walmartimages.cl/asr/792e4119-c870-46ed-9115-ae81cb2dd2c5.7f21a083d63e7db10d942ab8c557f1e8.jpeg?odnHeight=580&odnWidth=580&odnBg=FFFFFF;https://super.lider.cl/ip/pollo/00789151555371;carnes_pescados;Pollo > Pechuga y Filetitos de Pollo;;;1.0;2026-03-17T20:54:21;lider;lider_carnes_y_pescados_20260317_210326.csv;C:\Users\fvergram\OneDrive - NTT DATA EMEAL\Desktop\webscrapping\Supermercados\Lider\output\carnes_pescados\lider_carnes_y_pescados_20260317_210326.csv;2026-03-17 21:03:26;;;pollo filete congelado 1 kg;;;pollo pechuga y filetitos de pollo;;pollo filete congelado 1 kg   pollo pechuga y filetitos de pollo;6390.0;1100.0;;6390.0;mass;1000.0;pechuga de pollo 1 kg;27.0
dom_24;Salchichas de Pollo Display (20 Un), 1 Kg;;4550;4550;;False;;;;;;https://i5.walmartimages.cl/asr/29df8129-443a-4e62-b34c-e66e73b1e9c7.dbacf75151258598ccf92873eb033f3c.jpeg?odnHeight=580&odnWidth=580&odnBg=FFFFFF;https://super.lider.cl/ip/todas-las-carnes/00780196540261;carnes_pescados;Para Parrilla > Parrilleros;;;1.0;2026-03-17T20:58:43;lider;lider_carnes_y_pescados_20260317_210326.csv;C:\Users\fvergram\OneDrive - NTT DATA EMEAL\Desktop\webscrapping\Supermercados\Lider\output\carnes_pescados\lider_carnes_y_pescados_20260317_210326.csv;2026-03-17 21:03:26;;;salchichas de pollo display 20 un 1 kg;;;para parrilla parrilleros;;salchichas de pollo display 20 un 1 kg   para parrilla parrilleros;4550.0;4550.0;;4550.0;mass;1000.0;pechuga de pollo 1 kg;24.75
360;Pechuga de pollo entera Super Pollo 0.950 Kg;Super Pollo;4741;5558;4741.0;True;950 g;Kg;;;Ahorras $817;https://unimarc.vtexassets.com/arquivos/ids/253832/000000000000051713-KG-01.jpg?v=639059019630570000;https://www.unimarc.cl/pechuga-de-pollo-entera-super-pollo-0-950-kg/p;carnes;Pollo;Pechugas y filetitos;https://www.unimarc.cl/category/carnes/pollo/pechugas-y-filetitos;;2026-03-09T19:13:59;unimarc;unimarc_carnes_subcats_20260309_191615.csv;C:\Users\fvergram\OneDrive - NTT DATA EMEAL\Desktop\webscrapping\Supermercados\Unimarc\output\carnes\unimarc_carnes_subcats_20260309_191615.csv;2026-03-09 19:16:15;;;pechuga de pollo entera super pollo 0.950 kg;super pollo;;pollo;pechugas y filetitos;pechuga de pollo entera super pollo 0.950 kg super pollo  pollo pechugas y filetitos;5558.0;4741.0;47410.0;5558.0;mass;950000.0;pechuga de pollo 1 kg;27.5
89316;Filetitos de pechuga de pollo Super Pollo congelado 1.5 Kg;Super Pollo;10000;14990;10000.0;True;1 un;Kg;;;Ahorras $4.990;https://unimarc.vtexassets.com/arquivos/ids/254108/000000000000671004-UN-01.jpg?v=639014069196300000;https://www.unimarc.cl/filete-pechuga-cong-super-pollo-1-5-kg/p;carnes;Pollo;Pechugas y filetitos;https://www.unimarc.cl/category/carnes/pollo/pechugas-y-filetitos;;2026-03-09T19:13:59;unimarc;unimarc_carnes_subcats_20260309_191615.csv;C:\Users\fvergram\OneDrive - NTT DATA EMEAL\Desktop\webscrapping\Supermercados\Unimarc\output\carnes\unimarc_carnes_subcats_20260309_191615.csv;2026-03-09 19:16:15;;;filetitos de pechuga de pollo super pollo congelado 1.5 kg;super pollo;;pollo;pechugas y filetitos;filetitos de pechuga de pollo super pollo congelado 1.5 kg super pollo  pollo pechugas y filetitos;14990.0;10000.0;100000.0;14990.0;mass;15000.0;pechuga de pollo 1 kg;27.5
362;Pechuga de pollo entera Ariztía (0.6 a 0.9 Kg);Ariztia;5121;5661;5121.0;True;900 g;Kg;;;Ahorras $540;https://unimarc.vtexassets.com/arquivos/ids/253762/000000000000051727-KG-01.png?v=639004708254670000;https://www.unimarc.cl/pechuga-pollo-entera-ariztia-1u-0-7-a-1kg/p;carnes;Pollo;Pechugas y filetitos;https://www.unimarc.cl/category/carnes/pollo/pechugas-y-filetitos;;2026-03-09T19:13:59;unimarc;unimarc_carnes_subcats_20260309_191615.csv;C:\Users\fvergram\OneDrive - NTT DATA EMEAL\Desktop\webscrapping\Supermercados\Unimarc\output\carnes\unimarc_carnes_subcats_20260309_191615.csv;2026-03-09 19:16:15;;;pechuga de pollo entera ariztia 0.6 a 0.9 kg;ariztia;;pollo;pechugas y filetitos;pechuga de pollo entera ariztia 0.6 a 0.9 kg ariztia  pollo pechugas y filetitos;5661.0;5121.0;51210.0;5661.0;mass;9000.0;pechuga de pollo 1 kg;27.0
69924;Pechuga de pollo Fundo Río Alegre congelada bolsa 2 Kg;Fundo Rio Alegre;7790;7790;;False;1 un;Kg;;;;https://unimarc.vtexassets.com/arquivos/ids/256228/FRA_PECHUGA-POLLO-C_HUE-2KG_-646207.jpg?v=639074722098570000;https://www.unimarc.cl/pechuga-d-pollo-iqf-fundo-rio-alegre-2kg/p;carnes;Pollo;Pechugas y filetitos;https://www.unimarc.cl/category/carnes/pollo/pechugas-y-filetitos;;2026-03-09T19:13:59;unimarc;unimarc_carnes_subcats_20260309_191615.csv;C:\Users\fvergram\OneDrive - NTT DATA EMEAL\Desktop\webscrapping\Supermercados\Unimarc\output\carnes\unimarc_carnes_subcats_20260309_191615.csv;2026-03-09 19:16:15;;;pechuga de pollo fundo rio alegre congelada bolsa 2 kg;fundo rio alegre;;pollo;pechugas y filetitos;pechuga de pollo fundo rio alegre congelada bolsa 2 kg fundo rio alegre  pollo pechugas y filetitos;7790.0;7790.0;;7790.0;mass;2000.0;pechuga de pollo 1 kg;27.0
42279;Trutro entero de pollo Super Pollo al vacío 1 Kg;Super Pollo;3990;3990;;False;1 kg;Kg;;;;https://unimarc.vtexassets.com/arquivos/ids/253839/000000000000634515-KG-01.jpg?v=639059041079870000;https://www.unimarc.cl/trutro-vacio-super-pollo-kg/p;carnes;Pollo;Trutro;https://www.unimarc.cl/category/carnes/pollo/trutro;;2026-03-09T19:14:09;unimarc;unimarc_carnes_subcats_20260309_191615.csv;C:\Users\fvergram\OneDrive - NTT DATA EMEAL\Desktop\webscrapping\Supermercados\Unimarc\output\carnes\unimarc_carnes_subcats_20260309_191615.csv;2026-03-09 19:16:15;;;trutro entero de pollo super pollo al vacio 1 kg;super pollo;;pollo;trutro;trutro entero de pollo super pollo al vacio 1 kg super pollo  pollo trutro;3990.0;3990.0;;3990.0;mass;1000.0;pechuga de pollo 1 kg;25.25
2186;Sopa Individual Gourmet Tomate Albahaca 14 g;Gourmet;500;500;;False;;;;;;https://jumbocl.vteximg.com.br/arquivos/ids/299269-250-250/Sopa-Individual-Gourmet-Sobre-14-g-Tomate-Albahaca-Sopa-para-uno.jpg?v=638775762683030000;https://www.jumbo.cl/sopa-individual-gourmet-sobre-14-g-tomate-albahaca-sopa-para-uno-2/p;despensa;;Cremas y Sopas;;1.0;2026-03-02T23:11:16;jumbo;jumbo_despensa_20260302_232131.csv;C:\Users\fvergram\OneDrive - NTT DATA EMEAL\Desktop\webscrapping\Supermercados\Jumbo\output\despensa\jumbo_despensa_20260302_232131.csv;2026-03-02 23:21:31;;;sopa individual gourmet tomate albahaca 14 g;gourmet;;;cremas y sopas;sopa individual gourmet tomate albahaca 14 g gourmet   cremas y sopas;500.0;500.0;;500.0;mass;14.0;tomate;10.0
83586;Salsa de Tomate Cuisine & Co Natural 200 g;Cuisine & Co;690;690;;False;;;;;;https://jumbocl.vteximg.com.br/arquivos/ids/365442-250-250/Salsa-de-tomate-natural-200-g.jpg?v=638776759102170000;https://www.jumbo.cl/salsa-de-tomate-natural-200-g-cuisine-and-co-1801326/p;despensa;;Fideos, Pastas y Salsas (Mostrar todo);;1.0;2026-03-02T23:06:12;jumbo;jumbo_despensa_20260302_232131.csv;C:\Users\fvergram\OneDrive - NTT DATA EMEAL\Desktop\webscrapping\Supermercados\Jumbo\output\despensa\jumbo_despensa_20260302_232131.csv;2026-03-02 23:21:31;;;salsa de tomate cuisine co natural 200 g;cuisine co;;;fideos pastas y salsas mostrar todo;salsa de tomate cuisine co natural 200 g cuisine co   fideos pastas y salsas mostrar todo;690.0;690.0;;690.0;mass;200.0;tomate;10.0
3349;Salsa de Tomate Pomarola Natural 200 g;Pomarola;870;870;;False;;;;;;https://jumbocl.vteximg.com.br/arquivos/ids/346660-250-250/Salsa-de-Tomate-Pomarola-natural-doypack-200-g.jpg?v=638776462059800000;https://www.jumbo.cl/salsa-de-tomate-carozzi-doypack-200-g-pomarola-natural/p;despensa;;Fideos, Pastas y Salsas (Mostrar todo);;2.0;2026-03-02T23:06:13;jumbo;jumbo_despensa_20260302_232131.csv;C:\Users\fvergram\OneDrive - NTT DATA EMEAL\Desktop\webscrapping\Supermercados\Jumbo\output\despensa\jumbo_despensa_20260302_232131.csv;2026-03-02 23:21:31;;;salsa de tomate pomarola natural 200 g;pomarola;;;fideos pastas y salsas mostrar todo;salsa de tomate pomarola natural 200 g pomarola   fideos pastas y salsas mostrar todo;870.0;870.0;;870.0;mass;200.0;tomate;10.0
146729;Salsa de Tomate Heinz Natural 200 g;Heinz;770;910;;True;;;;;;https://jumbocl.vteximg.com.br/arquivos/ids/404372-250-250/Salsa-de-Tomate-Heinz-Natural-200-g.jpg?v=638776918638530000;https://www.jumbo.cl/pasta-sauce-natural-heinz-200g-2021826/p;despensa;;Fideos, Pastas y Salsas (Mostrar todo);;2.0;2026-03-02T23:06:13;jumbo;jumbo_despensa_20260302_232131.csv;C:\Users\fvergram\OneDrive - NTT DATA EMEAL\Desktop\webscrapping\Supermercados\Jumbo\output\despensa\jumbo_despensa_20260302_232131.csv;2026-03-02 23:21:31;;;salsa de tomate heinz natural 200 g;heinz;;;fideos pastas y salsas mostrar todo;salsa de tomate heinz natural 200 g heinz   fideos pastas y salsas mostrar todo;910.0;770.0;;910.0;mass;200.0;tomate;10.0
137848;Suflé Kuna Foods Bombas Tomate Albahaca 20 g;Kuna Foods;990;990;;False;;;;;;https://jumbocl.vteximg.com.br/arquivos/ids/586059-250-250/Sufle-Kuna-Foods-Bombas-Tomate-Albahaca-20-g.jpg?v=639078061069370000;https://www.jumbo.cl/souffle-maiz-tomate-albahaca-kuna-20-g-2000128/p;cuidado_personal_bebe;;Colados, Picados y Otros;;1.0;2026-03-02T22:46:50;jumbo;jumbo_cuidado_personal_y_bebe_20260302_230100.csv;C:\Users\fvergram\OneDrive - NTT DATA EMEAL\Desktop\webscrapping\Supermercados\Jumbo\output\cuidado_personal_bebe\jumbo_cuidado_personal_y_bebe_20260302_230100.csv;2026-03-02 23:01:00;;;sufle kuna foods bombas tomate albahaca 20 g;kuna foods;;;colados picados y otros;sufle kuna foods bombas tomate albahaca 20 g kuna foods   colados picados y otros;990.0;990.0;;990.0;mass;20.0;tomate;10.0
dom_10;Crema de Tomate (5 Porciones) Sobre, 45 g;;147;1000;;True;;;;;;https://i5.walmartimages.cl/asr/b5672533-6111-4eb5-8356-b591d03b3909.718243619066052ffdf167c937d12cb8.jpeg?null=&odnHeight=580&odnWidth=580&odnBg=FFFFFF;https://super.lider.cl/ip/alimentos-instantaneos/00844529084685;despensa;Alimentos Instantáneos > Sopas y Cremas;;;1.0;2026-03-17T21:54:53;lider;lider_despensa_20260317_215808.csv;C:\Users\fvergram\OneDrive - NTT DATA EMEAL\Desktop\webscrapping\Supermercados\Lider\output\despensa\lider_despensa_20260317_215808.csv;2026-03-17 21:58:08;;;crema de tomate 5 porciones sobre 45 g;;;alimentos instantaneos sopas y cremas;;crema de tomate 5 porciones sobre 45 g   alimentos instantaneos sopas y cremas;1000.0;147.0;;1000.0;mass;45.0;tomate;10.0
dom_1;Tomate Larga Vida Malla, 1 Kg;;1950;1950;;False;;;;;;https://i5.walmartimages.cl/asr/46b9d5fa-18a7-4811-b6fc-a06020023142.ff218f6c075f9a5d76b51ec79a7979ea.jpeg?odnHeight=580&odnWidth=580&odnBg=FFFFFF;https://super.lider.cl/ip/verduras/00780465037000;frutas_y_verduras;Verduras > Tomates;;;1.0;2026-03-17T22:25:40;lider;lider_frutas_y_verduras_20260317_223211.csv;C:\Users\fvergram\OneDrive - NTT DATA EMEAL\Desktop\webscrapping\Supermercados\Lider\output\frutas_y_verduras\lider_frutas_y_verduras_20260317_223211.csv;2026-03-17 22:32:11;;;tomate larga vida malla 1 kg;;;verduras tomates;;tomate larga vida malla 1 kg   verduras tomates;1950.0;1950.0;;1950.0;mass;1000.0;tomate;10.0
dom_2;Tomate Larga Vida Granel;;1950;1950;;False;;;;;;https://i5.walmartimages.cl/asr/e5b0af54-6078-4fe7-830e-542ef6799acf.b5b7dc6bd0e9a4213687f6e9fe4d324a.jpeg?odnHeight=580&odnWidth=580&odnBg=FFFFFF;https://super.lider.cl/ip/verduras/00200001000000;frutas_y_verduras;Verduras > Tomates;;;1.0;2026-03-17T22:25:40;lider;lider_frutas_y_verduras_20260317_223211.csv;C:\Users\fvergram\OneDrive - NTT DATA EMEAL\Desktop\webscrapping\Supermercados\Lider\output\frutas_y_verduras\lider_frutas_y_verduras_20260317_223211.csv;2026-03-17 22:32:11;;;tomate larga vida granel;;;verduras tomates;;tomate larga vida granel   verduras tomates;1950.0;1950.0;;1950.0;;;tomate;10.0
dom_34;Pulpa de Tomate Caja, 510 g;;1250;2450;;True;;;;;;https://i5.walmartimages.cl/asr/38289bef-0dea-48c7-ab58-510a74633fdf.3aeb0916882c9d8e62832683963b6eb4.jpeg?null=&odnHeight=580&odnWidth=580&odnBg=FFFFFF;https://super.lider.cl/ip/pastas-y-salsas/00773097682282;despensa;Pastas y Salsas > Salsa para pastas;;;1.0;2026-03-17T21:45:05;lider;lider_despensa_20260317_215808.csv;C:\Users\fvergram\OneDrive - NTT DATA EMEAL\Desktop\webscrapping\Supermercados\Lider\output\despensa\lider_despensa_20260317_215808.csv;2026-03-17 21:58:08;;;pulpa de tomate caja 510 g;;;pastas y salsas salsa para pastas;;pulpa de tomate caja 510 g   pastas y salsas salsa para pastas;2450.0;1250.0;;2450.0;mass;510.0;tomate;10.0
dom_31;Puré de Tomate - Concentrado de Tomate Caja, 530 g;;1550;2925;;True;;;;;;https://i5.walmartimages.cl/asr/907f7083-9581-4ea2-bada-b901bfb736d6.b75b9b97971a044bfd26aa73fd8b2533.jpeg?null=&odnHeight=580&odnWidth=580&odnBg=FFFFFF;https://super.lider.cl/ip/pastas-y-salsas/00779003656744;despensa;Pastas y Salsas > Salsa para pastas;;;1.0;2026-03-17T21:45:05;lider;lider_despensa_20260317_215808.csv;C:\Users\fvergram\OneDrive - NTT DATA EMEAL\Desktop\webscrapping\Supermercados\Lider\output\despensa\lider_despensa_20260317_215808.csv;2026-03-17 21:58:08;;;pure de tomate - concentrado de tomate caja 530 g;;;pastas y salsas salsa para pastas;;pure de tomate - concentrado de tomate caja 530 g   pastas y salsas salsa para pastas;2925.0;1550.0;;2925.0;mass;530.0;tomate;10.0
86430;Salsa de tomate italiana merkat doypack 200g;Merkat;380;380;;False;1 un;Kg;;;;https://unimarc.vtexassets.com/arquivos/ids/236874/000000000000665055-UN-01.jpg?v=638387814332500000;https://www.unimarc.cl/salsa-tomate-italiana-merkat-dp-200-gr/p;despensa;Fideos, pastas y salsas;Salsa para pastas;https://www.unimarc.cl/category/despensa/fideos-pastas-y-salsas/salsa-para-pastas;;2026-03-09T19:34:21;unimarc;unimarc_despensa_subcats_20260309_194612.csv;C:\Users\fvergram\OneDrive - NTT DATA EMEAL\Desktop\webscrapping\Supermercados\Unimarc\output\despensa\unimarc_despensa_subcats_20260309_194612.csv;2026-03-09 19:46:12;;;salsa de tomate italiana merkat doypack 200g;merkat;;fideos pastas y salsas;salsa para pastas;salsa de tomate italiana merkat doypack 200g merkat  fideos pastas y salsas salsa para pastas;380.0;380.0;;380.0;mass;200.0;tomate;10.0
84793;Crema de tomate Maggi sobre 45 g;Maggi;690;690;;False;1 un;Kg;;;;https://unimarc.vtexassets.com/arquivos/ids/234879/000000000000665526-UN-01.jpg?v=638259835954000000;https://www.unimarc.cl/crema-de-tomates-maggi-45-gr/p;despensa;Comida instantánea y preparada;Sopas, cremas y bases;https://www.unimarc.cl/category/despensa/comida-instantanea-y-preparada/sopas-cremas-y-bases;;2026-03-09T19:44:09;unimarc;unimarc_despensa_subcats_20260309_194612.csv;C:\Users\fvergram\OneDrive - NTT DATA EMEAL\Desktop\webscrapping\Supermercados\Unimarc\output\despensa\unimarc_despensa_subcats_20260309_194612.csv;2026-03-09 19:46:12;;;crema de tomate maggi sobre 45 g;maggi;;comida instantanea y preparada;sopas cremas y bases;crema de tomate maggi sobre 45 g maggi  comida instantanea y preparada sopas cremas y bases;690.0;690.0;;690.0;mass;45.0;tomate;10.0
81287;Salsa de tomate Nuestra Cocina con carne 200 g;Nuestra Cocina;720;720;;False;1 un;Kg;;;;https://unimarc.vtexassets.com/arquivos/ids/225211/000000000650963001-UN-01.jpg?v=637843379931730000;https://www.unimarc.cl/salsa-d-tom-nuestra-cocina-200g-c-carne/p;despensa;Fideos, pastas y salsas;Salsa para pastas;https://www.unimarc.cl/category/despensa/fideos-pastas-y-salsas/salsa-para-pastas;;2026-03-09T19:34:21;unimarc;unimarc_despensa_subcats_20260309_194612.csv;C:\Users\fvergram\OneDrive - NTT DATA EMEAL\Desktop\webscrapping\Supermercados\Unimarc\output\despensa\unimarc_despensa_subcats_20260309_194612.csv;2026-03-09 19:46:12;;;salsa de tomate nuestra cocina con carne 200 g;nuestra cocina;;fideos pastas y salsas;salsa para pastas;salsa de tomate nuestra cocina con carne 200 g nuestra cocina  fideos pastas y salsas salsa para pastas;720.0;720.0;;720.0;mass;200.0;tomate;10.0
81288;Salsa de tomate Nuestra Cocina italiana 200 g;Nuestra Cocina;720;720;;False;1 un;Kg;;;;https://unimarc.vtexassets.com/arquivos/ids/225212/000000000650963002-UN-01.jpg?v=637843382399630000;https://www.unimarc.cl/salsa-d-tom-nuestra-cocina-200-italiana/p;despensa;Fideos, pastas y salsas;Salsa para pastas;https://www.unimarc.cl/category/despensa/fideos-pastas-y-salsas/salsa-para-pastas;;2026-03-09T19:34:21;unimarc;unimarc_despensa_subcats_20260309_194612.csv;C:\Users\fvergram\OneDrive - NTT DATA EMEAL\Desktop\webscrapping\Supermercados\Unimarc\output\despensa\unimarc_despensa_subcats_20260309_194612.csv;2026-03-09 19:46:12;;;salsa de tomate nuestra cocina italiana 200 g;nuestra cocina;;fideos pastas y salsas;salsa para pastas;salsa de tomate nuestra cocina italiana 200 g nuestra cocina  fideos pastas y salsas salsa para pastas;720.0;720.0;;720.0;mass;200.0;tomate;10.0
81289;Salsa de tomate Nuestra Cocina natural 200 g;Nuestra Cocina;720;720;;False;1 un;Kg;;;;https://unimarc.vtexassets.com/arquivos/ids/225213/000000000650963003-UN-01.jpg?v=637843388119070000;https://www.unimarc.cl/salsa-d-tom-nuestra-cocina-200g-natural/p;despensa;Fideos, pastas y salsas;Salsa para pastas;https://www.unimarc.cl/category/despensa/fideos-pastas-y-salsas/salsa-para-pastas;;2026-03-09T19:34:21;unimarc;unimarc_despensa_subcats_20260309_194612.csv;C:\Users\fvergram\OneDrive - NTT DATA EMEAL\Desktop\webscrapping\Supermercados\Unimarc\output\despensa\unimarc_despensa_subcats_20260309_194612.csv;2026-03-09 19:46:12;;;salsa de tomate nuestra cocina natural 200 g;nuestra cocina;;fideos pastas y salsas;salsa para pastas;salsa de tomate nuestra cocina natural 200 g nuestra cocina  fideos pastas y salsas salsa para pastas;720.0;720.0;;720.0;mass;200.0;tomate;10.0
137790;Jugo en Polvo Zuko Naranja Plátano 15 g;Zuko;280;280;;False;;;;;;https://jumbocl.vteximg.com.br/arquivos/ids/528269-250-250/Jugo-Polvo-Zuko-Naranja-Platano-15-g.jpg?v=638967405432270000;https://www.jumbo.cl/jugo-polvo-zuko-naranja-platano-cn-15g-1996509/p;licores_bebidas_aguas;;Jugos en Polvo;;2.0;2026-03-03T15:16:39;jumbo;jumbo_licores_bebidas_y_aguas_20260303_152447.csv;C:\Users\fvergram\OneDrive - NTT DATA EMEAL\Desktop\webscrapping\Supermercados\Jumbo\output\licores_bebidas_aguas\jumbo_licores_bebidas_y_aguas_20260303_152447.csv;2026-03-03 15:24:47;;;jugo en polvo zuko naranja platano 15 g;zuko;;;jugos en polvo;jugo en polvo zuko naranja platano 15 g zuko   jugos en polvo;280.0;280.0;;280.0;mass;15.0;plátano;10.0
6978;Yogurt Batido Colun Plátano 125 g;Colun;330;330;;False;;;;;;https://jumbocl.vteximg.com.br/arquivos/ids/348710-250-250/Yoghurt-Batido-Colun-Platano-125-g.jpg?v=638776487834600000;https://www.jumbo.cl/yoghurt-batido-colun-platano-125-g/p;lacteos_huevos_congelados;;Yoghurt Batido;;1.0;2026-03-03T12:43:56;jumbo;jumbo_lacteos_huevos_y_congelados_20260303_131000.csv;C:\Users\fvergram\OneDrive - NTT DATA EMEAL\Desktop\webscrapping\Supermercados\Jumbo\output\lacteos_huevos_congelados\jumbo_lacteos_huevos_y_congelados_20260303_131000.csv;2026-03-03 13:10:00;;;yogurt batido colun platano 125 g;colun;;;yoghurt batido;yogurt batido colun platano 125 g colun   yoghurt batido;330.0;330.0;;330.0;mass;125.0;plátano;10.0
7094;Yogurt Batido Soprole Plátano 120 g;Soprole;330;330;;False;;;;;;https://jumbocl.vteximg.com.br/arquivos/ids/348745-250-250/Yoghurt-batido-sabor-platano-120-g.jpg?v=638776488299600000;https://www.jumbo.cl/yoghurt-batido-soprole-platano-120-g-2/p;lacteos_huevos_congelados;;Yoghurt Batido;;2.0;2026-03-03T12:43:57;jumbo;jumbo_lacteos_huevos_y_congelados_20260303_131000.csv;C:\Users\fvergram\OneDrive - NTT DATA EMEAL\Desktop\webscrapping\Supermercados\Jumbo\output\lacteos_huevos_congelados\jumbo_lacteos_huevos_y_congelados_20260303_131000.csv;2026-03-03 13:10:00;;;yogurt batido soprole platano 120 g;soprole;;;yoghurt batido;yogurt batido soprole platano 120 g soprole   yoghurt batido;330.0;330.0;;330.0;mass;120.0;plátano;10.0
84342;Yogurt Colun Protein Plus Frutilla-Plátano 150 g;Colun;770;770;;False;;;;;;https://jumbocl.vteximg.com.br/arquivos/ids/365574-250-250/Yoghurt-protein-plus-squeeze-frutilla-platano-150-g.jpg?v=638776759572830000;https://www.jumbo.cl/yog-protein-plus-squeeze-frut-plat/p;lacteos_huevos_congelados;;Yoghurt (Mostrar todo);;2.0;2026-03-03T12:45:29;jumbo;jumbo_lacteos_huevos_y_congelados_20260303_131000.csv;C:\Users\fvergram\OneDrive - NTT DATA EMEAL\Desktop\webscrapping\Supermercados\Jumbo\output\lacteos_huevos_congelados\jumbo_lacteos_huevos_y_congelados_20260303_131000.csv;2026-03-03 13:10:00;;;yogurt colun protein plus frutilla-platano 150 g;colun;;;yoghurt mostrar todo;yogurt colun protein plus frutilla-platano 150 g colun   yoghurt mostrar todo;770.0;770.0;;770.0;mass;150.0;plátano;10.0
84342;Yogurt Colun Protein Plus Frutilla-Plátano 150 g;Colun;770;770;;False;;;;;;https://jumbocl.vteximg.com.br/arquivos/ids/365574-250-250/Yoghurt-protein-plus-squeeze-frutilla-platano-150-g.jpg?v=638776759572830000;https://www.jumbo.cl/yog-protein-plus-squeeze-frut-plat/p;lacteos_huevos_congelados;;Yoghurt con Proteínas;;1.0;2026-03-03T12:44:16;jumbo;jumbo_lacteos_huevos_y_congelados_20260303_131000.csv;C:\Users\fvergram\OneDrive - NTT DATA EMEAL\Desktop\webscrapping\Supermercados\Jumbo\output\lacteos_huevos_congelados\jumbo_lacteos_huevos_y_congelados_20260303_131000.csv;2026-03-03 13:10:00;;;yogurt colun protein plus frutilla-platano 150 g;colun;;;yoghurt con proteinas;yogurt colun protein plus frutilla-platano 150 g colun   yoghurt con proteinas;770.0;770.0;;770.0;mass;150.0;plátano;10.0
750647511028;Compota Orgánica Plátano Mango, 100 g;;1450;1450;;False;;;;;;https://i5.walmartimages.cl/asr/3a387d4f-a175-4ace-9875-9e88dc2fdcfa.41a72391ba9a0a6a91ab7a9b516d6969.jpeg?null=&odnHeight=580&odnWidth=580&odnBg=FFFFFF;https://super.lider.cl/ip/alimentacion-y-lactancia/00750647511028;mundo_bebe_jugueteria;Pañales y Toallas Húmedas > Colados Picados y Aceites;;;2.0;2026-03-17T20:10:58;lider;lider_mundo_bebe_jugueteria_20260317_203727.csv;C:\Users\fvergram\OneDrive - NTT DATA EMEAL\Desktop\webscrapping\Supermercados\Lider\output\mundo_bebe_jugueteria\lider_mundo_bebe_jugueteria_20260317_203727.csv;2026-03-17 20:37:27;;;compota organica platano mango 100 g;;;panales y toallas humedas colados picados y aceites;;compota organica platano mango 100 g   panales y toallas humedas colados picados y aceites;1450.0;1450.0;;1450.0;mass;100.0;plátano;10.0
dom_5;Plátano Granel;;1490;1490;;False;;;;;;https://i5.walmartimages.cl/asr/c1a030d6-88b6-44fb-9fe1-f5374fcdf51e.0431f1fccec368ba6a244b84b17e5b01.jpeg?odnHeight=580&odnWidth=580&odnBg=FFFFFF;https://super.lider.cl/ip/frutas/00200014000000;frutas_y_verduras;Frutas > Plátanos y Tropicales;;;1.0;2026-03-17T22:22:15;lider;lider_frutas_y_verduras_20260317_223211.csv;C:\Users\fvergram\OneDrive - NTT DATA EMEAL\Desktop\webscrapping\Supermercados\Lider\output\frutas_y_verduras\lider_frutas_y_verduras_20260317_223211.csv;2026-03-17 22:32:11;;;platano granel;;;frutas platanos y tropicales;;platano granel   frutas platanos y tropicales;1490.0;1490.0;;1490.0;;;plátano;10.0
dom_27;Leche Semidescremada Plátano, 1 L;;1850;1850;;False;;;;;;https://i5.walmartimages.cl/asr/15c805fa-7c51-414e-9bca-8a3e757fe3dd.8a3087dc5c8c2d70a6b230e2dc3c5e06.jpeg?odnHeight=580&odnWidth=580&odnBg=FFFFFF;https://super.lider.cl/ip/leche/00780291000025;frescos_y_lacteos;Leche > Saborizadas;;;1.0;2026-03-17T22:07:10;lider;lider_frescos_y_lacteos_20260317_222114.csv;C:\Users\fvergram\OneDrive - NTT DATA EMEAL\Desktop\webscrapping\Supermercados\Lider\output\frescos_y_lacteos\lider_frescos_y_lacteos_20260317_222114.csv;2026-03-17 22:21:14;;;leche semidescremada platano 1 l;;;leche saborizadas;;leche semidescremada platano 1 l   leche saborizadas;1850.0;1850.0;;1850.0;volume;1000.0;plátano;10.0
780292024254;Yoghurt Batido Sabor Plátano Bolsa, 1 Kg;;260;1950;;True;;;;;;https://i5.walmartimages.cl/asr/6303d0d5-4d39-47cc-9921-08ec7929b44c.34ec83e5c369775f123f944e6927d285.jpeg?null=&odnHeight=580&odnWidth=580&odnBg=FFFFFF;https://super.lider.cl/ip/yoghurt/00780292024254;colaciones;Fruta Colación > Formato Familiar;;;1.0;2026-03-17T21:19:38;lider;lider_colaciones_20260317_212114.csv;C:\Users\fvergram\OneDrive - NTT DATA EMEAL\Desktop\webscrapping\Supermercados\Lider\output\colaciones\lider_colaciones_20260317_212114.csv;2026-03-17 21:21:14;;;yoghurt batido sabor platano bolsa 1 kg;;;fruta colacion formato familiar;;yoghurt batido sabor platano bolsa 1 kg   fruta colacion formato familiar;1950.0;260.0;;1950.0;mass;1000.0;plátano;10.0
dom_14;Yoghurt Batido Sabor Plátano Bolsa, 1 Kg;;260;1950;;True;;;;;;https://i5.walmartimages.cl/asr/6303d0d5-4d39-47cc-9921-08ec7929b44c.34ec83e5c369775f123f944e6927d285.jpeg?null=&odnHeight=580&odnWidth=580&odnBg=FFFFFF;https://super.lider.cl/ip/yoghurt/00780292024254;frescos_y_lacteos;Yoghurt > Formato Familiar;;;1.0;2026-03-17T22:13:56;lider;lider_frescos_y_lacteos_20260317_222114.csv;C:\Users\fvergram\OneDrive - NTT DATA EMEAL\Desktop\webscrapping\Supermercados\Lider\output\frescos_y_lacteos\lider_frescos_y_lacteos_20260317_222114.csv;2026-03-17 22:21:14;;;yoghurt batido sabor platano bolsa 1 kg;;;yoghurt formato familiar;;yoghurt batido sabor platano bolsa 1 kg   yoghurt formato familiar;1950.0;260.0;;1950.0;mass;1000.0;plátano;10.0
6872;Jugo en polvo Zuko naranja plátano rinde 1 L;Zuko;280;280;;False;1 un;litro;;;;https://unimarc.vtexassets.com/arquivos/ids/253334/000000000000900825-UN-01.jpg?v=638992610867800000;https://www.unimarc.cl/jugo-polvo-naranja-platano-zuko-35gr/p;bebidas_licores;Jugos;Jugos en polvo;https://www.unimarc.cl/category/bebidas-y-licores/jugos/jugos-en-polvo;;2026-03-09T19:08:51;unimarc;unimarc_bebidas-y-licores_subcats_20260309_191231.csv;C:\Users\fvergram\OneDrive - NTT DATA EMEAL\Desktop\webscrapping\Supermercados\Unimarc\output\bebidas_licores\unimarc_bebidas-y-licores_subcats_20260309_191231.csv;2026-03-09 19:12:31;;;jugo en polvo zuko naranja platano rinde 1 l;zuko;;jugos;jugos en polvo;jugo en polvo zuko naranja platano rinde 1 l zuko  jugos jugos en polvo;280.0;280.0;;280.0;volume;1000.0;plátano;10.0
11616;Yoghurt batido Yoghito plátano 120 g Yoghurt batido Soprole Yoghito sabor plátano pote 120 g;Soprole;310;310;;False;1 un;Kg;;;;https://unimarc.vtexassets.com/arquivos/ids/222680/000000000400453004-UN-01.jpg?v=637762391173400000;https://www.unimarc.cl/yoghurt-batido-soprole-120-gr-platano/p;lacteos;Yoghurt;Batido;https://www.unimarc.cl/category/lacteos-huevos-y-refrigerados/yoghurt/batido;;2026-03-09T19:57:35;unimarc;unimarc_lacteos-huevos-y-refrigerados_subcats_20260309_200011.csv;C:\Users\fvergram\OneDrive - NTT DATA EMEAL\Desktop\webscrapping\Supermercados\Unimarc\output\lacteos\unimarc_lacteos-huevos-y-refrigerados_subcats_20260309_200011.csv;2026-03-09 20:00:11;;;yoghurt batido yoghito platano 120 g yoghurt batido soprole yoghito sabor platano pote 120 g;soprole;;yoghurt;batido;yoghurt batido yoghito platano 120 g yoghurt batido soprole yoghito sabor platano pote 120 g soprole  yoghurt batido;310.0;310.0;;310.0;mass;120.0;plátano;10.0
91910;Compota Nuestra Cocina manzana plátano 90 g;Nuestra Cocina;460;460;;False;1 un;Kg;;;;https://unimarc.vtexassets.com/arquivos/ids/250246/000000000000681710-UN-01.jpg?v=638890496124300000;https://www.unimarc.cl/compota-manz-platano-nuestra-cocina-90gr/p;lacteos;Postres;Compotas;https://www.unimarc.cl/category/lacteos-huevos-y-refrigerados/postres/compotas;;2026-03-09T19:59:12;unimarc;unimarc_lacteos-huevos-y-refrigerados_subcats_20260309_200011.csv;C:\Users\fvergram\OneDrive - NTT DATA EMEAL\Desktop\webscrapping\Supermercados\Unimarc\output\lacteos\unimarc_lacteos-huevos-y-refrigerados_subcats_20260309_200011.csv;2026-03-09 20:00:11;;;compota nuestra cocina manzana platano 90 g;nuestra cocina;;postres;compotas;compota nuestra cocina manzana platano 90 g nuestra cocina  postres compotas;460.0;460.0;;460.0;mass;90.0;plátano;10.0
56910;Compota Vivo Mifrut plátano 90 g;Vivo;560;560;;False;1 un;Kg;;;;https://unimarc.vtexassets.com/arquivos/ids/247135/000000000000637787-UN-01.jpg.jpg?v=638766188386530000;https://www.unimarc.cl/compota-mifrut-platano-vivo-90-gr/p;lacteos;Postres;Compotas;https://www.unimarc.cl/category/lacteos-huevos-y-refrigerados/postres/compotas;;2026-03-09T19:59:12;unimarc;unimarc_lacteos-huevos-y-refrigerados_subcats_20260309_200011.csv;C:\Users\fvergram\OneDrive - NTT DATA EMEAL\Desktop\webscrapping\Supermercados\Unimarc\output\lacteos\unimarc_lacteos-huevos-y-refrigerados_subcats_20260309_200011.csv;2026-03-09 20:00:11;;;compota vivo mifrut platano 90 g;vivo;;postres;compotas;compota vivo mifrut platano 90 g vivo  postres compotas;560.0;560.0;;560.0;mass;90.0;plátano;10.0
3955;Leche semidescremada Loncoleche sabor plátano 200 ml;Loncoleche;570;570;;False;1 un;litro;;;;https://unimarc.vtexassets.com/arquivos/ids/253084/000000000000158479-UN-01.jpg?v=638990023445630000;https://www.unimarc.cl/leche-platano-loncoleche-200-cc-2/p;lacteos;Leches y cremas;Leches individuales;https://www.unimarc.cl/category/lacteos-huevos-y-refrigerados/leches-y-cremas/leches-individuales;;2026-03-09T19:57:24;unimarc;unimarc_lacteos-huevos-y-refrigerados_subcats_20260309_200011.csv;C:\Users\fvergram\OneDrive - NTT DATA EMEAL\Desktop\webscrapping\Supermercados\Unimarc\output\lacteos\unimarc_lacteos-huevos-y-refrigerados_subcats_20260309_200011.csv;2026-03-09 20:00:11;;;leche semidescremada loncoleche sabor platano 200 ml;loncoleche;;leches y cremas;leches individuales;leche semidescremada loncoleche sabor platano 200 ml loncoleche  leches y cremas leches individuales;570.0;570.0;;570.0;volume;200.0;plátano;10.0
20004;Flan Colun Chocolate 100 g;Colun;390;390;;False;;;;;;https://jumbocl.vteximg.com.br/arquivos/ids/353501-250-250/Flan-Colun-sabor-chocolate-100-g.jpg?v=638776697787670000;https://www.jumbo.cl/flan-colun-sabor-chocolate-100-g/p;lacteos_huevos_congelados;;Flanes;;1.0;2026-03-03T12:47:32;jumbo;jumbo_lacteos_huevos_y_congelados_20260303_131000.csv;C:\Users\fvergram\OneDrive - NTT DATA EMEAL\Desktop\webscrapping\Supermercados\Jumbo\output\lacteos_huevos_congelados\jumbo_lacteos_huevos_y_congelados_20260303_131000.csv;2026-03-03 13:10:00;;;flan colun chocolate 100 g;colun;;;flanes;flan colun chocolate 100 g colun   flanes;390.0;390.0;;390.0;mass;100.0;chocolate;10.0
143178;Flan Soprole Chocolate 110 g;Soprole;410;410;;False;;;;;;https://jumbocl.vteximg.com.br/arquivos/ids/338730-250-250/Flan-Soprole-Chocolate-110-g.jpg?v=638776439520070000;https://www.jumbo.cl/flan-soprole-110gr-chocolate-2011591003/p;lacteos_huevos_congelados;;Flanes;;1.0;2026-03-03T12:47:32;jumbo;jumbo_lacteos_huevos_y_congelados_20260303_131000.csv;C:\Users\fvergram\OneDrive - NTT DATA EMEAL\Desktop\webscrapping\Supermercados\Jumbo\output\lacteos_huevos_congelados\jumbo_lacteos_huevos_y_congelados_20260303_131000.csv;2026-03-03 13:10:00;;;flan soprole chocolate 110 g;soprole;;;flanes;flan soprole chocolate 110 g soprole   flanes;410.0;410.0;;410.0;mass;110.0;chocolate;10.0
6848;Flan Nestlé Chocolate 110 g;Nestlé;420;420;;False;;;;;;https://jumbocl.vteximg.com.br/arquivos/ids/348654-250-250/Flan-chocolate-110-g.jpg?v=638776487097500000;https://www.jumbo.cl/flan-nestle-chocolate-110-g-2/p;lacteos_huevos_congelados;;Flanes;;1.0;2026-03-03T12:47:32;jumbo;jumbo_lacteos_huevos_y_congelados_20260303_131000.csv;C:\Users\fvergram\OneDrive - NTT DATA EMEAL\Desktop\webscrapping\Supermercados\Jumbo\output\lacteos_huevos_congelados\jumbo_lacteos_huevos_y_congelados_20260303_131000.csv;2026-03-03 13:10:00;;;flan nestle chocolate 110 g;nestle;;;flanes;flan nestle chocolate 110 g nestle   flanes;420.0;420.0;;420.0;mass;110.0;chocolate;10.0
134229;Galleta Mini Ecovida Chip Chocolate Sin Azúcar 30 g;Ecovida;450;450;;False;;;;;;https://jumbocl.vteximg.com.br/arquivos/ids/322336-250-250/Galletas-Mini-Ecovida-Chips-Chocolate-Sin-Azucar-30-g.jpg?v=638776425933570000;https://www.jumbo.cl/gall-mini-chips-chocolate-s-azucar-30-gr-1982933/p;chocolates_galletas_snacks;;Galletas Tradicionales;;1.0;2026-03-02T22:25:11;jumbo;jumbo_chocolates_galletas_y_snacks_20260302_223142.csv;C:\Users\fvergram\OneDrive - NTT DATA EMEAL\Desktop\webscrapping\Supermercados\Jumbo\output\chocolates_galletas_snacks\jumbo_chocolates_galletas_y_snacks_20260302_223142.csv;2026-03-02 22:31:42;;;galleta mini ecovida chip chocolate sin azucar 30 g;ecovida;;;galletas tradicionales;galleta mini ecovida chip chocolate sin azucar 30 g ecovida   galletas tradicionales;450.0;450.0;;450.0;mass;30.0;chocolate;10.0
134229;Galleta Mini Ecovida Chip Chocolate Sin Azúcar 30 g;Ecovida;450;450;;False;;;;;;https://jumbocl.vteximg.com.br/arquivos/ids/322336-250-250/Galletas-Mini-Ecovida-Chips-Chocolate-Sin-Azucar-30-g.jpg?v=638776425933570000;https://www.jumbo.cl/gall-mini-chips-chocolate-s-azucar-30-gr-1982933/p;chocolates_galletas_snacks;;Galletas Dulces (Mostrar todo);;1.0;2026-03-02T22:25:57;jumbo;jumbo_chocolates_galletas_y_snacks_20260302_223142.csv;C:\Users\fvergram\OneDrive - NTT DATA EMEAL\Desktop\webscrapping\Supermercados\Jumbo\output\chocolates_galletas_snacks\jumbo_chocolates_galletas_y_snacks_20260302_223142.csv;2026-03-02 22:31:42;;;galleta mini ecovida chip chocolate sin azucar 30 g;ecovida;;;galletas dulces mostrar todo;galleta mini ecovida chip chocolate sin azucar 30 g ecovida   galletas dulces mostrar todo;450.0;450.0;;450.0;mass;30.0;chocolate;10.0
dom_38;Bebida Láctea Sabor Chocolate, 200 ml;;490;490;;False;;;;;;https://i5.walmartimages.cl/asr/f4b66c90-0092-451a-90e7-d2c6d23a2fac.b8b0700e67f59e2b46ed0e0d209a34d0.jpeg?null=&odnHeight=580&odnWidth=580&odnBg=FFFFFF;https://super.lider.cl/ip/leche/00780461747027;frescos_y_lacteos;Leche > Individuales;;;1.0;2026-03-17T22:06:45;lider;lider_frescos_y_lacteos_20260317_222114.csv;C:\Users\fvergram\OneDrive - NTT DATA EMEAL\Desktop\webscrapping\Supermercados\Lider\output\frescos_y_lacteos\lider_frescos_y_lacteos_20260317_222114.csv;2026-03-17 22:21:14;;;bebida lactea sabor chocolate 200 ml;;;leche individuales;;bebida lactea sabor chocolate 200 ml   leche individuales;490.0;490.0;;490.0;volume;200.0;chocolate;10.0
dom_14;Postre de Chocolate Mousse Pote, 70 g;;690;986;;True;;;;;;https://i5.walmartimages.cl/asr/eb11f1d6-2c29-4bf8-bb1e-16a16c74f606.24e5a294b81d312552bdf68754dabc2b.jpeg?null=&odnHeight=580&odnWidth=580&odnBg=FFFFFF;https://super.lider.cl/ip/postres-refrigerados/00761303707682;frescos_y_lacteos;Postres Refrigerados > Postres Tipo Mousse;;;1.0;2026-03-17T22:17:45;lider;lider_frescos_y_lacteos_20260317_222114.csv;C:\Users\fvergram\OneDrive - NTT DATA EMEAL\Desktop\webscrapping\Supermercados\Lider\output\frescos_y_lacteos\lider_frescos_y_lacteos_20260317_222114.csv;2026-03-17 22:21:14;;;postre de chocolate mousse pote 70 g;;;postres refrigerados postres tipo mousse;;postre de chocolate mousse pote 70 g   postres refrigerados postres tipo mousse;986.0;690.0;;986.0;mass;70.0;chocolate;10.0
4000051420;Barra De Chocolate Con Leche Y Galleta, 51 g;;1350;1350;;False;;;;;;https://i5.walmartimages.cl/asr/acd788b5-0ea5-444b-9e3e-17337204bafb.5bac45a44227513a252b850aac807c21.jpeg?null=&odnHeight=580&odnWidth=580&odnBg=FFFFFF;https://super.lider.cl/ip/variedad/00004000051420;chocolates;Chocolates > Chocolates;;;4.0;2026-03-17T21:05:24;lider;lider_chocolates_20260317_210807.csv;C:\Users\fvergram\OneDrive - NTT DATA EMEAL\Desktop\webscrapping\Supermercados\Lider\output\chocolates\lider_chocolates_20260317_210807.csv;2026-03-17 21:08:07;;;barra de chocolate con leche y galleta 51 g;;;chocolates chocolates;;barra de chocolate con leche y galleta 51 g   chocolates chocolates;1350.0;1350.0;;1350.0;mass;51.0;chocolate;10.0
4000042206;Barra De Chocolate Con Leche Y Caramelo, 48 g;;1350;1350;;False;;;;;;https://i5.walmartimages.cl/asr/ebf779df-2d9e-405b-874c-f034de888b7d.5f53230b2d0fd219c1f18048134c87c1.jpeg?null=&odnHeight=580&odnWidth=580&odnBg=FFFFFF;https://super.lider.cl/ip/variedad/00004000042206;chocolates;Chocolates > Chocolates;;;5.0;2026-03-17T21:05:47;lider;lider_chocolates_20260317_210807.csv;C:\Users\fvergram\OneDrive - NTT DATA EMEAL\Desktop\webscrapping\Supermercados\Lider\output\chocolates\lider_chocolates_20260317_210807.csv;2026-03-17 21:08:07;;;barra de chocolate con leche y caramelo 48 g;;;chocolates chocolates;;barra de chocolate con leche y caramelo 48 g   chocolates chocolates;1350.0;1350.0;;1350.0;mass;48.0;chocolate;10.0
780462833028;Cuchuflí Chocolate 5Un, 75 g;;1490;1490;;False;;;;;;https://i5.walmartimages.cl/asr/64915861-962d-4596-af5f-d7524e969b2f.f52bed58d507a470d1ecc5324fe92895.jpeg?null=&odnHeight=580&odnWidth=580&odnBg=FFFFFF;https://super.lider.cl/ip/pasteleria/00780462833028;colaciones;Fruta Colación > Bizcochos;;;1.0;2026-03-17T21:12:15;lider;lider_colaciones_20260317_212114.csv;C:\Users\fvergram\OneDrive - NTT DATA EMEAL\Desktop\webscrapping\Supermercados\Lider\output\colaciones\lider_colaciones_20260317_212114.csv;2026-03-17 21:21:14;;;cuchufli chocolate 5un 75 g;;;fruta colacion bizcochos;;cuchufli chocolate 5un 75 g   fruta colacion bizcochos;1490.0;1490.0;;1490.0;mass;75.0;chocolate;10.0
85644;Chocolate barra chocolate arandanos rojos 100g;Barra Chocolate;6290;6290;;False;1 un;Kg;;;;https://unimarc.vtexassets.com/arquivos/ids/235788/000000000000665999-UN-01.jpg?v=638330788590870000;https://www.unimarc.cl/choco-aranda-rojos-barra-chocolate-100g/p;desayunos_dulces;Chocolates y confites;Chocolates;https://www.unimarc.cl/category/desayuno-y-dulces/chocolates-y-confites/chocolates;;2026-03-09T19:26:50;unimarc;unimarc_desayuno-y-dulces_subcats_20260309_193127.csv;C:\Users\fvergram\OneDrive - NTT DATA EMEAL\Desktop\webscrapping\Supermercados\Unimarc\output\desayunos_dulces\unimarc_desayuno-y-dulces_subcats_20260309_193127.csv;2026-03-09 19:31:27;;;chocolate barra chocolate arandanos rojos 100g;barra chocolate;;chocolates y confites;chocolates;chocolate barra chocolate arandanos rojos 100g barra chocolate  chocolates y confites chocolates;6290.0;6290.0;;6290.0;mass;100.0;chocolate;10.5
85641;Chocolate barra chocolate puro 100g;Barra Chocolate;6290;6290;;False;1 un;Kg;;;;https://unimarc.vtexassets.com/arquivos/ids/235812/000000000000665996-UN-01.jpg?v=638321948748100000;https://www.unimarc.cl/chocolate-puro-barra-chocolate-100-gr/p;desayunos_dulces;Chocolates y confites;Chocolates;https://www.unimarc.cl/category/desayuno-y-dulces/chocolates-y-confites/chocolates;;2026-03-09T19:26:50;unimarc;unimarc_desayuno-y-dulces_subcats_20260309_193127.csv;C:\Users\fvergram\OneDrive - NTT DATA EMEAL\Desktop\webscrapping\Supermercados\Unimarc\output\desayunos_dulces\unimarc_desayuno-y-dulces_subcats_20260309_193127.csv;2026-03-09 19:31:27;;;chocolate barra chocolate puro 100g;barra chocolate;;chocolates y confites;chocolates;chocolate barra chocolate puro 100g barra chocolate  chocolates y confites chocolates;6290.0;6290.0;;6290.0;mass;100.0;chocolate;10.5
85643;Chocolate barra chocolate naranja jengibre 100g;Barra Chocolate;6290;6290;;False;1 un;Kg;;;;https://unimarc.vtexassets.com/arquivos/ids/235787/000000000000665998-UN-01.jpg?v=638330788581800000;https://www.unimarc.cl/choco-naranja-jeng-barra-chocolate-100g/p;desayunos_dulces;Chocolates y confites;Chocolates;https://www.unimarc.cl/category/desayuno-y-dulces/chocolates-y-confites/chocolates;;2026-03-09T19:26:50;unimarc;unimarc_desayuno-y-dulces_subcats_20260309_193127.csv;C:\Users\fvergram\OneDrive - NTT DATA EMEAL\Desktop\webscrapping\Supermercados\Unimarc\output\desayunos_dulces\unimarc_desayuno-y-dulces_subcats_20260309_193127.csv;2026-03-09 19:31:27;;;chocolate barra chocolate naranja jengibre 100g;barra chocolate;;chocolates y confites;chocolates;chocolate barra chocolate naranja jengibre 100g barra chocolate  chocolates y confites chocolates;6290.0;6290.0;;6290.0;mass;100.0;chocolate;10.5
13495;Galleta mini Dos en Uno chocolate 35 g;Dos En Uno;280;280;;False;1 un;Kg;;;;https://unimarc.vtexassets.com/arquivos/ids/170045/GALLETA-MINI-CHOCOLATE-DOS-EN-UNO-35-GR-1-22197.jpg?v=636584499054130000;https://www.unimarc.cl/galleta-mini-chocolate-dos-en-uno-35-gr/p;desayunos_dulces;Galletas y colaciones dulces;Galletas colación;https://www.unimarc.cl/category/desayuno-y-dulces/galletas-y-colaciones-dulces/galletas-colacion;;2026-03-09T19:29:46;unimarc;unimarc_desayuno-y-dulces_subcats_20260309_193127.csv;C:\Users\fvergram\OneDrive - NTT DATA EMEAL\Desktop\webscrapping\Supermercados\Unimarc\output\desayunos_dulces\unimarc_desayuno-y-dulces_subcats_20260309_193127.csv;2026-03-09 19:31:27;;;galleta mini dos en uno chocolate 35 g;dos en uno;;galletas y colaciones dulces;galletas colacion;galleta mini dos en uno chocolate 35 g dos en uno  galletas y colaciones dulces galletas colacion;280.0;280.0;;280.0;mass;35.0;chocolate;10.0
6483;Galletas mini Costa chips chocolate 35 g;Costa;340;340;;False;1 un;Kg;;;;https://unimarc.vtexassets.com/arquivos/ids/195245/000000000000760476-UN-01.jpg?v=637257550362070000;https://www.unimarc.cl/galletas-mini-costa-chips-chocolate-35-g/p;desayunos_dulces;Galletas y colaciones dulces;Galletas colación;https://www.unimarc.cl/category/desayuno-y-dulces/galletas-y-colaciones-dulces/galletas-colacion;;2026-03-09T19:29:46;unimarc;unimarc_desayuno-y-dulces_subcats_20260309_193127.csv;C:\Users\fvergram\OneDrive - NTT DATA EMEAL\Desktop\webscrapping\Supermercados\Unimarc\output\desayunos_dulces\unimarc_desayuno-y-dulces_subcats_20260309_193127.csv;2026-03-09 19:31:27;;;galletas mini costa chips chocolate 35 g;costa;;galletas y colaciones dulces;galletas colacion;galletas mini costa chips chocolate 35 g costa  galletas y colaciones dulces galletas colacion;340.0;340.0;;340.0;mass;35.0;chocolate;10.0
