idx_1;idx_2;supermarket_1;supermarket_2;name_1;name_2;brand_1;brand_2;price_1;price_2;size_std_1;size_std_2;unit_family;category_std;text_similarity;brand_score;final_score
4543;17358;jumbo;unimarc;Aceite de Oliva Banquete Extra Virgen 500 ml;Aceite de oliva Banquete extra virgen 500 ml;Banquete;Banquete;8990.0;9290.0;;;;;1.0;1.0;1.0
4549;17366;jumbo;unimarc;Aceite de Oliva Banquete Extra Virgen 250 ml;Aceite de oliva Banquete extra virgen 250 ml;Banquete;Banquete;5550.0;5890.0;;;;;1.0;1.0;1.0
4670;17366;jumbo;unimarc;Aceite de Oliva Banquete Extra Virgen 250 ml;Aceite de oliva Banquete extra virgen 250 ml;Banquete;Banquete;5550.0;5890.0;;;;;1.0;1.0;1.0
4531;17353;jumbo;unimarc;Aceite de Oliva Chef Extra Virgen 500 ml;Aceite de oliva Chef extra virgen 500 ml;Chef;Chef;9190.0;8000.0;;;;;1.0;1.0;1.0
4651;17353;jumbo;unimarc;Aceite de Oliva Chef Extra Virgen 500 ml;Aceite de oliva Chef extra virgen 500 ml;Chef;Chef;9190.0;8000.0;;;;;1.0;1.0;1.0
4533;17362;jumbo;unimarc;Aceite de Oliva Huasco Extra Virgen 500 ml;Aceite de oliva Huasco extra virgen 500 ml;Huasco;Huasco;8290.0;8290.0;;;;;1.0;1.0;1.0
4658;17362;jumbo;unimarc;Aceite de Oliva Huasco Extra Virgen 500 ml;Aceite de oliva Huasco extra virgen 500 ml;Huasco;Huasco;8290.0;8290.0;;;;;1.0;1.0;1.0
1682;22462;jumbo;unimarc;Acondicionador Elvive Dream Liso 370 ml;Acondicionador Elvive dream liso 370 ml;Elvive;Elvive;4520.0;5850.0;;;;;1.0;1.0;1.0
1684;22504;jumbo;unimarc;Acondicionador Elvive Hidra Hialurónico 680 ml;Acondicionador Elvive hidra hialurónico 680 ml;Elvive;Elvive;5990.0;8690.0;;;;;1.0;1.0;1.0
1704;22546;jumbo;unimarc;Acondicionador Elvive Reparación Total 5 370 ml;Acondicionador Elvive reparación total 370 ml;Elvive;Elvive;4320.0;5490.0;;;;;1.0;1.0;1.0
1700;22523;jumbo;unimarc;Acondicionador Herbal Essences Agua de Coco & Jazmín 600 ml;Acondicionador Herbal Essences agua de coco y jazmín 600 ml;Herbal Essences;Herbal Essences;7990.0;8590.0;;;;;1.0;1.0;1.0
1695;22495;jumbo;unimarc;Acondicionador Pantene Pro-V Bambú Nutre & Crece 400 ml;Acondicionador Pantene pro-v bambú nutre y crece 400 ml Acondicionador Pantene bambú 400 ml;Pantene;Pantene;5090.0;4450.0;;;;;0.8309;1.0;0.8731
10143;13698;jumbo;unimarc;Agua Mineral Cachantun Strong con Gas 1.6 L;Agua mineral Cachantun strong con gas 1.6 L;Cachantun;Cachantun;1150.0;1150.0;;;;;1.0;1.0;1.0
10143;13702;jumbo;unimarc;Agua Mineral Cachantun Strong con Gas 1.6 L;Agua mineral Cachantun strong con gas 600 ml;Cachantun;Cachantun;1150.0;970.0;;;;;0.7325;1.0;0.7993
10144;13688;jumbo;unimarc;Agua Mineral Cachantun Sin Gas 1.6 L;Agua mineral Cachantun sin gas 2.5 L;Cachantun;Cachantun;1150.0;1490.0;;;;;1.0;1.0;1.0
10144;13689;jumbo;unimarc;Agua Mineral Cachantun Sin Gas 1.6 L;Agua mineral Cachantun sin gas 1.6 L;Cachantun;Cachantun;1150.0;1150.0;;;;;1.0;1.0;1.0
10149;13702;jumbo;unimarc;Agua Mineral Cachantun Strong con Gas 600 cc;Agua mineral Cachantun strong con gas 600 ml;Cachantun;Cachantun;930.0;970.0;;;;;0.6951;1.0;0.7714
10165;13688;jumbo;unimarc;Agua Mineral Cachantun Sin Gas 1 L;Agua mineral Cachantun sin gas 2.5 L;Cachantun;Cachantun;1390.0;1490.0;;;;;1.0;1.0;1.0
10165;13689;jumbo;unimarc;Agua Mineral Cachantun Sin Gas 1 L;Agua mineral Cachantun sin gas 1.6 L;Cachantun;Cachantun;1390.0;1150.0;;;;;1.0;1.0;1.0
10264;13698;jumbo;unimarc;Agua Mineral Cachantun Strong con Gas 1.6 L;Agua mineral Cachantun strong con gas 1.6 L;Cachantun;Cachantun;1150.0;1150.0;;;;;1.0;1.0;1.0
10264;13702;jumbo;unimarc;Agua Mineral Cachantun Strong con Gas 1.6 L;Agua mineral Cachantun strong con gas 600 ml;Cachantun;Cachantun;1150.0;970.0;;;;;0.7325;1.0;0.7993
10267;13688;jumbo;unimarc;Agua Mineral Cachantun Sin Gas 1.6 L;Agua mineral Cachantun sin gas 2.5 L;Cachantun;Cachantun;1150.0;1490.0;;;;;1.0;1.0;1.0
10267;13689;jumbo;unimarc;Agua Mineral Cachantun Sin Gas 1.6 L;Agua mineral Cachantun sin gas 1.6 L;Cachantun;Cachantun;1150.0;1150.0;;;;;1.0;1.0;1.0
10272;13702;jumbo;unimarc;Agua Mineral Cachantun Strong con Gas 600 cc;Agua mineral Cachantun strong con gas 600 ml;Cachantun;Cachantun;930.0;970.0;;;;;0.6951;1.0;0.7714
10146;13684;jumbo;unimarc;Agua Mineral Vital Sin Gas 1.6 L;Agua mineral Vital sin gas botella 1.6 L;Vital;Vital;1050.0;990.0;;;;;0.7992;1.0;0.8494
10271;13684;jumbo;unimarc;Agua Mineral Vital Sin Gas 1.6 L;Agua mineral Vital sin gas botella 1.6 L;Vital;Vital;1050.0;990.0;;;;;0.7992;1.0;0.8494
13691;23983;unimarc;lider;Agua mineral Vital sin gas botella 600 ml;Agua Mineral Vital Sin Gas Botella, 600 ml;Vital;;890.0;850.0;;;;;0.9774;0.6;0.883
13707;32569;unimarc;lider;Agua mineral Vital con gas botella 600 ml;Agua Mineral Vital Con Gas Botella, 600 ml;Vital;;890.0;850.0;;;;;0.9824;0.6;0.8868
10181;13718;jumbo;unimarc;Agua Saborizada Mas Pera Sin Gas 1.6 L;Agua saborizada Más pera 1.6 L;Mas;Mas;1310.0;1320.0;;;;;0.7011;1.0;0.7758
10183;13717;jumbo;unimarc;Agua Saborizada Mas Manzana Sin Gas 1.6 L;Agua saborizada Más manzana 1.6 L;Mas;Mas;1310.0;1320.0;;;;;0.6922;1.0;0.7692
10184;13716;jumbo;unimarc;Agua Saborizada Mas Granada Sin Gas 1.6 L;Agua saborizada Más granada 1.6 L;Mas;Mas;1310.0;1320.0;;;;;0.7011;1.0;0.7758
10185;13715;jumbo;unimarc;Agua Saborizada Mas Citrus Gasificada 1.6 L;Agua saborizada Más citrus 1.6 L;Mas;Mas;1310.0;1320.0;;;;;0.7127;1.0;0.7845
10186;13726;jumbo;unimarc;Agua Saborizada Mas Mango Maracuyá Sin Gas 1.6 L;Agua saborizada Más mango y maracuyá 1.6 L;Mas;Mas;1350.0;1320.0;;;;;0.8181;1.0;0.8636
10187;13723;jumbo;unimarc;Agua Saborizada Mas Uva Sin Gas 1.6 L;Agua saborizada Más uva 1.6 L;Mas;Mas;1390.0;1320.0;;;;;0.7092;1.0;0.7819
10188;13720;jumbo;unimarc;Agua Saborizada Mas Piña Sin Gas 1.6 L;Agua saborizada Más piña 1.6 L;Mas;Mas;1390.0;1320.0;;;;;0.7092;1.0;0.7819
10256;13717;jumbo;unimarc;Agua Saborizada Mas Manzana Sin Gas 1.6 L;Agua saborizada Más manzana 1.6 L;Mas;Mas;1310.0;1320.0;;;;;0.6922;1.0;0.7692
10259;13718;jumbo;unimarc;Agua Saborizada Mas Pera Sin Gas 1.6 L;Agua saborizada Más pera 1.6 L;Mas;Mas;1310.0;1320.0;;;;;0.7011;1.0;0.7758
10262;13716;jumbo;unimarc;Agua Saborizada Mas Granada Sin Gas 1.6 L;Agua saborizada Más granada 1.6 L;Mas;Mas;1310.0;1320.0;;;;;0.7011;1.0;0.7758
10263;13715;jumbo;unimarc;Agua Saborizada Mas Citrus Gasificada 1.6 L;Agua saborizada Más citrus 1.6 L;Mas;Mas;1310.0;1320.0;;;;;0.7127;1.0;0.7845
10268;13726;jumbo;unimarc;Agua Saborizada Mas Mango Maracuyá Sin Gas 1.6 L;Agua saborizada Más mango y maracuyá 1.6 L;Mas;Mas;1350.0;1320.0;;;;;0.8181;1.0;0.8636
10269;13720;jumbo;unimarc;Agua Saborizada Mas Piña Sin Gas 1.6 L;Agua saborizada Más piña 1.6 L;Mas;Mas;1390.0;1320.0;;;;;0.7092;1.0;0.7819
10270;13723;jumbo;unimarc;Agua Saborizada Mas Uva Sin Gas 1.6 L;Agua saborizada Más uva 1.6 L;Mas;Mas;1390.0;1320.0;;;;;0.7092;1.0;0.7819
9899;13803;jumbo;unimarc;Bebida Bilz retornable 2.5 L + Envase;Bebida Bilz retornable 2 L + envase;Bilz;Bilz;2190.0;1590.0;;;;;1.0;1.0;1.0
9863;13876;jumbo;unimarc;Bebida Canada Dry Ginger Ale Light 1.5 L;Bebida Canada Dry ginger ale light no retornable 1.5 L;Canada Dry;Canada Dry;2050.0;1590.0;;;;;0.6931;1.0;0.7698
9886;13849;jumbo;unimarc;Bebida Canada Dry Ginger Ale Zero 3 L;Bebida Canada Dry ginger ale zero no retornable 3 L;Canada Dry;Canada Dry;2990.0;2390.0;;;;;0.6908;1.0;0.7681
9886;13865;jumbo;unimarc;Bebida Canada Dry Ginger Ale Zero 3 L;Bebida Canada Dry ginger ale zero no retornable 1.5 L;Canada Dry;Canada Dry;2990.0;1590.0;;;;;0.6908;1.0;0.7681
9933;13876;jumbo;unimarc;Bebida Canada Dry Ginger Ale Light 1.5 L;Bebida Canada Dry ginger ale light no retornable 1.5 L;Canada Dry;Canada Dry;2050.0;1590.0;;;;;0.6931;1.0;0.7698
9810;13758;jumbo;unimarc;Bebida Coca-Cola Original 1.5 L;Bebida Coca Cola original 1 L;Coca-Cola;Coca Cola;2190.0;1490.0;;;;;1.0;1.0;1.0
9810;13807;jumbo;unimarc;Bebida Coca-Cola Original 1.5 L;Bebida Coca Cola original 1.5 L;Coca-Cola;Coca Cola;2190.0;2150.0;;;;;1.0;1.0;1.0
9851;13843;jumbo;unimarc;Bebida Coca-Cola Light 1.5 L;Bebida Coca Cola light 1 L;Coca-Cola;Coca Cola Light;2190.0;1490.0;;;;;0.8224;0.9;0.8418
9851;13882;jumbo;unimarc;Bebida Coca-Cola Light 1.5 L;Bebida Coca Cola light 1.5 L;Coca-Cola;Coca Cola Light;2190.0;2150.0;;;;;0.8224;0.9;0.8418
9852;13838;jumbo;unimarc;Bebida Coca-Cola Zero 1.5 L;Bebida Coca Cola zero 1 L;Coca-Cola;Coca Cola Zero;2190.0;1490.0;;;;;0.8478;0.9;0.8609
9852;13852;jumbo;unimarc;Bebida Coca-Cola Zero 1.5 L;Bebida Coca Cola zero 1.5 L;Coca-Cola;Coca Cola Zero;2190.0;2150.0;;;;;0.8478;0.9;0.8609
9855;13838;jumbo;unimarc;Bebida Coca-Cola Zero 3 L;Bebida Coca Cola zero 1 L;Coca-Cola;Coca Cola Zero;3350.0;1490.0;;;;;0.8478;0.9;0.8609
9855;13852;jumbo;unimarc;Bebida Coca-Cola Zero 3 L;Bebida Coca Cola zero 1.5 L;Coca-Cola;Coca Cola Zero;3350.0;2150.0;;;;;0.8478;0.9;0.8609
9858;13843;jumbo;unimarc;Bebida Coca-Cola Light 3 L;Bebida Coca Cola light 1 L;Coca-Cola;Coca Cola Light;3350.0;1490.0;;;;;0.8224;0.9;0.8418
9858;13882;jumbo;unimarc;Bebida Coca-Cola Light 3 L;Bebida Coca Cola light 1.5 L;Coca-Cola;Coca Cola Light;3350.0;2150.0;;;;;0.8224;0.9;0.8418
9891;13808;jumbo;unimarc;Bebida Coca Cola retornable 3 L + Envase;Bebida Coca Cola retornable 2 L + envase;Coca-Cola;Coca Cola;2690.0;1990.0;;;;;1.0;1.0;1.0
9892;13808;jumbo;unimarc;Bebida Coca Cola retornable 2 L + Envase;Bebida Coca Cola retornable 2 L + envase;Coca-Cola;Coca Cola;2050.0;1990.0;;;;;1.0;1.0;1.0
9905;13838;jumbo;unimarc;Bebida Coca-Cola Zero 1.5 L;Bebida Coca Cola zero 1 L;Coca-Cola;Coca Cola Zero;2190.0;1490.0;;;;;0.8478;0.9;0.8609
9905;13852;jumbo;unimarc;Bebida Coca-Cola Zero 1.5 L;Bebida Coca Cola zero 1.5 L;Coca-Cola;Coca Cola Zero;2190.0;2150.0;;;;;0.8478;0.9;0.8609
9906;13758;jumbo;unimarc;Bebida Coca-Cola Original 1.5 L;Bebida Coca Cola original 1 L;Coca-Cola;Coca Cola;2190.0;1490.0;;;;;1.0;1.0;1.0
9906;13807;jumbo;unimarc;Bebida Coca-Cola Original 1.5 L;Bebida Coca Cola original 1.5 L;Coca-Cola;Coca Cola;2190.0;2150.0;;;;;1.0;1.0;1.0
9912;13843;jumbo;unimarc;Bebida Coca-Cola Light 1.5 L;Bebida Coca Cola light 1 L;Coca-Cola;Coca Cola Light;2190.0;1490.0;;;;;0.8224;0.9;0.8418
9912;13882;jumbo;unimarc;Bebida Coca-Cola Light 1.5 L;Bebida Coca Cola light 1.5 L;Coca-Cola;Coca Cola Light;2190.0;2150.0;;;;;0.8224;0.9;0.8418
9913;13838;jumbo;unimarc;Bebida Coca-Cola Zero 3 L;Bebida Coca Cola zero 1 L;Coca-Cola;Coca Cola Zero;3350.0;1490.0;;;;;0.8478;0.9;0.8609
9913;13852;jumbo;unimarc;Bebida Coca-Cola Zero 3 L;Bebida Coca Cola zero 1.5 L;Coca-Cola;Coca Cola Zero;3350.0;2150.0;;;;;0.8478;0.9;0.8609
9926;13843;jumbo;unimarc;Bebida Coca-Cola Light 3 L;Bebida Coca Cola light 1 L;Coca-Cola;Coca Cola Light;3350.0;1490.0;;;;;0.8224;0.9;0.8418
9926;13882;jumbo;unimarc;Bebida Coca-Cola Light 3 L;Bebida Coca Cola light 1.5 L;Coca-Cola;Coca Cola Light;3350.0;2150.0;;;;;0.8224;0.9;0.8418
10495;13915;jumbo;unimarc;Bebida Energética Red Bull Fruta del Dragón 250 ml;Bebida energética Red bull sabor fruta del dragón 250 ml;Red Bull;Red Bull;1790.0;1880.0;;;;;0.7107;1.0;0.783
10508;13922;jumbo;unimarc;Bebida Energética Rockstar Mango Power 500 cc;Bebida energética Rockstar mango power 500 ml;Rockstar;Rockstar;1090.0;1050.0;;;;;0.7199;1.0;0.7899
10486;13907;jumbo;unimarc;Bebida Energética Score Gorilla Lata 473 cc;Bebida energética Score gorilla lata 473 ml;Score;Score;1000.0;1000.0;;;;;0.72;1.0;0.79
10496;13920;jumbo;unimarc;Bebida Energética Score Original Lata 473 cc;Bebida energética Score original lata 473 ml;Score;Score;1000.0;1000.0;;;;;0.7669;1.0;0.8252
13963;23938;unimarc;lider;Bebida hidratante Electrolit sabor maracuyá 625 ml;Bebida Hidratante Electrolit Sabor Maracuyá, 625 ml;Electrolit;;2490.0;1850.0;;;;;0.9614;0.6;0.871
10718;13932;jumbo;unimarc;Bebida Isotónica Gatorade Frutas Tropicales 1 L;Bebida isotónica Gatorade Frutas Tropicales 1 L.;Gatorade;Gatorade;1690.0;1690.0;;;;;1.0;1.0;1.0
10723;13936;jumbo;unimarc;Bebida Isotónica Gatorade Naranja 1 L;Bebida isotónica Gatorade naranja 1 L;Gatorade;Gatorade;1690.0;1690.0;;;;;1.0;1.0;1.0
10725;13969;jumbo;unimarc;Bebida Isotónica Gatorade Frutas Tropicales 500 cc;Bebida isotónica Gatorade frutas tropicales 500 ml;Gatorade;Gatorade;1190.0;1190.0;;;;;0.717;1.0;0.7877
10732;13958;jumbo;unimarc;Bebida Isotónica Gatorade Cool Blue 500 cc;Bebida isotónica Gatorade cool blue 500 ml;Gatorade;Gatorade;1190.0;1190.0;;;;;0.7232;1.0;0.7924
10736;13962;jumbo;unimarc;Bebida Isotónica Gatorade Naranja 500 cc;Bebida isotónica Gatorade naranja 500 ml;Gatorade;Gatorade;1120.0;1190.0;;;;;0.6708;1.0;0.7531
10741;13933;jumbo;unimarc;Bebida Isotónica Gatorade Cool Blue 750 ml;Bebida isotónica Gatorade cool blue 750 ml;Gatorade;Gatorade;1450.0;1000.0;;;;;1.0;1.0;1.0
10715;13951;jumbo;unimarc;Bebida Isotónica Powerade Frozen Blast Zero 1.1 L;Bebida isotónica Powerade frozen blast 1.1 L;Powerade;Powerade;1290.0;1290.0;;;;;0.7496;1.0;0.8122
10717;13951;jumbo;unimarc;Bebida Isotónica Powerade Frozen Blast 1.1 L;Bebida isotónica Powerade frozen blast 1.1 L;Powerade;Powerade;1290.0;1290.0;;;;;1.0;1.0;1.0
10730;13952;jumbo;unimarc;Bebida Isotónica Powerade Rojo 1.1 L;Bebida isotónica Powerade rojo 1.1 L;Powerade;Powerade;1290.0;1290.0;;;;;1.0;1.0;1.0
10737;13957;jumbo;unimarc;Bebida Isotónica Powerade Naranja 1.1 L;Bebida isotónica Powerade naranja 1.1 L;Powerade;Powerade;1290.0;1290.0;;;;;1.0;1.0;1.0
10742;13951;jumbo;unimarc;Bebida Isotónica Powerade Frozen Blast 850 ml;Bebida isotónica Powerade frozen blast 1.1 L;Powerade;Powerade;1390.0;1290.0;;;;;0.6805;1.0;0.7604
10753;13937;jumbo;unimarc;Bebida Isotónica Suerox Frutos Rojos 630 cc;Bebida isotónica Suerox frutos rojos 630 ml;Suerox;Suerox;2090.0;2910.0;;;;;0.8331;1.0;0.8748
10756;13940;jumbo;unimarc;Bebida Isotónica Suerox Piña 630 cc;Bebida isotónica Suerox piña 630 ml;Suerox;Suerox;2090.0;2910.0;;;;;0.7558;1.0;0.8169
10762;13941;jumbo;unimarc;Bebida Isotónica Suerox Frutilla Kiwi 630 ml;Bebida isotónica Suerox frutilla kiwi 630 ml;Suerox;Suerox;2090.0;2910.0;;;;;1.0;1.0;1.0
10764;13942;jumbo;unimarc;Bebida Isotónica Suerox Naranja 630 ml;Bebida isotónica Suerox naranja 630 ml;Suerox;Suerox;2090.0;2910.0;;;;;1.0;1.0;1.0
10765;13934;jumbo;unimarc;Bebida Isotónica Suerox Arándano Pomelo 1 L;Bebida isotónica Suerox arándano pomelo 630 ml;Suerox;Suerox;3490.0;2910.0;;;;;0.8142;1.0;0.8606
10768;13942;jumbo;unimarc;Bebida Isotónica Suerox Naranja 1 L;Bebida isotónica Suerox naranja 630 ml;Suerox;Suerox;3490.0;2910.0;;;;;0.6946;1.0;0.771
9897;13804;jumbo;unimarc;Bebida Limón Soda retornable 2.5 L + Envase;Bebida Limón soda retornable 2 L + envase;Limón Soda;Limon Soda;2190.0;1590.0;;;;;1.0;1.0;1.0
9893;13801;jumbo;unimarc;Bebida Pap retornable 2.5 L + Envase;Bebida Pap retornable 2 L + envase;Pap;Pap;2190.0;1590.0;;;;;1.0;1.0;1.0
9771;13864;jumbo;unimarc;Bebida Pepsi Zero 600 ml;Bebida Pepsi zero 600 ml;Pepsi;Pepsi;1350.0;1290.0;;;;;1.0;1.0;1.0
8447;29444;jumbo;lider;Bebida Vegetal NotMilk Chocolate 1 L;Bebida Vegetal Notmilk Chocolate, 1 L;NotCo;;2960.0;2950.0;;;;;0.8671;0.6;0.8003
11800;21598;jumbo;unimarc;Cera Crema Brillina Incolora 480 cc;Cera crema Brillina incolora 480 ml;Brillina;Brillina;3090.0;3450.0;;;;;0.7005;1.0;0.7753
11802;21590;jumbo;unimarc;Cera Crema Brillina Amarilla 480 cc;Cera crema Brillina amarilla 480 ml;Brillina;Brillina;3090.0;3450.0;;;;;0.6784;1.0;0.7588
11798;21588;jumbo;unimarc;Cera Crema Nugget Incolora Doypack 340 cc;Cera crema Nugget incolora, doypack 340 g;Nugget;Nugget;2590.0;2590.0;;;;;0.885;1.0;0.9137
5673;26683;jumbo;lider;Cereal Natur Arroz 300 g;Cereal Natur Arroz, 300 g;Natur;;2730.0;2550.0;;;;;0.8165;0.6;0.7624
5676;26678;jumbo;lider;Cereal Natur Maíz 300 g;Cereal Natur Maíz, 300 g;Natur;;2730.0;2550.0;;;;;0.8481;0.6;0.7861
5849;26678;jumbo;lider;Cereal Natur Maíz 300 g;Cereal Natur Maíz, 300 g;Natur;;2730.0;2550.0;;;;;0.8481;0.6;0.7861
11209;21300;jumbo;unimarc;Cloro Gel Clorinda Lavanda 900 ml;Cloro gel Clorinda lavanda 900 ml;Clorinda;Clorinda;1990.0;1990.0;;;;;1.0;1.0;1.0
11230;21299;jumbo;unimarc;Cloro Gel Clorinda Flores Silvestres 650 ml;Cloro gel Clorinda flores silvestres doypack 650 ml;Clorinda;Clorinda;1259.0;1390.0;;;;;0.6817;1.0;0.7613
11234;21282;jumbo;unimarc;Cloro Gel Clorinda Menta 900 ml;Cloro gel Clorinda menta 900 ml;Clorinda;Clorinda;1990.0;2090.0;;;;;1.0;1.0;1.0
11307;21300;jumbo;unimarc;Cloro Gel Clorinda Lavanda 900 ml;Cloro gel Clorinda lavanda 900 ml;Clorinda;Clorinda;1990.0;1990.0;;;;;1.0;1.0;1.0
11198;21302;jumbo;unimarc;Cloro Gel Clorox Menta 900 ml;Cloro gel Clorox menta 900 ml;Clorox;Clorox;2190.0;2290.0;;;;;1.0;1.0;1.0
11198;21320;jumbo;unimarc;Cloro Gel Clorox Menta 900 ml;Cloro gel Clorox menta 1.5 L;Clorox;Clorox;2190.0;3650.0;;;;;0.7143;1.0;0.7857
11200;21292;jumbo;unimarc;Cloro Gel Clorox Original 900 ml;Cloro gel Clorox original 900 ml;Clorox;Clorox;2190.0;2290.0;;;;;1.0;1.0;1.0
11211;21305;jumbo;unimarc;Cloro Gel Clorox Lavanda 900 ml;Cloro gel Clorox lavanda 900 ml;Clorox;Clorox;2190.0;2290.0;;;;;1.0;1.0;1.0
11211;21336;jumbo;unimarc;Cloro Gel Clorox Lavanda 900 ml;Cloro gel Clorox lavanda 1.5 L;Clorox;Clorox;2190.0;3650.0;;;;;0.7143;1.0;0.7857
11282;21302;jumbo;unimarc;Cloro Gel Clorox Menta 900 ml;Cloro gel Clorox menta 900 ml;Clorox;Clorox;2190.0;2290.0;;;;;1.0;1.0;1.0
11282;21320;jumbo;unimarc;Cloro Gel Clorox Menta 900 ml;Cloro gel Clorox menta 1.5 L;Clorox;Clorox;2190.0;3650.0;;;;;0.7143;1.0;0.7857
11286;21292;jumbo;unimarc;Cloro Gel Clorox Original 900 ml;Cloro gel Clorox original 900 ml;Clorox;Clorox;2190.0;2290.0;;;;;1.0;1.0;1.0
11293;21305;jumbo;unimarc;Cloro Gel Clorox Lavanda 900 ml;Cloro gel Clorox lavanda 900 ml;Clorox;Clorox;2190.0;2290.0;;;;;1.0;1.0;1.0
11293;21336;jumbo;unimarc;Cloro Gel Clorox Lavanda 900 ml;Cloro gel Clorox lavanda 1.5 L;Clorox;Clorox;2190.0;3650.0;;;;;0.7143;1.0;0.7857
11222;21297;jumbo;unimarc;Cloro Gel Igenix Lavanda 900 ml;Cloro gel Igenix lavanda 900 ml;Igenix;Igenix;1990.0;1750.0;;;;;1.0;1.0;1.0
2243;25324;jumbo;lider;Compota Orgánica Manzana, Plátano y Mango 90 g;Compota Orgánica Manzana Plátano Mango, 90 g;Vivo;;890.0;870.0;;;;;0.8356;0.6;0.7767
2243;34417;jumbo;lider;Compota Orgánica Manzana, Plátano y Mango 90 g;Compota Orgánica Manzana Plátano Mango, 90 g;Vivo;;890.0;870.0;;;;;0.8356;0.6;0.7767
2245;25311;jumbo;lider;Compota Orgánica Manzana y Pera 90 g;Compota Orgánica Manzana Pera, 90 g;Vivo;;890.0;870.0;;;;;0.8032;0.6;0.7524
2245;29818;jumbo;lider;Compota Orgánica Manzana y Pera 90 g;Compota Orgánica Manzana Pera, 90 g;Vivo;;890.0;870.0;;;;;0.8032;0.6;0.7524
2360;25324;jumbo;lider;Compota Orgánica Manzana, Plátano y Mango 90 g;Compota Orgánica Manzana Plátano Mango, 90 g;Vivo;;890.0;870.0;;;;;0.8356;0.6;0.7767
2360;34417;jumbo;lider;Compota Orgánica Manzana, Plátano y Mango 90 g;Compota Orgánica Manzana Plátano Mango, 90 g;Vivo;;890.0;870.0;;;;;0.8356;0.6;0.7767
3351;23017;jumbo;unimarc;Corrector de Ojeras Maybelline Nude 6 ml;Corrector de ojeras Maybelline nude 6.8 ml;Maybelline;Maybelline;8050.0;8990.0;;;;;1.0;1.0;1.0
2635;23042;jumbo;unimarc;Crema Corporal Lubriderm Reparación Intensiva 750 ml;Crema corporal Lubriderm reparación intensiva 750 ml;Lubriderm;Lubriderm;8490.0;9790.0;;;;;1.0;1.0;1.0
2645;23059;jumbo;unimarc;Crema Corporal Lubriderm Humectación Diaria 200 ml;Crema corporal Lubriderm humectación diaria 200 ml;Lubriderm;Lubriderm;5390.0;5790.0;;;;;1.0;1.0;1.0
2689;23042;jumbo;unimarc;Crema Corporal Lubriderm Reparación Intensiva 750 ml;Crema corporal Lubriderm reparación intensiva 750 ml;Lubriderm;Lubriderm;8490.0;9790.0;;;;;1.0;1.0;1.0
2632;23039;jumbo;unimarc;Crema Corporal Nivea Q10 Reafirmante 1000 ml;Crema corporal Nivea Q10 reafirmante  1 L;Nivea;Nivea;12690.0;9450.0;;;;;0.7625;1.0;0.8219
2633;23049;jumbo;unimarc;Crema Corporal Nivea Regeneración Intensiva 1000 ml;Crema corporal Nivea regeneración intensiva 1 L;Nivea;Nivea;9290.0;12550.0;;;;;0.7633;1.0;0.8225
2639;23051;jumbo;unimarc;Crema Corporal Nivea Soft Milk Piel Seca 1000 ml;Crema corporal Nivea soft milk piel seca 250 ml;Nivea;Nivea;8290.0;6650.0;;;;;0.7424;1.0;0.8068
2649;23041;jumbo;unimarc;Crema Corporal Nivea Hidratación Express 1000 ml;Crema corporal Nivea hidratación express 1 L;Nivea;Nivea;8290.0;8790.0;;;;;0.7688;1.0;0.8266
2693;23049;jumbo;unimarc;Crema Corporal Nivea Regeneración Intensiva 1000 ml;Crema corporal Nivea regeneración intensiva 1 L;Nivea;Nivea;9290.0;12550.0;;;;;0.7633;1.0;0.8225
2698;23039;jumbo;unimarc;Crema Corporal Nivea Q10 Reafirmante 1000 ml;Crema corporal Nivea Q10 reafirmante  1 L;Nivea;Nivea;12690.0;9450.0;;;;;0.7625;1.0;0.8219
2708;23049;jumbo;unimarc;Crema Corporal Nivea Regeneración Intensiva 400 ml;Crema corporal Nivea regeneración intensiva 1 L;Nivea;Nivea;8990.0;12550.0;;;;;0.7151;1.0;0.7863
3172;23111;jumbo;unimarc;Crema Facial Nivea Rose Care Gel 50 ml;Crema facial Nivea rose care en gel 50 ml;Nivea;Nivea;5990.0;8890.0;;;;;0.6768;1.0;0.7576
3304;23111;jumbo;unimarc;Crema Facial Nivea Rose Care Gel 50 ml;Crema facial Nivea rose care en gel 50 ml;Nivea;Nivea;5990.0;8890.0;;;;;0.6768;1.0;0.7576
1751;22618;jumbo;unimarc;Crema para Peinar Elvive Hidra Hialurónico 3 en 1 - 500 ml;Crema para peinar Elvive hidra hialurónico 300 ml;Elvive;Elvive;6293.0;4990.0;;;;;0.6773;1.0;0.758
11678;21416;jumbo;unimarc;Desodorante Ambiental Glade Limón Refrescante 255 ml;Desodorante ambiental Glade limón refrescante 255 ml;Glade;Glade;1950.0;1990.0;;;;;1.0;1.0;1.0
2542;30706;jumbo;lider;Desodorante Antitranspirante Gel Secret Powder Protect Cotton 45 g;Desodorante Antitranspirante En Gel Secret Powder Protect Cotton, 45 g;Secret;;4090.0;990.0;;;;;0.8145;0.6;0.7609
2580;23032;jumbo;unimarc;Desodorante para Pies Curitas Fresh Active 2 en 1 - 150 ml;Desodorante para pies Curitas fresh active spray 150 ml;Curitas;Curitas;6790.0;6790.0;;;;;0.7686;1.0;0.8265
2612;23032;jumbo;unimarc;Desodorante para Pies Curitas Silver Active Spray 150 ml;Desodorante para pies Curitas fresh active spray 150 ml;Curitas;Curitas;6790.0;6790.0;;;;;0.7199;1.0;0.7899
2612;23033;jumbo;unimarc;Desodorante para Pies Curitas Silver Active Spray 150 ml;Desodorante para pies Curitas silver active spray 150 ml;Curitas;Curitas;6790.0;6790.0;;;;;1.0;1.0;1.0
2407;23245;jumbo;unimarc;Desodorante Spray Lady Speed Stick 24/7 Powder Fresh 91 g 2 un.;Desodorante spray Lady Speed Stick 24/7 powder fresh 91 g;Lady Speed Stick;Lady Speed Stick;6090.0;2895.0;;;;;0.9032;1.0;0.9274
11022;20977;jumbo;unimarc;Detergente Líquido Ariel Doble Poder Concentrado 1.8 L;Detergente líquido Ariel doble poder concentrado botella 1.8 L;Ariel;Ariel;8994.0;14990.0;;;;;0.7356;1.0;0.8017
11152;20977;jumbo;unimarc;Detergente Líquido Ariel Doble Poder Concentrado 1.8 L;Detergente líquido Ariel doble poder concentrado botella 1.8 L;Ariel;Ariel;8994.0;14990.0;;;;;0.7356;1.0;0.8017
11046;20966;jumbo;unimarc;Detergente Líquido Omo Piel Sensible Doypack 3 L;Detergente líquido Omo piel sensible doypack 3 L;OMO;Omo;12990.0;10490.0;;;;;1.0;1.0;1.0
11055;20966;jumbo;unimarc;Detergente Líquido Omo Piel Sensible 3 L;Detergente líquido Omo piel sensible doypack 3 L;OMO;Omo;12990.0;10490.0;;;;;0.8266;1.0;0.87
11076;21007;jumbo;unimarc;Detergente Polvo Omo con Bicarbonato 2.7 kg;Detergente en polvo Omo con bicarbonato 2.7 Kg;OMO;Omo;9190.0;9190.0;;;;;0.72;1.0;0.79
5424;17466;jumbo;unimarc;Endulzante Líquido Daily Stevia 270 ml;Endulzante líquido Daily gotas stevia 270 ml;Daily;Daily;3890.0;3420.0;;;;;0.7117;1.0;0.7838
1957;22883;jumbo;unimarc;Enjuague Bucal Colgate Total Clean Mint 1 L;Enjuague bucal Colgate total clean mint 1 L;Colgate;Colgate;7833.0;7740.0;;;;;1.0;1.0;1.0
1957;22901;jumbo;unimarc;Enjuague Bucal Colgate Total Clean Mint 1 L;Enjuague bucal Colgate total clean mint 250 ml;Colgate;Colgate;7833.0;6290.0;;;;;0.7781;1.0;0.8336
1974;22903;jumbo;unimarc;Enjuague Bucal Colgate Ice Infinity 500 ml + 180 ml;Enjuague bucal Colgate ice infinity 500 ml + 180 ml;Colgate;Colgate;9690.0;7790.0;;;;;1.0;1.0;1.0
1976;22885;jumbo;unimarc;Enjuague Bucal Colgate Plax Minions 250 ml;Enjuague bucal Colgate plax minions 250 ml;Colgate;Colgate;4490.0;4990.0;;;;;1.0;1.0;1.0
1977;22885;jumbo;unimarc;Enjuague Bucal Colgate Plax Minions 250 ml;Enjuague bucal Colgate plax minions 250 ml;Colgate;Colgate;4490.0;4990.0;;;;;1.0;1.0;1.0
1979;22893;jumbo;unimarc;Enjuague Bucal Colgate Plax Fresh Mint 500 ml;Enjuague bucal Colgate plax fresh mint 1 L;Colgate;Colgate;6690.0;12190.0;;;;;0.7381;1.0;0.8036
1982;22893;jumbo;unimarc;Enjuague Bucal Colgate Plax Fresh Mint 1 L;Enjuague bucal Colgate plax fresh mint 1 L;Colgate;Colgate;10350.0;12190.0;;;;;1.0;1.0;1.0
1982;22900;jumbo;unimarc;Enjuague Bucal Colgate Plax Fresh Mint 1 L;Enjuague bucal Colgate plax fresh mint 250 ml;Colgate;Colgate;10350.0;6290.0;;;;;0.7702;1.0;0.8276
1990;22883;jumbo;unimarc;Enjuague Bucal Colgate Total Clean Mint 250 ml;Enjuague bucal Colgate total clean mint 1 L;Colgate;Colgate;3773.0;7740.0;;;;;0.7781;1.0;0.8336
1990;22901;jumbo;unimarc;Enjuague Bucal Colgate Total Clean Mint 250 ml;Enjuague bucal Colgate total clean mint 250 ml;Colgate;Colgate;3773.0;6290.0;;;;;1.0;1.0;1.0
2005;22883;jumbo;unimarc;Enjuague Bucal Colgate Total Clean Mint 1 L;Enjuague bucal Colgate total clean mint 1 L;Colgate;Colgate;7833.0;7740.0;;;;;1.0;1.0;1.0
2005;22901;jumbo;unimarc;Enjuague Bucal Colgate Total Clean Mint 1 L;Enjuague bucal Colgate total clean mint 250 ml;Colgate;Colgate;7833.0;6290.0;;;;;0.7781;1.0;0.8336
1981;22904;jumbo;unimarc;Enjuague Bucal Listerine Anticaries Zero Alcohol 500 ml;Enjuague bucal Listerine anticaries zero alcohol 500 ml;Listerine;Listerine;10490.0;11590.0;;;;;1.0;1.0;1.0
3739;23488;jumbo;unimarc;Espuma de Afeitar Gillette Sensitive 150 ml;Espuma de afeitar Gillette sensitive 150 g;Gillette;Gillette;4922.0;6250.0;;;;;0.823;1.0;0.8673
10457;14519;jumbo;unimarc;Espumante Misiones de Rengo Brut 750 cc;Espumante Misiones de Rengo brut 750 cc;Misiones de Rengo;Misiones De Rengo;6790.0;4790.0;;;;;1.0;1.0;1.0
10472;14522;jumbo;unimarc;Espumante Misiones de Rengo Rosé 750 cc;Espumante Misiones de Rengo rosé 750 cc;Misiones de Rengo;Misiones De Rengo;6790.0;4790.0;;;;;1.0;1.0;1.0
10449;14536;jumbo;unimarc;Espumante Valdivieso Brut 750 cc;Espumante Valdivieso brut 750 cc;Valdivieso;Valdivieso;6890.0;6890.0;;;;;1.0;1.0;1.0
10474;14553;jumbo;unimarc;Espumante Valdivieso Rosé 750 cc;Espumante Valdivieso rosé 750 cc;Valdivieso;Valdivieso;6890.0;6890.0;;;;;1.0;1.0;1.0
2286;34488;jumbo;lider;Fórmula Láctea Nidal Junior 800 g;Fórmula Láctea Nidal Junior, 800 g;Nidal;;9060.0;8990.0;;;;;0.8979;0.6;0.8234
8570;15280;jumbo;unimarc;Helado Bresler Cassata Trisabor Chocolate, Frutilla y Vainilla 1 L;Helado Bresler cassata chocolate frutilla y vainilla 1 L;Bresler;Bresler;3590.0;3450.0;;;;;0.6761;1.0;0.7571
8552;15276;jumbo;unimarc;Helado Bresler Cremissimo Costa Rama 900 ml;Helado Bresler cremissimo costa rama 900 ml;Bresler;Bresler;5390.0;6290.0;;;;;1.0;1.0;1.0
8567;15292;jumbo;unimarc;Helado Bresler Cremissimo Orly Berries 900 ml;Helado Bresler cremissimo orly berries 900 ml;Bresler;Bresler;5390.0;6290.0;;;;;1.0;1.0;1.0
8574;15293;jumbo;unimarc;Helado Bresler Cremissimo Mecano 900 ml;Helado Bresler cremissimo mecano 900 ml;Bresler;Bresler;5390.0;6290.0;;;;;1.0;1.0;1.0
8608;15345;jumbo;unimarc;Helado La Cremería Crunchy 3 Leches 1 L;Helado La Cremería crunchy 3 leches 1 L;La Cremería;La Cremeria;6390.0;5190.0;;;;;1.0;1.0;1.0
8541;15252;jumbo;unimarc;Helado Savory Chocolate Suizo y Frutos del Bosque 1 L;Helado Savory chocolate suizo y frutos del bosque 1 L;Savory;Savory;3890.0;2890.0;;;;;1.0;1.0;1.0
8542;15251;jumbo;unimarc;Helado Savory Chocolate Suizo Cassata 1 L;Helado Savory chocolate suizo cassata 1 L;Savory;Savory;3890.0;2890.0;;;;;1.0;1.0;1.0
8544;15277;jumbo;unimarc;Helado Savory Chocolate Lúcuma 1 L;Helado Savory chocolate lúcuma 1 L;Savory;Savory;3890.0;3690.0;;;;;1.0;1.0;1.0
8569;15270;jumbo;unimarc;Helado Trendy Suspiros Crema Frambuesa 1 L;Helado Trendy suspiros crema frambuesa 1 L;Trendy;Trendy;5790.0;4090.0;;;;;1.0;1.0;1.0
8632;15302;jumbo;unimarc;Helado Yogen Früz Chocolate Naranja 800 cc;Helado Yogen Fruz chocolate naranja 800 ml;Yogen Früz;Yogen Fruz;6990.0;6990.0;;;;;0.8261;1.0;0.8696
8634;15401;jumbo;unimarc;Helado Yogen Früz Mango Maracuyá 800 ml;Helado Yogen Fruz mango maracuyá 800 ml;Yogen Früz;Yogen Fruz;6990.0;6990.0;;;;;1.0;1.0;1.0
8640;15298;jumbo;unimarc;Helado Yogen Früz Frambuesa 800 ml;Helado Yogen Fruz frambuesa 800 ml;Yogen Früz;Yogen Fruz;6990.0;6990.0;;;;;1.0;1.0;1.0
2022;22889;jumbo;unimarc;Hilo Dental Oral-B Essentialfloss Sabor Menta 2 un.;Hilo dental Oral B essentialfloss sabor menta 2 un;Oral-B;Oral B;4690.0;3990.0;;;;;1.0;1.0;1.0
11711;21495;jumbo;unimarc;Insecticida Raid Mata Moscas y Mosquitos Aerosol 360 ml;Insecticida Raid mata moscas, mosquitos y zancudo 360 cc Insecticida Raid mata moscas y mosquitos aerosol 360 ml;Raid;Raid;4690.0;3490.0;;;;;0.8022;1.0;0.8517
11695;21491;jumbo;unimarc;Insecticida Tanax Mata Insectos Sin Olor 560 ml;Insecticida Tanax mata insectos sin olor 560 cc;Tanax;Tanax;3112.0;3490.0;;;;;0.6723;1.0;0.7542
11763;21491;jumbo;unimarc;Insecticida Tanax Mata Insectos Sin Olor 560 ml;Insecticida Tanax mata insectos sin olor 560 cc;Tanax;Tanax;3112.0;3490.0;;;;;0.6723;1.0;0.7542
11714;21498;jumbo;unimarc;Insecticida Tanax Moscas y Zancudos Sin Olor 560 ml;Insecticida Tanax moscas y zancudos sin olor 560 cc;Tanax;Tanax;3112.0;3490.0;;;;;0.7143;1.0;0.7857
2808;23174;jumbo;unimarc;Jabón Íntimo Nosotras Sensitiv 200 ml;Jabón íntimo Nosotras sensitiv 200 ml;Nosotras;Nosotras;3990.0;4990.0;;;;;1.0;1.0;1.0
2872;23174;jumbo;unimarc;Jabón Íntimo Nosotras Sensitiv 200 ml;Jabón íntimo Nosotras sensitiv 200 ml;Nosotras;Nosotras;3990.0;4990.0;;;;;1.0;1.0;1.0
2077;22937;jumbo;unimarc;Jabón Líquido Dove Karité 700 ml;Jabón líquido Dove karité 700 ml;Dove;Dove;2583.0;3000.0;;;;;1.0;1.0;1.0
2169;22937;jumbo;unimarc;Jabón Líquido Dove Karité 700 ml;Jabón líquido Dove karité 700 ml;Dove;Dove;2583.0;3000.0;;;;;1.0;1.0;1.0
2104;22974;jumbo;unimarc;Jabón Líquido Le Sancy Aceite de Almendras 750 ml;Jabón líquido Le Sancy aceite de almendras 750 ml;Le Sancy;Le Sancy;2990.0;3150.0;;;;;1.0;1.0;1.0
9940;14020;jumbo;unimarc;Jugo Guallarauco Naranja 0% Azúcar Añadida 1 L;Jugo Guallarauco naranja 0% azúcar añadida botella 1 L;Guallarauco;Guallarauco;2450.0;3000.0;;;;;0.7247;1.0;0.7935
10100;14020;jumbo;unimarc;Jugo Guallarauco Naranja 0% Azúcar Añadida 1 L;Jugo Guallarauco naranja 0% azúcar añadida botella 1 L;Guallarauco;Guallarauco;2450.0;3000.0;;;;;0.7247;1.0;0.7935
9986;14091;jumbo;unimarc;Jugo en Polvo Livean Melón Tuna 7 g;Jugo en polvo Livean melón tuna rinde 1 L;Livean;Livean;290.0;290.0;;;;;0.8476;1.0;0.8857
9987;14100;jumbo;unimarc;Jugo en Polvo Livean Papaya 7 g;Jugo en polvo Livean papaya rinde 1 L;Livean;Livean;290.0;290.0;;;;;0.7487;1.0;0.8116
9989;14092;jumbo;unimarc;Jugo en Polvo Livean Piña 7 g;Jugo en polvo Livean piña rinde 1 L;Livean;Livean;290.0;290.0;;;;;0.7175;1.0;0.7881
9990;14094;jumbo;unimarc;Jugo en Polvo Livean Berries 7 g;Jugo en polvo Livean berries rinde 1 L;Livean;Livean;290.0;290.0;;;;;0.7175;1.0;0.7881
9993;14096;jumbo;unimarc;Jugo en Polvo Livean Mango 7 g;Jugo en polvo Livean mango rinde 1 L;Livean;Livean;290.0;290.0;;;;;0.7487;1.0;0.8116
9994;14093;jumbo;unimarc;Jugo en Polvo Livean Frutilla 7 g;Jugo en polvo Livean frutilla rinde 1 L;Livean;Livean;290.0;290.0;;;;;0.7487;1.0;0.8116
9995;14097;jumbo;unimarc;Jugo en Polvo Livean Naranja 7 g;Jugo en polvo Livean naranja rinde 1 L;Livean;Livean;290.0;290.0;;;;;0.7487;1.0;0.8116
9997;14099;jumbo;unimarc;Jugo en Polvo Livean Durazno 7 g;Jugo en polvo Livean durazno rinde 1 L;Livean;Livean;290.0;290.0;;;;;0.7487;1.0;0.8116
9998;14104;jumbo;unimarc;Jugo en Polvo Livean Maracuyá 7 g;Jugo en polvo Livean maracuyá rinde 1 L;Livean;Livean;290.0;290.0;;;;;0.7487;1.0;0.8116
10135;14092;jumbo;unimarc;Jugo en Polvo Livean Piña 7 g;Jugo en polvo Livean piña rinde 1 L;Livean;Livean;290.0;290.0;;;;;0.7175;1.0;0.7881
10137;14094;jumbo;unimarc;Jugo en Polvo Livean Berries 7 g;Jugo en polvo Livean berries rinde 1 L;Livean;Livean;290.0;290.0;;;;;0.7175;1.0;0.7881
9980;14118;jumbo;unimarc;Jugo en Polvo Vivo Manzana 7 g;Jugo en polvo Vivo manzana rinde 1 L;Vivo;Vivo;290.0;290.0;;;;;0.7521;1.0;0.8141
9981;14109;jumbo;unimarc;Jugo en Polvo Vivo Piña 7 g;Jugo en polvo Vivo piña rinde 1 L;Vivo;Vivo;290.0;290.0;;;;;0.7521;1.0;0.8141
9983;14114;jumbo;unimarc;Jugo en Polvo Vivo Frutilla 7 g;Jugo en polvo Vivo frutilla rinde 1 L;Vivo;Vivo;290.0;290.0;;;;;0.737;1.0;0.8028
9984;14113;jumbo;unimarc;Jugo en Polvo Vivo Naranja 7 g;Jugo en polvo Vivo naranja rinde 1 L;Vivo;Vivo;290.0;290.0;;;;;0.7199;1.0;0.7899
9992;14119;jumbo;unimarc;Jugo en Polvo Vivo Mango 7 g;Jugo en polvo Vivo mango rinde 1 L;Vivo;Vivo;290.0;290.0;;;;;0.7521;1.0;0.8141
10003;14125;jumbo;unimarc;Jugo en Polvo Vivo Papaya 7 g;Jugo en polvo Vivo papaya rinde 1 L;Vivo;Vivo;290.0;290.0;;;;;0.7521;1.0;0.8141
10007;14127;jumbo;unimarc;Jugo en Polvo Vivo Durazno 7 g;Jugo en polvo Vivo durazno rinde 1 L;Vivo;Vivo;290.0;290.0;;;;;0.7199;1.0;0.7899
9999;14102;jumbo;unimarc;Jugo en Polvo Zuko Naranja Plátano 15 g;Jugo en polvo Zuko naranja plátano rinde 1 L;Zuko;Zuko;280.0;280.0;;;;;0.6793;1.0;0.7595
10012;14111;jumbo;unimarc;Jugo en Polvo Zuko Limón Dulce 15 g;Jugo en polvo Zuko limón dulce rinde 1 L;Zuko;Zuko;280.0;280.0;;;;;0.7151;1.0;0.7863
11371;21184;jumbo;unimarc;Lavaloza Quix Ultra Concentrado 500 ml;Lavaloza Quix ultra concentrado 500 ml;Quix;Quix;2690.0;2990.0;;;;;1.0;1.0;1.0
11423;21184;jumbo;unimarc;Lavaloza Quix Ultra Concentrado 500 ml;Lavaloza Quix ultra concentrado 500 ml;Quix;Quix;2690.0;2990.0;;;;;1.0;1.0;1.0
7801;20334;jumbo;unimarc;Leche Cultivada Soprole Vainilla 1 L;Leche cultivada Soprole vainilla 1 L Leche cultivada Soprole sabor vainilla 1 L;Soprole;Soprole;2490.0;2490.0;;;;;0.7095;1.0;0.7821
7803;20330;jumbo;unimarc;Leche Cultivada Soprole Sin Lactosa Frutilla 1 L;Leche cultivada Soprole sin lactosa frutilla 1 L Leche cultivada sin lactosa Soprole Zerolacto sabor frutilla botella 1 L;Soprole;Soprole;2630.0;2590.0;;;;;0.7132;1.0;0.7849
7842;20334;jumbo;unimarc;Leche Cultivada Soprole Vainilla 1 L;Leche cultivada Soprole vainilla 1 L Leche cultivada Soprole sabor vainilla 1 L;Soprole;Soprole;2490.0;2490.0;;;;;0.7095;1.0;0.7821
7844;20330;jumbo;unimarc;Leche Cultivada Soprole Sin Lactosa Frutilla 1 L;Leche cultivada Soprole sin lactosa frutilla 1 L Leche cultivada sin lactosa Soprole Zerolacto sabor frutilla botella 1 L;Soprole;Soprole;2630.0;2590.0;;;;;0.7132;1.0;0.7849
7852;20333;jumbo;unimarc;Leche Cultivada Soprole Sin Lactosa Chirimoya 1 L;Leche cultivada Soprole sin lactosa chirimoya 1 L Leche cultivada sin lactosa Soprole Zerolacto sabor chirimoya botella 1 L;Soprole;Soprole;2630.0;2590.0;;;;;0.7151;1.0;0.7864
10793;13744;jumbo;unimarc;Pack 4 un. Agua Tónica San Pellegrino 200 cc;Pack agua tónica San Pellegrino citrus 4 un de 200 ml;San Pellegrino;San Pellegrino;5990.0;6890.0;;;;;0.6705;1.0;0.7529
11037;20978;jumbo;unimarc;Pack Detergente Líquido Ariel Doble Poder Concentrado 1.8 L 2 un.;Pack Detergente Líquido Ariel doble poder concentrado botella 3.6 L;Ariel;Ariel;17490.0;20290.0;;;;;0.8443;1.0;0.8832
10871;21099;jumbo;unimarc;Papel Higiénico Confort Familiar Una Hoja 120 m 8 un.;Papel higiénico Confort familiar una hoja 8 un (120 m);Confort;Confort;15690.0;10980.0;;;;;0.6805;1.0;0.7604
10884;21105;jumbo;unimarc;Papel Higiénico Confort Doble Hoja 40 m 8 un.;Papel higiénico Confort doble hoja 40 un de 22 m;Confort;Confort;6790.0;13290.0;;;;;0.6728;1.0;0.7546
10860;21116;jumbo;unimarc;Papel Higiénico Elite Soft & Strong Triple Hoja 40 m 12 un.;Papel higiénico Elite soft & strong triple hoja 4 un (40 m);Elite;Elite;12890.0;4590.0;;;;;0.6967;1.0;0.7725
10882;21116;jumbo;unimarc;Papel Higiénico Elite Soft & Strong Triple Hoja 40 m 4 un.;Papel higiénico Elite soft & strong triple hoja 4 un (40 m);Elite;Elite;5190.0;4590.0;;;;;0.7481;1.0;0.811
11004;21116;jumbo;unimarc;Papel Higiénico Elite Soft & Strong Triple Hoja 40 m 12 un.;Papel higiénico Elite soft & strong triple hoja 4 un (40 m);Elite;Elite;12890.0;4590.0;;;;;0.6967;1.0;0.7725
1844;22778;jumbo;unimarc;Pasta Dental Colgate Total Encías Saludables con Flúor 75 ml;Pasta dental Colgate total encías saludables con flúor 75 ml;Colgate;Colgate;4090.0;2000.0;;;;;1.0;1.0;1.0
1872;22781;jumbo;unimarc;Pasta Dental Colgate Total Carbón Activado 75 ml;Pasta dental Colgate total carbón activado con flúor 75 ml;Colgate;Colgate;2863.0;2000.0;;;;;0.7097;1.0;0.7822
2021;22778;jumbo;unimarc;Pasta Dental Colgate Total Encías Saludables con Flúor 75 ml;Pasta dental Colgate total encías saludables con flúor 75 ml;Colgate;Colgate;4090.0;2000.0;;;;;1.0;1.0;1.0
22789;30416;unimarc;lider;Pasta dental Colgate total original mint 75 ml;Pasta Dental Colgate Total Original Mint, 75 ml;Colgate;;2000.0;1800.0;;;;;0.9924;0.6;0.8943
9627;14745;jumbo;unimarc;Pisco Alto del Carmen Especial 35° Botella 1.5 L;Pisco Alto del Carmen especial 35° botella 750 cc;Alto Del Carmen;Alto Del Carmen;10990.0;7290.0;;;;;0.8495;1.0;0.8872
9627;14757;jumbo;unimarc;Pisco Alto del Carmen Especial 35° Botella 1.5 L;Pisco Alto del Carmen especial 35° botella 1 L;Alto Del Carmen;Alto Del Carmen;10990.0;9990.0;;;;;1.0;1.0;1.0
9627;32194;jumbo;lider;Pisco Alto del Carmen Especial 35° Botella 1.5 L;Pisco Alto del Carmen Especial 35° Botella, 1 L;Alto Del Carmen;;10990.0;1500.0;;;;;0.9697;0.6;0.8773
9628;14728;jumbo;unimarc;Pisco Alto del Carmen Reservado Transparente 40° Botella 750 cc;Pisco Alto del Carmen reservado transparente 40° botella 750 cc;Alto Del Carmen;Alto Del Carmen;7990.0;7990.0;;;;;1.0;1.0;1.0
9628;14780;jumbo;unimarc;Pisco Alto del Carmen Reservado Transparente 40° Botella 750 cc;Pisco Alto del Carmen reservado 40° botella 750 cc;Alto Del Carmen;Alto Del Carmen;7990.0;9550.0;;;;;0.6734;1.0;0.7551
9650;14745;jumbo;unimarc;Pisco Alto del Carmen Especial 35° Botella 1 L;Pisco Alto del Carmen especial 35° botella 750 cc;Alto Del Carmen;Alto Del Carmen;9990.0;7290.0;;;;;0.8495;1.0;0.8872
9650;14757;jumbo;unimarc;Pisco Alto del Carmen Especial 35° Botella 1 L;Pisco Alto del Carmen especial 35° botella 1 L;Alto Del Carmen;Alto Del Carmen;9990.0;9990.0;;;;;1.0;1.0;1.0
9650;32194;jumbo;lider;Pisco Alto del Carmen Especial 35° Botella 1 L;Pisco Alto del Carmen Especial 35° Botella, 1 L;Alto Del Carmen;;9990.0;1500.0;;;;;0.9697;0.6;0.8773
9653;14745;jumbo;unimarc;Pisco Alto del Carmen Especial 35° Botella 750 cc;Pisco Alto del Carmen especial 35° botella 750 cc;Alto Del Carmen;Alto Del Carmen;6990.0;7290.0;;;;;1.0;1.0;1.0
9653;14757;jumbo;unimarc;Pisco Alto del Carmen Especial 35° Botella 750 cc;Pisco Alto del Carmen especial 35° botella 1 L;Alto Del Carmen;Alto Del Carmen;6990.0;9990.0;;;;;0.8495;1.0;0.8872
9653;32194;jumbo;lider;Pisco Alto del Carmen Especial 35° Botella 750 cc;Pisco Alto del Carmen Especial 35° Botella, 1 L;Alto Del Carmen;;6990.0;1500.0;;;;;0.8238;0.6;0.7679
9731;14745;jumbo;unimarc;Pisco Alto del Carmen Especial 35° Botella 1.5 L;Pisco Alto del Carmen especial 35° botella 750 cc;Alto Del Carmen;Alto Del Carmen;10990.0;7290.0;;;;;0.8495;1.0;0.8872
9731;14757;jumbo;unimarc;Pisco Alto del Carmen Especial 35° Botella 1.5 L;Pisco Alto del Carmen especial 35° botella 1 L;Alto Del Carmen;Alto Del Carmen;10990.0;9990.0;;;;;1.0;1.0;1.0
9731;32194;jumbo;lider;Pisco Alto del Carmen Especial 35° Botella 1.5 L;Pisco Alto del Carmen Especial 35° Botella, 1 L;Alto Del Carmen;;10990.0;1500.0;;;;;0.9697;0.6;0.8773
9735;14728;jumbo;unimarc;Pisco Alto del Carmen Reservado Transparente 40° Botella 750 cc;Pisco Alto del Carmen reservado transparente 40° botella 750 cc;Alto Del Carmen;Alto Del Carmen;7990.0;7990.0;;;;;1.0;1.0;1.0
9735;14780;jumbo;unimarc;Pisco Alto del Carmen Reservado Transparente 40° Botella 750 cc;Pisco Alto del Carmen reservado 40° botella 750 cc;Alto Del Carmen;Alto Del Carmen;7990.0;9550.0;;;;;0.6734;1.0;0.7551
14745;32194;unimarc;lider;Pisco Alto del Carmen especial 35° botella 750 cc;Pisco Alto del Carmen Especial 35° Botella, 1 L;Alto Del Carmen;;7290.0;1500.0;;;;;0.8238;0.6;0.7679
14757;32194;unimarc;lider;Pisco Alto del Carmen especial 35° botella 1 L;Pisco Alto del Carmen Especial 35° Botella, 1 L;Alto Del Carmen;;9990.0;1500.0;;;;;0.9697;0.6;0.8773
9660;14736;jumbo;unimarc;Pisco Mal Paso Pedro Jimenez 40° 1 L;Pisco Mal Paso Pedro Jiménez 40° 1 L;Mal Paso;Mal Paso;11990.0;9590.0;;;;;1.0;1.0;1.0
9644;32230;jumbo;lider;Pisco Mistral Añejado en Roble 46° Botella 750 cc;Pisco Mistral Añejado en Roble 46° Botella, 750 cc;Mistral;;8890.0;10390.0;;;;;0.9713;0.6;0.8784
9656;32231;jumbo;lider;Pisco Mistral Nobel Barrica Tostada 40° 750 cc;Pisco Mistral Nobel Barrica Tostada 40°, 750 cc;Mistral;;12990.0;15590.0;;;;;0.9777;0.6;0.8833
9754;32231;jumbo;lider;Pisco Mistral Nobel Barrica Tostada 40° 750 cc;Pisco Mistral Nobel Barrica Tostada 40°, 750 cc;Mistral;;12990.0;15590.0;;;;;0.9777;0.6;0.8833
7920;29837;jumbo;lider;Postre Chandelle Crema Sin Lactosa Manjar 120 g;Postre Chandelle Crema Sin lactosa Manjar, 120 g;Nestlé;;870.0;850.0;;;;;0.9494;0.6;0.8621
7950;29837;jumbo;lider;Postre Chandelle Crema Sin Lactosa Manjar 120 g;Postre Chandelle Crema Sin lactosa Manjar, 120 g;Nestlé;;870.0;850.0;;;;;0.9494;0.6;0.8621
12793;28972;jumbo;lider;Queso Fresco Light Sin Lactosa 400 g;Queso Fresco Light Sin Lactosa, 400 g;Colun;;2790.0;300.0;;;;;0.8121;0.6;0.759
12920;28972;jumbo;lider;Queso Fresco Light Sin Lactosa 400 g;Queso Fresco Light Sin Lactosa, 400 g;Colun;;2790.0;300.0;;;;;0.8121;0.6;0.759
12778;28871;jumbo;lider;Queso Mantecoso Río Bueno Laminado 500 g;Queso Mantecoso Río Bueno Laminado, 500 g;Río Bueno;;7780.0;1400.0;;;;;0.9346;0.6;0.851
12846;28871;jumbo;lider;Queso Mantecoso Río Bueno Laminado 500 g;Queso Mantecoso Río Bueno Laminado, 500 g;Río Bueno;;7780.0;1400.0;;;;;0.9346;0.6;0.851
4848;17750;jumbo;unimarc;Salsa de Soya Kikkoman 591 ml;Salsa soya Kikkoman 591 ml;Kikkoman;Kikkoman;9290.0;7990.0;;;;;0.6939;1.0;0.7704
1640;22449;jumbo;unimarc;Shampoo Pantene Pro-V Bambú Nutre & Crece 400 ml;Shampoo Pantene pro-v bambú nutre y crece 400 ml;Pantene;Pantene;5090.0;4450.0;;;;;1.0;1.0;1.0
11078;21066;jumbo;unimarc;Suavizante Downy Brisa de Verano Aroma Limpio y Fresco 1 L;Suavizante Downy brisa de verano aroma limpio y fresco 500 ml;Downy;Downy;7490.0;3490.0;;;;;0.7762;1.0;0.8322
11078;21087;jumbo;unimarc;Suavizante Downy Brisa de Verano Aroma Limpio y Fresco 1 L;Suavizante Downy brisa de verano aroma limpio y fresco 1 L;Downy;Downy;7490.0;7990.0;;;;;1.0;1.0;1.0
11081;21083;jumbo;unimarc;Suavizante Downy Brisa Intenso Concentrado Perfume Más Intenso 1 L;Suavizante Downy brisa intenso perfume más intenso 1 L;Downy;Downy;7490.0;7990.0;;;;;0.7561;1.0;0.8171
11090;21066;jumbo;unimarc;Suavizante Downy Brisa de Verano Aroma Limpio y Fresco 500 ml;Suavizante Downy brisa de verano aroma limpio y fresco 500 ml;Downy;Downy;3190.0;3490.0;;;;;1.0;1.0;1.0
11090;21087;jumbo;unimarc;Suavizante Downy Brisa de Verano Aroma Limpio y Fresco 500 ml;Suavizante Downy brisa de verano aroma limpio y fresco 1 L;Downy;Downy;3190.0;7990.0;;;;;0.7762;1.0;0.8322
11115;21066;jumbo;unimarc;Suavizante Downy Brisa de Verano Aroma Limpio y Fresco 1.5 L;Suavizante Downy brisa de verano aroma limpio y fresco 500 ml;Downy;Downy;9690.0;3490.0;;;;;0.7762;1.0;0.8322
11115;21087;jumbo;unimarc;Suavizante Downy Brisa de Verano Aroma Limpio y Fresco 1.5 L;Suavizante Downy brisa de verano aroma limpio y fresco 1 L;Downy;Downy;9690.0;7990.0;;;;;1.0;1.0;1.0
11120;21083;jumbo;unimarc;Suavizante Downy Brisa Intenso Concentrado Perfume Más Intenso 1 L;Suavizante Downy brisa intenso perfume más intenso 1 L;Downy;Downy;7490.0;7990.0;;;;;0.7561;1.0;0.8171
11121;21066;jumbo;unimarc;Suavizante Downy Brisa de Verano Aroma Limpio y Fresco 1 L;Suavizante Downy brisa de verano aroma limpio y fresco 500 ml;Downy;Downy;7490.0;3490.0;;;;;0.7762;1.0;0.8322
11121;21087;jumbo;unimarc;Suavizante Downy Brisa de Verano Aroma Limpio y Fresco 1 L;Suavizante Downy brisa de verano aroma limpio y fresco 1 L;Downy;Downy;7490.0;7990.0;;;;;1.0;1.0;1.0
4621;17423;jumbo;unimarc;Sucedáneo Jugo Limón Traverso 1 L;Sucedáneo jugo de limón Traverso 1 L;Traverso;Traverso;1950.0;2490.0;;;;;0.7225;1.0;0.7919
4627;17421;jumbo;unimarc;Sucedáneo Jugo Limón Traverso 500 ml;Sucedáneo jugo de limón Traverso 500 ml;Traverso;Traverso;1250.0;1000.0;;;;;0.8153;1.0;0.8615
4627;17426;jumbo;unimarc;Sucedáneo Jugo Limón Traverso 500 ml;Sucedáneo jugo limón de pica Traverso 500 ml;Traverso;Traverso;1250.0;1890.0;;;;;0.6724;1.0;0.7543
4637;17426;jumbo;unimarc;Sucedáneo Jugo Limón Pica Traverso 500 ml;Sucedáneo jugo limón de pica Traverso 500 ml;Traverso;Traverso;1890.0;1890.0;;;;;0.7657;1.0;0.8243
10963;21128;jumbo;unimarc;Toalla de Papel Abolengo XL 100 m;Toalla de papel Abolengo XL 100 m;Abolengo;Abolengo;3650.0;3650.0;;;;;1.0;1.0;1.0
11009;21128;jumbo;unimarc;Toalla de Papel Abolengo XL 100 m;Toalla de papel Abolengo XL 100 m;Abolengo;Abolengo;3650.0;3650.0;;;;;1.0;1.0;1.0
10949;21135;jumbo;unimarc;Toalla de Papel Nova Gigante Doble Hoja 100 m;Toalla de papel Nova gigante doble hoja 1 un (100 m);Nova;Nova;4990.0;5950.0;;;;;0.6736;1.0;0.7552
10992;21135;jumbo;unimarc;Toalla de Papel Nova Gigante Doble Hoja 100 m;Toalla de papel Nova gigante doble hoja 1 un (100 m);Nova;Nova;4990.0;5950.0;;;;;0.6736;1.0;0.7552
4614;17428;jumbo;unimarc;Vinagre Incoloro Traverso 500 ml;Vinagre incoloro Traverso 500 ml;Traverso;Traverso;1290.0;1000.0;;;;;1.0;1.0;1.0
4675;17428;jumbo;unimarc;Vinagre Incoloro Traverso 500 ml;Vinagre incoloro Traverso 500 ml;Traverso;Traverso;1290.0;1000.0;;;;;1.0;1.0;1.0
4617;17434;jumbo;unimarc;Vinagre Manzana Traverso 500 ml;Vinagre manzana Traverso 500 ml;Traverso;Traverso;2320.0;2250.0;;;;;1.0;1.0;1.0
4613;17432;jumbo;unimarc;Vinagre de Vino Blanco Traverso 1 L;Vinagre vino blanco Traverso 1 L;Traverso;Traverso;1832.0;2250.0;;;;;0.7984;1.0;0.8488
4624;17433;jumbo;unimarc;Vinagre de Vino Blanco Traverso 500 ml;Vinagre vino blanco Traverso 500 ml;Traverso;Traverso;1210.0;1190.0;;;;;0.8767;1.0;0.9075
4669;17432;jumbo;unimarc;Vinagre de Vino Blanco Traverso 1 L;Vinagre vino blanco Traverso 1 L;Traverso;Traverso;1832.0;2250.0;;;;;0.7984;1.0;0.8488
9257;14340;jumbo;unimarc;Vino Carmen Frida Kahlo Reserva Carmenere 750 cc;Vino Carmen frida kahlo reserva carmenere 750 cc;Carmen;Carmen;4890.0;4390.0;;;;;1.0;1.0;1.0
9274;14362;jumbo;unimarc;Vino Carmen Frida Kahlo Gran Reserva Carmenere 750 cc;Vino Carmen Frida Kahlo gran reserva carmenere 750 cc;Carmen;Carmen;9350.0;6790.0;;;;;1.0;1.0;1.0
9307;14435;jumbo;unimarc;Vino Carmen Frida Kahlo Reserva Sauvignon Blanc 750 cc;Vino Carmen frida kahlo reserva sauvignon blanc 750 cc;Carmen;Carmen;4890.0;4390.0;;;;;1.0;1.0;1.0
9327;14429;jumbo;unimarc;Vino Carmen Frida Kahlo Reserva Rosé 750 cc;Vino Carmen frida kahlo reserva rose 750 cc;Carmen;Carmen;4890.0;4390.0;;;;;1.0;1.0;1.0
9362;14340;jumbo;unimarc;Vino Carmen Frida Kahlo Reserva Carmenere 750 cc;Vino Carmen frida kahlo reserva carmenere 750 cc;Carmen;Carmen;4890.0;4390.0;;;;;1.0;1.0;1.0
9294;14451;jumbo;unimarc;Vino Casas del Bosque Gran Reserva Sauvignon Blanc 750 cc;Vino Casas del Bosque reserva sauvignon blanc 750 cc;Casas del Bosque;Casas Del Bosque;8990.0;9750.0;;;;;0.6935;1.0;0.7702
9299;14451;jumbo;unimarc;Vino Casas del Bosque Reserva Sauvignon Blanc 750 cc;Vino Casas del Bosque reserva sauvignon blanc 750 cc;Casas del Bosque;Casas Del Bosque;9750.0;9750.0;;;;;1.0;1.0;1.0
9312;14469;jumbo;unimarc;Vino Casas del Bosque Reserva Chardonnay 750 cc;Vino Casas del Bosque reserva chardonnay 750 cc;Casas del Bosque;Casas Del Bosque;9750.0;9750.0;;;;;1.0;1.0;1.0
9249;14330;jumbo;unimarc;Vino Casillero del Diablo Reserva Carmenere 750 cc;Vino Casillero del Diablo reserva carmenere 750 cc;Casillero Del Diablo;Casillero Del Diablo;4990.0;4990.0;;;;;1.0;1.0;1.0
9255;14345;jumbo;unimarc;Vino Casillero del Diablo Reserva Cabernet Sauvignon 750 cc;Vino Casillero del Diablo reserva cabernet sauvignon 750 cc;Casillero Del Diablo;Casillero Del Diablo;4990.0;4990.0;;;;;1.0;1.0;1.0
9300;14430;jumbo;unimarc;Vino Casillero del Diablo Reserva Chardonnay 750 cc;Vino Casillero del Diablo reserva chardonnay 750 cc;Casillero Del Diablo;Casillero Del Diablo;4990.0;4990.0;;;;;1.0;1.0;1.0
9308;14440;jumbo;unimarc;Vino Casillero del Diablo Reserva Sauvignon Blanc 750 cc;Vino Casillero del Diablo reserva sauvignon blanc 750 cc;Casillero Del Diablo;Casillero Del Diablo;4990.0;4990.0;;;;;1.0;1.0;1.0
9359;14330;jumbo;unimarc;Vino Casillero del Diablo Reserva Carmenere 750 cc;Vino Casillero del Diablo reserva carmenere 750 cc;Casillero Del Diablo;Casillero Del Diablo;4990.0;4990.0;;;;;1.0;1.0;1.0
9374;14345;jumbo;unimarc;Vino Casillero del Diablo Reserva Cabernet Sauvignon 750 cc;Vino Casillero del Diablo reserva cabernet sauvignon 750 cc;Casillero Del Diablo;Casillero Del Diablo;4990.0;4990.0;;;;;1.0;1.0;1.0
9388;14430;jumbo;unimarc;Vino Casillero del Diablo Reserva Chardonnay 750 cc;Vino Casillero del Diablo reserva chardonnay 750 cc;Casillero Del Diablo;Casillero Del Diablo;4990.0;4990.0;;;;;1.0;1.0;1.0
9229;14387;jumbo;unimarc;Vino Castillo de Molina Red Blend 750 cc;Vino Castillo de Molina gran reserva red blend 750 cc;Castillo de Molina;Castillo De Molina;7290.0;7450.0;;;;;0.7314;1.0;0.7986
9259;14321;jumbo;unimarc;Vino Castillo de Molina Gran Reserva Carmenere 750 cc;Vino Castillo de Molina gran reserva carmenere 750 cc;Castillo de Molina;Castillo De Molina;7290.0;7450.0;;;;;1.0;1.0;1.0
9323;14431;jumbo;unimarc;Vino Castillo de Molina Gran Reserva Chardonnay 750 cc;Vino Castillo de Molina gran reserva chardonnay 750 cc;Castillo de Molina;Castillo De Molina;7290.0;7450.0;;;;;1.0;1.0;1.0
9365;14321;jumbo;unimarc;Vino Castillo de Molina Gran Reserva Carmenere 750 cc;Vino Castillo de Molina gran reserva carmenere 750 cc;Castillo de Molina;Castillo De Molina;7290.0;7450.0;;;;;1.0;1.0;1.0
9387;14431;jumbo;unimarc;Vino Castillo de Molina Gran Reserva Chardonnay 750 cc;Vino Castillo de Molina gran reserva chardonnay 750 cc;Castillo de Molina;Castillo De Molina;7290.0;7450.0;;;;;1.0;1.0;1.0
9291;14446;jumbo;unimarc;Vino Cono Sur Bicicleta Reserva Chardonnay 750 cc;Vino Cono Sur bicicleta reserva chardonnay 750 cc;Cono Sur;Cono Sur;3390.0;3490.0;;;;;1.0;1.0;1.0
9303;14444;jumbo;unimarc;Vino Cono Sur Bicicleta Reserva Sauvignon Blanc 750 cc;Vino Cono Sur bicicleta reserva sauvignon blanc 750 cc;Cono Sur;Cono Sur;3390.0;3490.0;;;;;1.0;1.0;1.0
9372;14446;jumbo;unimarc;Vino Cono Sur Bicicleta Reserva Chardonnay 750 cc;Vino Cono Sur bicicleta reserva chardonnay 750 cc;Cono Sur;Cono Sur;3390.0;3490.0;;;;;1.0;1.0;1.0
9297;14439;jumbo;unimarc;Vino Misiones de Rengo Sauvignon Blanc 750 cc;Vino Misiones de Rengo sauvignon blanc 750 cc;Misiones de Rengo;Misiones De Rengo;3190.0;3190.0;;;;;1.0;1.0;1.0
9280;14326;jumbo;unimarc;Vino Santa Rita Medalla Real Reserva Cabernet Sauvignon 750 cc;Vino Santa Rita medalla real cabernet sauvignon 750 cc;Santa Rita;Santa Rita;4490.0;3990.0;;;;;0.7151;1.0;0.7864
9292;14420;jumbo;unimarc;Vino Santa Rita Medalla Real Reserva Sauvignon Blanc 750 cc;Vino Santa Rita medalla real sauvignon blanc 750 cc;Santa Rita;Santa Rita;4490.0;3990.0;;;;;0.7039;1.0;0.7779
9376;14326;jumbo;unimarc;Vino Santa Rita Medalla Real Reserva Cabernet Sauvignon 750 cc;Vino Santa Rita medalla real cabernet sauvignon 750 cc;Santa Rita;Santa Rita;4490.0;3990.0;;;;;0.7151;1.0;0.7864
9377;14420;jumbo;unimarc;Vino Santa Rita Medalla Real Reserva Sauvignon Blanc 750 cc;Vino Santa Rita medalla real sauvignon blanc 750 cc;Santa Rita;Santa Rita;4490.0;3990.0;;;;;0.7039;1.0;0.7779
9209;14327;jumbo;unimarc;Vino Tarapacá Gran Reserva Carmenere 750 cc;Vino Tarapacá gran reserva carménère 750 cc;Tarapacá;Gran Tarapaca;12150.0;8490.0;;;;;0.8446;0.9;0.8585
9304;14460;jumbo;unimarc;Vino Undurraga Aliwen Reserva Sauvignon Blanc 750 cc;Vino Undurraga aliwen sauvignon blanc 750 cc;Undurraga;Undurraga;3490.0;4990.0;;;;;0.6741;1.0;0.7555
9368;14460;jumbo;unimarc;Vino Undurraga Aliwen Reserva Sauvignon Blanc 750 cc;Vino Undurraga aliwen sauvignon blanc 750 cc;Undurraga;Undurraga;3490.0;4990.0;;;;;0.6741;1.0;0.7555
9590;14857;jumbo;unimarc;Whisky Chivas Regal 12 Años 40° 750 cc;Whisky Chivas Regal 12 años 1 L;Chivas Regal;Chivas Regal;28990.0;32990.0;;;;;0.6708;1.0;0.7531
9590;14879;jumbo;unimarc;Whisky Chivas Regal 12 Años 40° 750 cc;Whisky Chivas Regal 12 años 750 cc;Chivas Regal;Chivas Regal;28990.0;37990.0;;;;;0.7028;1.0;0.7771
9612;14859;jumbo;unimarc;Whisky Chivas Regal 18 Años 40° 750 cc;Whisky Chivas Regal 18 años 750 cc;Chivas Regal;Chivas Regal;82490.0;82490.0;;;;;0.7386;1.0;0.8039
9757;14857;jumbo;unimarc;Whisky Chivas Regal 12 Años 40° 750 cc;Whisky Chivas Regal 12 años 1 L;Chivas Regal;Chivas Regal;28990.0;32990.0;;;;;0.6708;1.0;0.7531
9757;14879;jumbo;unimarc;Whisky Chivas Regal 12 Años 40° 750 cc;Whisky Chivas Regal 12 años 750 cc;Chivas Regal;Chivas Regal;28990.0;37990.0;;;;;0.7028;1.0;0.7771
9761;14859;jumbo;unimarc;Whisky Chivas Regal 18 Años 40° 750 cc;Whisky Chivas Regal 18 años 750 cc;Chivas Regal;Chivas Regal;82490.0;82490.0;;;;;0.7386;1.0;0.8039
9585;14861;jumbo;unimarc;Whisky Johnnie Walker Double Black 750 cc;Whisky Johnnie Walker double black 750 cc;Johnnie Walker;Johnnie Walker;34990.0;41990.0;;;;;1.0;1.0;1.0
9587;14858;jumbo;unimarc;Whisky Johnnie Walker Red Label 40° 750 cc;Whisky Johnnie Walker red label 750 cc;Johnnie Walker;Johnnie Walker;12490.0;12290.0;;;;;0.6953;1.0;0.7715
9589;14856;jumbo;unimarc;Whisky Johnnie Walker Blue Label 750 cc;Whisky Johnnie Walker blue label 750 ml;Johnnie Walker;Johnnie Walker;289990.0;315990.0;;;;;0.7514;1.0;0.8136
9597;14871;jumbo;unimarc;Whisky Johnnie Walker 18 Años 750 cc;Whisky Johnnie Walker 18 años 750 cc;Johnnie Walker;Johnnie Walker;109990.0;101390.0;;;;;1.0;1.0;1.0
9603;14862;jumbo;unimarc;Whisky Johnnie Walker Black Label 1 L;Whisky Johnnie Walker black label 750 ml;Johnnie Walker;Johnnie Walker;41990.0;27990.0;;;;;0.6721;1.0;0.7541
9607;14885;jumbo;unimarc;Whisky Johnnie Walker Green Label 750 cc;Whisky Johnnie Walker green label 750 cc;Johnnie Walker;Johnnie Walker;67990.0;79990.0;;;;;1.0;1.0;1.0
9732;14856;jumbo;unimarc;Whisky Johnnie Walker Blue Label 750 cc;Whisky Johnnie Walker blue label 750 ml;Johnnie Walker;Johnnie Walker;289990.0;315990.0;;;;;0.7514;1.0;0.8136
9736;14858;jumbo;unimarc;Whisky Johnnie Walker Red Label 40° 750 cc;Whisky Johnnie Walker red label 750 cc;Johnnie Walker;Johnnie Walker;12490.0;12290.0;;;;;0.6953;1.0;0.7715
9743;14871;jumbo;unimarc;Whisky Johnnie Walker 18 Años 750 cc;Whisky Johnnie Walker 18 años 750 cc;Johnnie Walker;Johnnie Walker;109990.0;101390.0;;;;;1.0;1.0;1.0
9747;14861;jumbo;unimarc;Whisky Johnnie Walker Double Black 750 cc;Whisky Johnnie Walker double black 750 cc;Johnnie Walker;Johnnie Walker;34990.0;41990.0;;;;;1.0;1.0;1.0
9763;14885;jumbo;unimarc;Whisky Johnnie Walker Green Label 750 cc;Whisky Johnnie Walker green label 750 cc;Johnnie Walker;Johnnie Walker;67990.0;79990.0;;;;;1.0;1.0;1.0
