group_id;producto_referencia;marca_referencia;category_std;unit_family;size_std;supermercado_mas_barato;precio_mas_barato;cantidad_opciones_comparadas;supermercados_presentes
1641;Shampoo Pantene pro-v bambú nutre y crece 400 ml;Pantene;;;;unimarc;4450.0;2;jumbo, unimarc
1683;Acondicionador Elvive Dream Liso 370 ml;Elvive;;;;jumbo;4520.0;2;jumbo, unimarc
1685;Acondicionador Elvive Hidra Hialurónico 680 ml;Elvive;;;;jumbo;5990.0;2;jumbo, unimarc
1696;Acondicionador Pantene pro-v bambú nutre y crece 400 ml Acondicionador Pantene bambú 400 ml;Pantene;;;;unimarc;4450.0;2;jumbo, unimarc
1701;Acondicionador Herbal Essences Agua de Coco & Jazmín 600 ml;Herbal Essences;;;;jumbo;7990.0;2;jumbo, unimarc
1705;Acondicionador Elvive Reparación Total 5 370 ml;Elvive;;;;jumbo;4320.0;2;jumbo, unimarc
1752;Crema para peinar Elvive hidra hialurónico 300 ml;Elvive;;;;unimarc;4990.0;2;jumbo, unimarc
1872;Pasta dental Colgate total carbón activado con flúor 75 ml;Colgate;;;;unimarc;2000.0;2;jumbo, unimarc
1973;Enjuague bucal Colgate ice infinity 500 ml + 180 ml;Colgate;;;;unimarc;7790.0;2;jumbo, unimarc
1975;Enjuague Bucal Colgate Plax Minions 250 ml;Colgate;;;;jumbo;4490.0;3;jumbo, unimarc
1978;Enjuague Bucal Listerine Anticaries Zero Alcohol 500 ml;Listerine;;;;jumbo;10490.0;2;jumbo, unimarc
1979;Enjuague bucal Colgate plax fresh mint 250 ml;Colgate;;;;unimarc;6290.0;4;jumbo, unimarc
2001;Enjuague Bucal Colgate Total Clean Mint 250 ml;Colgate;;;;jumbo;3773.0;5;jumbo, unimarc
2017;Pasta dental Colgate total encías saludables con flúor 75 ml;Colgate;;;;unimarc;2000.0;3;jumbo, unimarc
2018;Hilo dental Oral B essentialfloss sabor menta 2 un;Oral B;;;;unimarc;3990.0;2;jumbo, unimarc
2099;Jabón Líquido Le Sancy Aceite de Almendras 750 ml;Le Sancy;;;;jumbo;2990.0;2;jumbo, unimarc
2164;Jabón Líquido Dove Karité 700 ml;Dove;;;;jumbo;2583.0;3;jumbo, unimarc
2239;Compota Orgánica Manzana Pera, 90 g;;;;;lider;870.0;3;jumbo, lider
2280;Fórmula Láctea Nidal Junior, 800 g;;;;;lider;8990.0;2;jumbo, lider
2354;Compota Orgánica Manzana Plátano Mango, 90 g;;;;;lider;870.0;4;jumbo, lider
2401;Desodorante spray Lady Speed Stick 24/7 powder fresh 91 g;Lady Speed Stick;;;;unimarc;2895.0;2;jumbo, unimarc
2536;Desodorante Antitranspirante En Gel Secret Powder Protect Cotton, 45 g;;;;;lider;990.0;2;jumbo, lider
2605;Desodorante para Pies Curitas Fresh Active 2 en 1 - 150 ml;Curitas;;;;jumbo;6790.0;4;jumbo, unimarc
2629;Crema corporal Nivea soft milk piel seca 250 ml;Nivea;;;;unimarc;6650.0;2;jumbo, unimarc
2635;Crema Corporal Lubriderm Humectación Diaria 200 ml;Lubriderm;;;;jumbo;5390.0;2;jumbo, unimarc
2639;Crema Corporal Nivea Hidratación Express 1000 ml;Nivea;;;;jumbo;8290.0;2;jumbo, unimarc
2679;Crema Corporal Lubriderm Reparación Intensiva 750 ml;Lubriderm;;;;jumbo;8490.0;3;jumbo, unimarc
2687;Crema corporal Nivea Q10 reafirmante  1 L;Nivea;;;;unimarc;9450.0;3;jumbo, unimarc
2697;Crema Corporal Nivea Regeneración Intensiva 400 ml;Nivea;;;;jumbo;8990.0;4;jumbo, unimarc
2860;Jabón Íntimo Nosotras Sensitiv 200 ml;Nosotras;;;;jumbo;3990.0;3;jumbo, unimarc
3291;Crema Facial Nivea Rose Care Gel 50 ml;Nivea;;;;jumbo;5990.0;3;jumbo, unimarc
3338;Corrector de Ojeras Maybelline Nude 6 ml;Maybelline;;;;jumbo;8050.0;2;jumbo, unimarc
3726;Espuma de Afeitar Gillette Sensitive 150 ml;Gillette;;;;jumbo;4922.0;2;jumbo, unimarc
4528;Aceite de Oliva Banquete Extra Virgen 500 ml;Banquete;;;;jumbo;8990.0;2;jumbo, unimarc
4599;Vinagre manzana Traverso 500 ml;Traverso;;;;unimarc;2250.0;2;jumbo, unimarc
4603;Sucedáneo Jugo Limón Traverso 1 L;Traverso;;;;jumbo;1950.0;2;jumbo, unimarc
4606;Vinagre vino blanco Traverso 500 ml;Traverso;;;;unimarc;1190.0;2;jumbo, unimarc
4618;Sucedáneo jugo de limón Traverso 500 ml;Traverso;;;;unimarc;1000.0;4;jumbo, unimarc
4632;Aceite de oliva Chef extra virgen 500 ml;Chef;;;;unimarc;8000.0;3;jumbo, unimarc
4639;Aceite de Oliva Huasco Extra Virgen 500 ml;Huasco;;;;jumbo;8290.0;3;jumbo, unimarc
4650;Vinagre de Vino Blanco Traverso 1 L;Traverso;;;;jumbo;1832.0;3;jumbo, unimarc
4651;Aceite de Oliva Banquete Extra Virgen 250 ml;Banquete;;;;jumbo;5550.0;3;jumbo, unimarc
4656;Vinagre incoloro Traverso 500 ml;Traverso;;;;unimarc;1000.0;3;jumbo, unimarc
4829;Salsa soya Kikkoman 591 ml;Kikkoman;;;;unimarc;7990.0;2;jumbo, unimarc
5405;Endulzante líquido Daily gotas stevia 270 ml;Daily;;;;unimarc;3420.0;2;jumbo, unimarc
5654;Cereal Natur Arroz, 300 g;;;;;lider;2550.0;2;jumbo, lider
5829;Cereal Natur Maíz, 300 g;;;;;lider;2550.0;3;jumbo, lider
7820;Leche Cultivada Soprole Vainilla 1 L;Soprole;;;;jumbo;2490.0;3;jumbo, unimarc
7822;Leche cultivada Soprole sin lactosa frutilla 1 L Leche cultivada sin lactosa Soprole Zerolacto sabor frutilla botella 1 L;Soprole;;;;unimarc;2590.0;3;jumbo, unimarc
7830;Leche cultivada Soprole sin lactosa chirimoya 1 L Leche cultivada sin lactosa Soprole Zerolacto sabor chirimoya botella 1 L;Soprole;;;;unimarc;2590.0;2;jumbo, unimarc
7927;Postre Chandelle Crema Sin lactosa Manjar, 120 g;;;;;lider;850.0;3;jumbo, lider
8424;Bebida Vegetal Notmilk Chocolate, 1 L;;;;;lider;2950.0;2;jumbo, lider
8518;Helado Savory chocolate suizo y frutos del bosque 1 L;Savory;;;;unimarc;2890.0;2;jumbo, unimarc
8519;Helado Savory chocolate suizo cassata 1 L;Savory;;;;unimarc;2890.0;2;jumbo, unimarc
8521;Helado Savory chocolate lúcuma 1 L;Savory;;;;unimarc;3690.0;2;jumbo, unimarc
8529;Helado Bresler Cremissimo Costa Rama 900 ml;Bresler;;;;jumbo;5390.0;2;jumbo, unimarc
8544;Helado Bresler Cremissimo Orly Berries 900 ml;Bresler;;;;jumbo;5390.0;2;jumbo, unimarc
8546;Helado Trendy suspiros crema frambuesa 1 L;Trendy;;;;unimarc;4090.0;2;jumbo, unimarc
8547;Helado Bresler cassata chocolate frutilla y vainilla 1 L;Bresler;;;;unimarc;3450.0;2;jumbo, unimarc
8551;Helado Bresler Cremissimo Mecano 900 ml;Bresler;;;;jumbo;5390.0;2;jumbo, unimarc
8585;Helado La Cremería crunchy 3 leches 1 L;La Cremeria;;;;unimarc;5190.0;2;jumbo, unimarc
8609;Helado Yogen Früz Chocolate Naranja 800 cc;Yogen Früz;;;;jumbo;6990.0;2;jumbo, unimarc
8611;Helado Yogen Früz Mango Maracuyá 800 ml;Yogen Früz;;;;jumbo;6990.0;2;jumbo, unimarc
8617;Helado Yogen Früz Frambuesa 800 ml;Yogen Früz;;;;jumbo;6990.0;2;jumbo, unimarc
9186;Vino Tarapacá gran reserva carménère 750 cc;Gran Tarapaca;;;;unimarc;8490.0;2;jumbo, unimarc
9206;Vino Castillo de Molina Red Blend 750 cc;Castillo de Molina;;;;jumbo;7290.0;2;jumbo, unimarc
9247;Vino Carmen Frida Kahlo gran reserva carmenere 750 cc;Carmen;;;;unimarc;6790.0;2;jumbo, unimarc
9266;Vino Misiones de Rengo Sauvignon Blanc 750 cc;Misiones de Rengo;;;;jumbo;3190.0;2;jumbo, unimarc
9268;Vino Casas del Bosque Gran Reserva Sauvignon Blanc 750 cc;Casas del Bosque;;;;jumbo;8990.0;3;jumbo, unimarc
9271;Vino Cono Sur Bicicleta Reserva Sauvignon Blanc 750 cc;Cono Sur;;;;jumbo;3390.0;2;jumbo, unimarc
9274;Vino Carmen frida kahlo reserva sauvignon blanc 750 cc;Carmen;;;;unimarc;4390.0;2;jumbo, unimarc
9275;Vino Casillero del Diablo Reserva Sauvignon Blanc 750 cc;Casillero Del Diablo;;;;jumbo;4990.0;2;jumbo, unimarc
9279;Vino Casas del Bosque Reserva Chardonnay 750 cc;Casas del Bosque;;;;jumbo;9750.0;2;jumbo, unimarc
9293;Vino Carmen frida kahlo reserva rose 750 cc;Carmen;;;;unimarc;4390.0;2;jumbo, unimarc
9325;Vino Casillero del Diablo Reserva Carmenere 750 cc;Casillero Del Diablo;;;;jumbo;4990.0;3;jumbo, unimarc
9328;Vino Carmen frida kahlo reserva carmenere 750 cc;Carmen;;;;unimarc;4390.0;3;jumbo, unimarc
9331;Vino Castillo de Molina Gran Reserva Carmenere 750 cc;Castillo de Molina;;;;jumbo;7290.0;3;jumbo, unimarc
9334;Vino Undurraga Aliwen Reserva Sauvignon Blanc 750 cc;Undurraga;;;;jumbo;3490.0;3;jumbo, unimarc
9338;Vino Cono Sur Bicicleta Reserva Chardonnay 750 cc;Cono Sur;;;;jumbo;3390.0;3;jumbo, unimarc
9340;Vino Casillero del Diablo Reserva Cabernet Sauvignon 750 cc;Casillero Del Diablo;;;;jumbo;4990.0;3;jumbo, unimarc
9342;Vino Santa Rita medalla real cabernet sauvignon 750 cc;Santa Rita;;;;unimarc;3990.0;3;jumbo, unimarc
9343;Vino Santa Rita medalla real sauvignon blanc 750 cc;Santa Rita;;;;unimarc;3990.0;3;jumbo, unimarc
9353;Vino Castillo de Molina Gran Reserva Chardonnay 750 cc;Castillo de Molina;;;;jumbo;7290.0;3;jumbo, unimarc
9354;Vino Casillero del Diablo Reserva Chardonnay 750 cc;Casillero Del Diablo;;;;jumbo;4990.0;3;jumbo, unimarc
9564;Whisky Johnnie Walker black label 750 ml;Johnnie Walker;;;;unimarc;27990.0;2;jumbo, unimarc
9601;Pisco Mistral Añejado en Roble 46° Botella 750 cc;Mistral;;;;jumbo;8890.0;2;jumbo, lider
9614;Pisco Mal Paso Pedro Jiménez 40° 1 L;Mal Paso;;;;unimarc;9590.0;2;jumbo, unimarc
9685;Pisco Alto del Carmen Especial 35° Botella, 1 L;;;;;lider;1500.0;7;jumbo, lider, unimarc
9686;Whisky Johnnie Walker Blue Label 750 cc;Johnnie Walker;;;;jumbo;289990.0;3;jumbo, unimarc
9689;Pisco Alto del Carmen Reservado Transparente 40° Botella 750 cc;Alto Del Carmen;;;;jumbo;7990.0;4;jumbo, unimarc
9690;Whisky Johnnie Walker red label 750 cc;Johnnie Walker;;;;unimarc;12290.0;3;jumbo, unimarc
9697;Whisky Johnnie Walker 18 años 750 cc;Johnnie Walker;;;;unimarc;101390.0;3;jumbo, unimarc
9701;Whisky Johnnie Walker Double Black 750 cc;Johnnie Walker;;;;jumbo;34990.0;3;jumbo, unimarc
9708;Pisco Mistral Nobel Barrica Tostada 40° 750 cc;Mistral;;;;jumbo;12990.0;3;jumbo, lider
9711;Whisky Chivas Regal 12 Años 40° 750 cc;Chivas Regal;;;;jumbo;28990.0;4;jumbo, unimarc
9715;Whisky Chivas Regal 18 Años 40° 750 cc;Chivas Regal;;;;jumbo;82490.0;3;jumbo, unimarc
9717;Whisky Johnnie Walker Green Label 750 cc;Johnnie Walker;;;;jumbo;67990.0;3;jumbo, unimarc
9725;Bebida Pepsi zero 600 ml;Pepsi;;;;unimarc;1290.0;2;jumbo, unimarc
9834;Bebida Canada Dry ginger ale zero no retornable 1.5 L;Canada Dry;;;;unimarc;1590.0;3;jumbo, unimarc
9839;Bebida Coca Cola retornable 2 L + envase;Coca Cola;;;;unimarc;1990.0;3;jumbo, unimarc
9840;Bebida Pap retornable 2 L + envase;Pap;;;;unimarc;1590.0;2;jumbo, unimarc
9844;Bebida Limón soda retornable 2 L + envase;Limon Soda;;;;unimarc;1590.0;2;jumbo, unimarc
9846;Bebida Bilz retornable 2 L + envase;Bilz;;;;unimarc;1590.0;2;jumbo, unimarc
9852;Bebida Coca Cola original 1 L;Coca Cola;;;;unimarc;1490.0;4;jumbo, unimarc
9858;Bebida Coca Cola zero 1 L;Coca Cola Zero;;;;unimarc;1490.0;6;jumbo, unimarc
9871;Bebida Coca Cola light 1 L;Coca Cola Light;;;;unimarc;1490.0;6;jumbo, unimarc
9878;Bebida Canada Dry ginger ale light no retornable 1.5 L;Canada Dry;;;;unimarc;1590.0;3;jumbo, unimarc
9924;Jugo en Polvo Vivo Manzana 7 g;Vivo;;;;jumbo;290.0;2;jumbo, unimarc
9925;Jugo en Polvo Vivo Piña 7 g;Vivo;;;;jumbo;290.0;2;jumbo, unimarc
9927;Jugo en Polvo Vivo Frutilla 7 g;Vivo;;;;jumbo;290.0;2;jumbo, unimarc
9928;Jugo en Polvo Vivo Naranja 7 g;Vivo;;;;jumbo;290.0;2;jumbo, unimarc
9930;Jugo en Polvo Livean Melón Tuna 7 g;Livean;;;;jumbo;290.0;2;jumbo, unimarc
9931;Jugo en Polvo Livean Papaya 7 g;Livean;;;;jumbo;290.0;2;jumbo, unimarc
9934;Jugo en Polvo Vivo Mango 7 g;Vivo;;;;jumbo;290.0;2;jumbo, unimarc
9935;Jugo en Polvo Livean Mango 7 g;Livean;;;;jumbo;290.0;2;jumbo, unimarc
9936;Jugo en Polvo Livean Frutilla 7 g;Livean;;;;jumbo;290.0;2;jumbo, unimarc
9937;Jugo en Polvo Livean Naranja 7 g;Livean;;;;jumbo;290.0;2;jumbo, unimarc
9939;Jugo en Polvo Livean Durazno 7 g;Livean;;;;jumbo;290.0;2;jumbo, unimarc
9940;Jugo en Polvo Livean Maracuyá 7 g;Livean;;;;jumbo;290.0;2;jumbo, unimarc
9941;Jugo en Polvo Zuko Naranja Plátano 15 g;Zuko;;;;jumbo;280.0;2;jumbo, unimarc
9945;Jugo en Polvo Vivo Papaya 7 g;Vivo;;;;jumbo;290.0;2;jumbo, unimarc
9949;Jugo en Polvo Vivo Durazno 7 g;Vivo;;;;jumbo;290.0;2;jumbo, unimarc
9954;Jugo en Polvo Zuko Limón Dulce 15 g;Zuko;;;;jumbo;280.0;2;jumbo, unimarc
10042;Jugo Guallarauco Naranja 0% Azúcar Añadida 1 L;Guallarauco;;;;jumbo;2450.0;3;jumbo, unimarc
10077;Jugo en Polvo Livean Piña 7 g;Livean;;;;jumbo;290.0;3;jumbo, unimarc
10079;Jugo en Polvo Livean Berries 7 g;Livean;;;;jumbo;290.0;3;jumbo, unimarc
10186;Agua Saborizada Mas Manzana Sin Gas 1.6 L;Mas;;;;jumbo;1310.0;3;jumbo, unimarc
10189;Agua Saborizada Mas Pera Sin Gas 1.6 L;Mas;;;;jumbo;1310.0;3;jumbo, unimarc
10192;Agua Saborizada Mas Granada Sin Gas 1.6 L;Mas;;;;jumbo;1310.0;3;jumbo, unimarc
10193;Agua Saborizada Mas Citrus Gasificada 1.6 L;Mas;;;;jumbo;1310.0;3;jumbo, unimarc
10196;Agua Mineral Cachantun Sin Gas 1.6 L;Cachantun;;;;jumbo;1150.0;5;jumbo, unimarc
10197;Agua saborizada Más mango y maracuyá 1.6 L;Mas;;;;unimarc;1320.0;3;jumbo, unimarc
10198;Agua saborizada Más piña 1.6 L;Mas;;;;unimarc;1320.0;3;jumbo, unimarc
10199;Agua saborizada Más uva 1.6 L;Mas;;;;unimarc;1320.0;3;jumbo, unimarc
10200;Agua mineral Vital sin gas botella 1.6 L;Vital;;;;unimarc;990.0;3;jumbo, unimarc
10201;Agua Mineral Cachantun Strong con Gas 600 cc;Cachantun;;;;jumbo;930.0;6;jumbo, unimarc
10378;Espumante Valdivieso Brut 750 cc;Valdivieso;;;;jumbo;6890.0;2;jumbo, unimarc
10386;Espumante Misiones de Rengo brut 750 cc;Misiones De Rengo;;;;unimarc;4790.0;2;jumbo, unimarc
10401;Espumante Misiones de Rengo rosé 750 cc;Misiones De Rengo;;;;unimarc;4790.0;2;jumbo, unimarc
10403;Espumante Valdivieso Rosé 750 cc;Valdivieso;;;;jumbo;6890.0;2;jumbo, unimarc
10415;Bebida Energética Score Gorilla Lata 473 cc;Score;;;;jumbo;1000.0;2;jumbo, unimarc
10424;Bebida Energética Red Bull Fruta del Dragón 250 ml;Red Bull;;;;jumbo;1790.0;2;jumbo, unimarc
10425;Bebida Energética Score Original Lata 473 cc;Score;;;;jumbo;1000.0;2;jumbo, unimarc
10437;Bebida energética Rockstar mango power 500 ml;Rockstar;;;;unimarc;1050.0;2;jumbo, unimarc
10645;Bebida Isotónica Gatorade Frutas Tropicales 1 L;Gatorade;;;;jumbo;1690.0;2;jumbo, unimarc
10650;Bebida Isotónica Gatorade Naranja 1 L;Gatorade;;;;jumbo;1690.0;2;jumbo, unimarc
10652;Bebida Isotónica Gatorade Frutas Tropicales 500 cc;Gatorade;;;;jumbo;1190.0;2;jumbo, unimarc
10657;Bebida Isotónica Powerade Rojo 1.1 L;Powerade;;;;jumbo;1290.0;2;jumbo, unimarc
10659;Bebida Isotónica Gatorade Cool Blue 500 cc;Gatorade;;;;jumbo;1190.0;2;jumbo, unimarc
10663;Bebida Isotónica Gatorade Naranja 500 cc;Gatorade;;;;jumbo;1120.0;2;jumbo, unimarc
10664;Bebida Isotónica Powerade Naranja 1.1 L;Powerade;;;;jumbo;1290.0;2;jumbo, unimarc
10668;Bebida isotónica Gatorade cool blue 750 ml;Gatorade;;;;unimarc;1000.0;2;jumbo, unimarc
10669;Bebida Isotónica Powerade Frozen Blast Zero 1.1 L;Powerade;;;;jumbo;1290.0;4;jumbo, unimarc
10680;Bebida Isotónica Suerox Frutos Rojos 630 cc;Suerox;;;;jumbo;2090.0;2;jumbo, unimarc
10683;Bebida Isotónica Suerox Piña 630 cc;Suerox;;;;jumbo;2090.0;2;jumbo, unimarc
10689;Bebida Isotónica Suerox Frutilla Kiwi 630 ml;Suerox;;;;jumbo;2090.0;2;jumbo, unimarc
10691;Bebida isotónica Suerox arándano pomelo 630 ml;Suerox;;;;unimarc;2910.0;2;jumbo, unimarc
10694;Bebida Isotónica Suerox Naranja 630 ml;Suerox;;;;jumbo;2090.0;3;jumbo, unimarc
10719;Pack 4 un. Agua Tónica San Pellegrino 200 cc;San Pellegrino;;;;jumbo;5990.0;2;jumbo, unimarc
10796;Papel higiénico Confort familiar una hoja 8 un (120 m);Confort;;;;unimarc;10980.0;2;jumbo, unimarc
10808;Papel Higiénico Confort Doble Hoja 40 m 8 un.;Confort;;;;jumbo;6790.0;2;jumbo, unimarc
10914;Toalla de Papel Nova Gigante Doble Hoja 100 m;Nova;;;;jumbo;4990.0;3;jumbo, unimarc
10926;Papel higiénico Elite soft & strong triple hoja 4 un (40 m);Elite;;;;unimarc;4590.0;4;jumbo, unimarc
10931;Toalla de Papel Abolengo XL 100 m;Abolengo;;;;jumbo;3650.0;3;jumbo, unimarc
10958;Pack Detergente Líquido Ariel Doble Poder Concentrado 1.8 L 2 un.;Ariel;;;;jumbo;17490.0;2;jumbo, unimarc
10975;Detergente líquido Omo piel sensible doypack 3 L;Omo;;;;unimarc;10490.0;3;jumbo, unimarc
10996;Detergente Polvo Omo con Bicarbonato 2.7 kg;OMO;;;;jumbo;9190.0;2;jumbo, unimarc
11036;Suavizante Downy Brisa Intenso Concentrado Perfume Más Intenso 1 L;Downy;;;;jumbo;7490.0;3;jumbo, unimarc
11037;Suavizante Downy Brisa de Verano Aroma Limpio y Fresco 500 ml;Downy;;;;jumbo;3190.0;6;jumbo, unimarc
11068;Detergente Líquido Ariel Doble Poder Concentrado 1.8 L;Ariel;;;;jumbo;8994.0;3;jumbo, unimarc
11134;Cloro gel Igenix lavanda 900 ml;Igenix;;;;unimarc;1750.0;2;jumbo, unimarc
11142;Cloro Gel Clorinda Flores Silvestres 650 ml;Clorinda;;;;jumbo;1259.0;2;jumbo, unimarc
11146;Cloro Gel Clorinda Menta 900 ml;Clorinda;;;;jumbo;1990.0;2;jumbo, unimarc
11194;Cloro Gel Clorox Menta 900 ml;Clorox;;;;jumbo;2190.0;4;jumbo, unimarc
11198;Cloro Gel Clorox Original 900 ml;Clorox;;;;jumbo;2190.0;3;jumbo, unimarc
11205;Cloro Gel Clorox Lavanda 900 ml;Clorox;;;;jumbo;2190.0;4;jumbo, unimarc
11219;Cloro Gel Clorinda Lavanda 900 ml;Clorinda;;;;jumbo;1990.0;3;jumbo, unimarc
11334;Lavaloza Quix Ultra Concentrado 500 ml;Quix;;;;jumbo;2690.0;3;jumbo, unimarc
11589;Desodorante Ambiental Glade Limón Refrescante 255 ml;Glade;;;;jumbo;1950.0;2;jumbo, unimarc
11621;Insecticida Raid mata moscas, mosquitos y zancudo 360 cc Insecticida Raid mata moscas y mosquitos aerosol 360 ml;Raid;;;;unimarc;3490.0;2;jumbo, unimarc
11624;Insecticida Tanax Moscas y Zancudos Sin Olor 560 ml;Tanax;;;;jumbo;3112.0;2;jumbo, unimarc
11673;Insecticida Tanax Mata Insectos Sin Olor 560 ml;Tanax;;;;jumbo;3112.0;3;jumbo, unimarc
11708;Cera Crema Nugget Incolora Doypack 340 cc;Nugget;;;;jumbo;2590.0;2;jumbo, unimarc
11710;Cera Crema Brillina Incolora 480 cc;Brillina;;;;jumbo;3090.0;2;jumbo, unimarc
11712;Cera Crema Brillina Amarilla 480 cc;Brillina;;;;jumbo;3090.0;2;jumbo, unimarc
12754;Queso Mantecoso Río Bueno Laminado, 500 g;;;;;lider;1400.0;3;jumbo, lider
12828;Queso Fresco Light Sin Lactosa, 400 g;;;;;lider;300.0;3;jumbo, lider
13596;Agua Mineral Vital Sin Gas Botella, 600 ml;;;;;lider;850.0;2;lider, unimarc
13610;Agua Mineral Vital Con Gas Botella, 600 ml;;;;;lider;850.0;2;lider, unimarc
13827;Bebida Hidratante Electrolit Sabor Maracuyá, 625 ml;;;;;lider;1850.0;2;lider, unimarc
22529;Pasta Dental Colgate Total Original Mint, 75 ml;;;;;lider;1800.0;2;lider, unimarc
