cba_name;formato_objetivo;supermarket;sku;name;brand;price_num;list_price_num;fallback_price_num;discount_price_num;unit;net_content;unit_family;size_std;price_per_unit_web;price_per_unit_list_web;price_per_std_unit_calc;category_std;subcategory;last_category;premium_score;detail_url
Arroz;1 kg premium;jumbo;1621;Arroz Grado 2 Tucapel Blue Grano Largo y Delgado 1 kg;Tucapel;1790.0;1790.0;1790.0;;;;mass;1000.0;;;1.79;;;Arroz;14.5;https://www.jumbo.cl/arroz-grado-2-tucapel-1-kg-blue-bonnet-grano-largo-y-delgado/p
Arroz;1 kg premium;jumbo;1621;Arroz Grado 2 Tucapel Blue Grano Largo y Delgado 1 kg;Tucapel;1790.0;1790.0;1790.0;;;;mass;1000.0;;;1.79;;;Arroz, Quinoa y Cuscús (Mostrar todo);14.5;https://www.jumbo.cl/arroz-grado-2-tucapel-1-kg-blue-bonnet-grano-largo-y-delgado/p
Arroz;1 kg premium;jumbo;1623;Arroz Grado 2 Tucapel Gran Selección Grano Largo y Ancho 1 kg;Tucapel;2090.0;2090.0;1590.0;;;;mass;1000.0;;;2.09;;;Arroz;14.5;https://www.jumbo.cl/arroz-grado-2-tucapel-1-kg-gran-seleccion-grano-largo-y-ancho/p
Arroz;1 kg premium;jumbo;1624;Arroz Grado 2 Tucapel Grano Largo y Ancho Graneado 1 kg;Tucapel;2090.0;2090.0;2090.0;;;;mass;1000.0;;;2.09;;;Arroz;14.5;https://www.jumbo.cl/arroz-grado-2-tucapel-1-kg-graneado-grano-largo-y-ancho/p
Arroz;1 kg premium;jumbo;1623;Arroz Grado 2 Tucapel Gran Selección Grano Largo y Ancho 1 kg;Tucapel;2090.0;2090.0;1590.0;;;;mass;1000.0;;;2.09;;;Arroz, Quinoa y Cuscús (Mostrar todo);14.5;https://www.jumbo.cl/arroz-grado-2-tucapel-1-kg-gran-seleccion-grano-largo-y-ancho/p
Arroz;1 kg premium;jumbo;1624;Arroz Grado 2 Tucapel Grano Largo y Ancho Graneado 1 kg;Tucapel;2090.0;2090.0;2090.0;;;;mass;1000.0;;;2.09;;;Arroz, Quinoa y Cuscús (Mostrar todo);14.5;https://www.jumbo.cl/arroz-grado-2-tucapel-1-kg-graneado-grano-largo-y-ancho/p
Arroz;1 kg premium;jumbo;44312;Arroz Grado 1 Tucapel Grano Largo Delgado 1 kg;Tucapel;2290.0;2290.0;1690.0;;;;mass;1000.0;;;2.29;;;Arroz;14.5;https://www.jumbo.cl/arroz-tucapel-grado-1-blue-bonnet-1-kg/p
Arroz;1 kg premium;jumbo;15088;Arroz Grado 2 Miraflores Grano Largo y Laminado 1 kg;Miraflores;2290.0;2290.0;2290.0;;;;mass;1000.0;;;2.29;;;Arroz;14.5;https://www.jumbo.cl/arroz-miraflores-1-kg-grado-2-grano-largo-laminado/p
Arroz;1 kg premium;jumbo;44312;Arroz Grado 1 Tucapel Grano Largo Delgado 1 kg;Tucapel;2290.0;2290.0;1690.0;;;;mass;1000.0;;;2.29;;;Arroz, Quinoa y Cuscús (Mostrar todo);14.5;https://www.jumbo.cl/arroz-tucapel-grado-1-blue-bonnet-1-kg/p
Arroz;1 kg premium;jumbo;15088;Arroz Grado 2 Miraflores Grano Largo y Laminado 1 kg;Miraflores;2290.0;2290.0;2290.0;;;;mass;1000.0;;;2.29;;;Arroz, Quinoa y Cuscús (Mostrar todo);14.5;https://www.jumbo.cl/arroz-miraflores-1-kg-grado-2-grano-largo-laminado/p
Arroz;1 kg premium;jumbo;1617;Arroz Grado 1 Tucapel Pregraneado Grano Largo 1 kg;Tucapel;2490.0;2490.0;1790.0;;;;mass;1000.0;;;2.49;;;Arroz;14.5;https://www.jumbo.cl/arroz-grado-1-tucapel-1-kg-pregraneado-grano-largo/p
Arroz;1 kg premium;jumbo;1617;Arroz Grado 1 Tucapel Pregraneado Grano Largo 1 kg;Tucapel;2490.0;2490.0;1790.0;;;;mass;1000.0;;;2.49;;;Arroz, Quinoa y Cuscús (Mostrar todo);14.5;https://www.jumbo.cl/arroz-grado-1-tucapel-1-kg-pregraneado-grano-largo/p
Arroz;1 kg premium;lider;dom_3;Arroz Tucapel Extra Fino Grado 2 Grano largo fino, 1 kg;;1000.0;1000.0;1000.0;;;;mass;1000.0;;;1.0;;Arroz y Legumbres > Arroz;;10.5;https://super.lider.cl/ip/arroz-y-legumbres/00780142000224
Arroz;1 kg premium;lider;dom_7;Arroz Grado 2 Grano Largo y Delgado Bolsa, 1 kg;;1350.0;1350.0;1350.0;;;;mass;1000.0;;;1.35;;Arroz y Legumbres > Arroz;;10.5;https://super.lider.cl/ip/nuestras-marcas/00780460822421
Arroz;1 kg premium;lider;dom_8;Arroz Grado 2 Grano Largo Bolsa, 1 kg;;1490.0;1490.0;1490.0;;;;mass;1000.0;;;1.49;;Arroz y Legumbres > Arroz;;10.5;https://super.lider.cl/ip/arroz-y-legumbres/00780142022013
Arroz;1 kg premium;lider;dom_16;Arroz Grado 1 Grano Largo y Delgado Bolsa, 1 kg;;1690.0;1690.0;1690.0;;;;mass;1000.0;;;1.69;;Arroz y Legumbres > Arroz;;10.5;https://super.lider.cl/ip/arroz-y-legumbres/00780963720030
Arroz;1 kg premium;lider;dom_10;Arroz Grado 2 Grano Largo Bolsa, 1 kg;;1750.0;1750.0;1750.0;;;;mass;1000.0;;;1.75;;Arroz y Legumbres > Arroz;;10.5;https://super.lider.cl/ip/arroz-y-legumbres/00780142021013
Arroz;1 kg premium;lider;dom_12;Arroz Grado 2 Grano Largo y Ancho Bolsa, 1 kg;;1750.0;1750.0;1750.0;;;;mass;1000.0;;;1.75;;Arroz y Legumbres > Arroz;;10.5;https://super.lider.cl/ip/arroz-y-legumbres/00780142000015
Arroz;1 kg premium;lider;dom_14;Arroz Grado 1 Grano Largo Pregraneado Bolsa, 1 kg;;1850.0;1850.0;1850.0;;;;mass;1000.0;;;1.85;;Arroz y Legumbres > Arroz;;10.5;https://super.lider.cl/ip/arroz-y-legumbres/00780142000195
Arroz;1 kg premium;lider;dom_11;Arroz Grado 1 Grano Largo y Ancho Bolsa, 1 kg;;2000.0;2000.0;2000.0;;;;mass;1000.0;;;2.0;;Arroz y Legumbres > Arroz;;10.5;https://super.lider.cl/ip/arroz-y-legumbres/00780142000013
Arroz;1 kg premium;lider;dom_20;Arroz Grado 2 Grano Largo Bolsa, 1 kg;;2090.0;2090.0;2090.0;;;;mass;1000.0;;;2.09;;Arroz y Legumbres > Arroz;;10.5;https://super.lider.cl/ip/arroz-y-legumbres/00780311010223
Arroz;1 kg premium;lider;dom_1;Arroz Integral Grado 1 Grano Largo y Ancho Bolsa, 1 kg;;2090.0;2090.0;2090.0;;;;mass;1000.0;;;2.09;;Arroz y Legumbres > Arroz Integral;;10.5;https://super.lider.cl/ip/arroz-y-legumbres/00780142000080
Arroz;1 kg premium;lider;dom_21;Arroz Grado 2 Largo Ancho Bolsa, 1 kg;;2150.0;2150.0;360.0;;;;mass;1000.0;;;2.15;;Arroz y Legumbres > Arroz;;10.5;https://super.lider.cl/ip/arroz-y-legumbres/00780261500657
Arroz;1 kg premium;lider;dom_15;Arroz Grado 1 Grano Largo Blue Bonnet Bolsa, 1 Kg;;2290.0;2290.0;600.0;;;;mass;1000.0;;;2.29;;Arroz y Legumbres > Arroz;;10.5;https://super.lider.cl/ip/arroz-y-legumbres/00780142000169
Arroz;1 kg premium;unimarc;475;Arroz Tucapel blue bonnet G2 1 Kg;Tucapel;1850.0;1850.0;1850.0;;Kg;1 un;mass;1000.0;;;1.85;;Arroz y legumbres;Arroz;16.0;https://www.unimarc.cl/arroz-g2-tucapel-blue-bonnet-largo-1-kg/p
Arroz;1 kg premium;unimarc;34;Arroz Tucapel gran selección G2 laminado 1 Kg;Tucapel;2090.0;2090.0;1090.0;10900.0;Kg;1 un;mass;1000.0;;;2.09;;Arroz y legumbres;Arroz;16.0;https://www.unimarc.cl/arroz-g2-tucapel-gran-seleccion-laminado-largo-1/p
Arroz;1 kg premium;unimarc;7732;Arroz Tucapel gran selección G2 1 Kg;Tucapel;2150.0;2150.0;2150.0;;Kg;1 un;mass;1000.0;;;2.15;;Arroz y legumbres;Arroz;16.0;https://www.unimarc.cl/arroz-g2-largo-seleccion-tucapel-1-kg/p
Arroz;1 kg premium;unimarc;12329;Arroz Tucapel blue bonnet G1 1 Kg;Tucapel;2290.0;2290.0;2290.0;;Kg;1 un;mass;1000.0;;;2.29;;Arroz y legumbres;Arroz;16.0;https://www.unimarc.cl/arroz-blue-bonnet-tucapel-g1-lam-1-kg/p
Arroz;1 kg premium;unimarc;33;Arroz Tucapel gran selección G1 1 Kg;Tucapel;2450.0;2450.0;1890.0;18900.0;Kg;1 un;mass;1000.0;;;2.45;;Arroz y legumbres;Arroz;16.0;https://www.unimarc.cl/arroz-g1-tucapel-gran-seleccion-largo-1-kg/p
Arroz;1 kg premium;unimarc;2888;Arroz Tucapel pregraneado 1 Kg;Tucapel;2490.0;2490.0;2000.0;20000.0;Kg;1 un;mass;1000.0;;;2.49;;Arroz y legumbres;Arroz;16.0;https://www.unimarc.cl/arroz-pregraneado-g1-largo-tucapel-1-kg/p
Arroz;1 kg premium;unimarc;2924;Arroz Miraflores pregraneado G1 largo 1 Kg;Miraflores;2590.0;2590.0;2290.0;22900.0;Kg;1 un;mass;1000.0;;;2.59;;Arroz y legumbres;Arroz;16.0;https://www.unimarc.cl/arroz-pregraneado-miraflores-1-kg/p
Arroz;1 kg premium;unimarc;31;Arroz Miraflores G1 largo ancho bolsa 1 Kg;Miraflores;2690.0;2690.0;2690.0;;Kg;1 un;mass;1000.0;;;2.69;;Arroz y legumbres;Arroz;16.0;https://www.unimarc.cl/arroz-g1-miraflores-largo-ancho-1-kg/p
Arroz;1 kg premium;unimarc;12335;Arroz paella Tucapel 1 Kg;Tucapel;3390.0;3390.0;3390.0;;Kg;1 un;mass;1000.0;;;3.39;;Arroz y legumbres;Arroz;16.0;https://www.unimarc.cl/arroz-paella-caja-tucapel-1-kg/p
Arroz;1 kg premium;unimarc;1566;Arroz basmati Tucapel 1 Kg;Tucapel;5390.0;5390.0;5390.0;;Kg;1 un;mass;1000.0;;;5.39;;Arroz y legumbres;Arroz;16.0;https://www.unimarc.cl/arroz-basmati-tucapel-1-kg/p
Arroz;1 kg premium;unimarc;78128;Arroz Miraflores basmati premium bolsa 400 g;Miraflores;3390.0;3390.0;2490.0;24900.0;Kg;1 un;mass;400.0;;;8.475;;Arroz y legumbres;Arroz;14.2;https://www.unimarc.cl/arroz-basmati-miraflores-400-gr/p
Arroz;1 kg premium;unimarc;9411;Arroz Merkat largo delgado grado 2 1 Kg;Merkat;1190.0;1190.0;950.0;9500.0;Kg;1 un;mass;1000.0;;;1.19;;Arroz y legumbres;Arroz;12.0;https://www.unimarc.cl/arroz-g2-largo-delgado-merkat-1-kg/p
Aceite vegetal combinado o puro;1 litro premium;jumbo;13833;Aceite de Maravilla Chef 1 L;Chef;3750.0;3750.0;2490.0;;;;volume;1000.0;;;3.75;;;Aceite;14.5;https://www.jumbo.cl/aceite-maravilla-chef-1-l/p
Aceite vegetal combinado o puro;1 litro premium;jumbo;13833;Aceite de Maravilla Chef 1 L;Chef;3750.0;3750.0;2490.0;;;;volume;1000.0;;;3.75;;;Aceites, Sal y Condimentos (Mostrar todo);14.5;https://www.jumbo.cl/aceite-maravilla-chef-1-l/p
Aceite vegetal combinado o puro;1 litro premium;jumbo;1432;Aceite de Maíz Chef 1 L;Chef;5650.0;5650.0;5650.0;;;;volume;1000.0;;;5.65;;;Aceite;14.5;https://www.jumbo.cl/aceite-de-maiz-chef-botella-1-l-0-colesterol-2/p
Aceite vegetal combinado o puro;1 litro premium;jumbo;15135;Aceite de Pepita de Uva Chef 1 L;Chef;8190.0;8190.0;8190.0;;;;volume;1000.0;;;8.19;;;Aceite;14.5;https://www.jumbo.cl/aceite-pepita-de-uva-chef-1-l-0-colesterol/p
Aceite vegetal combinado o puro;1 litro premium;jumbo;15135;Aceite de Pepita de Uva Chef 1 L;Chef;8190.0;8190.0;8190.0;;;;volume;1000.0;;;8.19;;;Aceites, Sal y Condimentos (Mostrar todo);14.5;https://www.jumbo.cl/aceite-pepita-de-uva-chef-1-l-0-colesterol/p
Aceite vegetal combinado o puro;1 litro premium;jumbo;15134;Aceite de Oliva Chef Libre de Colesterol 1 L;Chef;16820.0;16820.0;16820.0;;;;volume;1000.0;;;16.82;;;Aceite de Oliva;14.5;https://www.jumbo.cl/aceite-de-oliva-chef-1-l-0-colesterol/p
Aceite vegetal combinado o puro;1 litro premium;jumbo;1434;Aceite de Oliva Chef Extra Virgen 1 L;Chef;18290.0;18290.0;18290.0;;;;volume;1000.0;;;18.29;;;Aceite de Oliva;14.5;https://www.jumbo.cl/aceite-de-oliva-chef-botella-1-l-extra-virgen-2/p
Aceite vegetal combinado o puro;1 litro premium;jumbo;1434;Aceite de Oliva Chef Extra Virgen 1 L;Chef;18290.0;18290.0;18290.0;;;;volume;1000.0;;;18.29;;;Aceites, Sal y Condimentos (Mostrar todo);14.5;https://www.jumbo.cl/aceite-de-oliva-chef-botella-1-l-extra-virgen-2/p
Aceite vegetal combinado o puro;1 litro premium;jumbo;122674;Aceite Vegetal Miraflores 900 ml;Miraflores;2850.0;2850.0;1990.0;;;;volume;900.0;;;3.1666666666666665;;;Aceite;14.2;https://www.jumbo.cl/aceite-vegetal-miraflores-900-ml-1952460/p
Aceite vegetal combinado o puro;1 litro premium;jumbo;122674;Aceite Vegetal Miraflores 900 ml;Miraflores;2850.0;2850.0;1990.0;;;;volume;900.0;;;3.1666666666666665;;;Aceites, Sal y Condimentos (Mostrar todo);14.2;https://www.jumbo.cl/aceite-vegetal-miraflores-900-ml-1952460/p
Aceite vegetal combinado o puro;1 litro premium;jumbo;122676;Aceite de Maravilla Miraflores 900 ml;Miraflores;2950.0;2950.0;2950.0;;;;volume;900.0;;;3.2777777777777777;;;Aceite;14.2;https://www.jumbo.cl/aceite-maravilla-miraflores-900-ml-1952461/p
Aceite vegetal combinado o puro;1 litro premium;jumbo;122676;Aceite de Maravilla Miraflores 900 ml;Miraflores;2950.0;2950.0;2950.0;;;;volume;900.0;;;3.2777777777777777;;;Aceites, Sal y Condimentos (Mostrar todo);14.2;https://www.jumbo.cl/aceite-maravilla-miraflores-900-ml-1952461/p
Aceite vegetal combinado o puro;1 litro premium;lider;dom_8;Aceite Vegetal Botella, 1 L;;2390.0;2390.0;2390.0;;;;volume;1000.0;;;2.39;;Aceites y Aderezos > Aceites;;10.5;https://super.lider.cl/ip/aceites-y-aderezos/00780281001202
Aceite vegetal combinado o puro;1 litro premium;lider;dom_4;Aceite Maravilla Botella, 1 L;;2490.0;2490.0;2490.0;;;;volume;1000.0;;;2.49;;Aceites y Aderezos > Aceites;;10.5;https://super.lider.cl/ip/aceites-y-aderezos/00040005052441
Aceite vegetal combinado o puro;1 litro premium;lider;dom_15;Aceite Canola Botella, 1 L;;2500.0;2500.0;2500.0;;;;volume;1000.0;;;2.5;;Aceites y Aderezos > Aceites;;10.5;https://super.lider.cl/ip/aceites-y-aderezos/00040005052442
Aceite vegetal combinado o puro;1 litro premium;lider;dom_5;Aceite De Maravilla Botella Botella, 1 L;;3490.0;3490.0;600.0;;;;volume;1000.0;;;3.49;;Aceites y Aderezos > Aceites;;10.5;https://super.lider.cl/ip/aceites-y-aderezos/00780281000209
Aceite vegetal combinado o puro;1 litro premium;lider;dom_6;Aceite de Maravilla Botella, 1 L;;3790.0;3790.0;1000.0;;;;volume;1000.0;;;3.79;;Aceites y Aderezos > Aceites;;10.5;https://super.lider.cl/ip/aceites-y-aderezos/00779027200101
Aceite vegetal combinado o puro;1 litro premium;lider;dom_23;Aceite De Canola Botella, 1 L;;5390.0;5390.0;5390.0;;;;volume;1000.0;;;5.39;;Aceites y Aderezos > Aceites;;10.5;https://super.lider.cl/ip/aceites-y-aderezos/00780281000561
Aceite vegetal combinado o puro;1 litro premium;lider;dom_37;Aceite Maíz Botella, 1 L;;5390.0;5390.0;5390.0;;;;volume;1000.0;;;5.39;;Aceites y Aderezos > Aceites;;10.5;https://super.lider.cl/ip/aceites-y-aderezos/00780281000215
Aceite vegetal combinado o puro;1 litro premium;lider;dom_28;Aceite Freír Botella, 1 L;;5790.0;5790.0;5790.0;;;;volume;1000.0;;;5.79;;Aceites y Aderezos > Aceites;;10.5;https://super.lider.cl/ip/aceites-y-aderezos/00780281000550
Aceite vegetal combinado o puro;1 litro premium;lider;dom_24;Aceite Olivado Botella, 1 L;;6990.0;6990.0;6990.0;;;;volume;1000.0;;;6.99;;Aceites y Aderezos > Aceites;;10.5;https://super.lider.cl/ip/aceites-y-aderezos/00040005066696
Aceite vegetal combinado o puro;1 litro premium;lider;dom_16;Aceite Pepa de Uva Botella, 1 L;;8090.0;8090.0;8090.0;;;;volume;1000.0;;;8.09;;Aceites y Aderezos > Aceites;;10.5;https://super.lider.cl/ip/aceites-y-aderezos/00780281000218
Aceite vegetal combinado o puro;1 litro premium;lider;dom_8;Aceite Oliva Extra Virgen Botella, 1 L;;12650.0;12650.0;12650.0;;;;volume;1000.0;;;12.65;;Aceites y Aderezos > Aceites de Oliva;;10.5;https://super.lider.cl/ip/aceites-y-aderezos/00780460872016
Aceite vegetal combinado o puro;1 litro premium;lider;dom_3;Aceite Oliva Extra Virgen Botella, 1 L;;14990.0;14990.0;14990.0;;;;volume;1000.0;;;14.99;;Aceites y Aderezos > Aceites de Oliva;;10.5;https://super.lider.cl/ip/aceites-y-aderezos/00780876090046
Avena;500 g premium;jumbo;104121;Harina Quaker de Avena Integral 450 g;Quaker;2990.0;2990.0;2990.0;;;;mass;450.0;;;6.644444444444445;;;Harina Integral y Otras;12.7;https://www.jumbo.cl/harina-avena-integral-quaker-450g-1894721/p
Avena;500 g premium;jumbo;140613;Harina de Avena Selecta 850 g;Selecta;2390.0;2390.0;1990.0;;;;mass;850.0;;;2.8117647058823527;;;Harina Integral y Otras;10.9;https://www.jumbo.cl/harina-de-avena-selecta-850gr-2008105/p
Avena;500 g premium;jumbo;22467;Pan Centeno Mestemacher Orgánico con Avena y Cebada 500 g;Mestemacher;3290.0;3290.0;2632.0;;;;mass;500.0;;;6.58;;;Pan Integral y Funcional;9.0;https://www.jumbo.cl/pan-organico-tres-granos-mestemacher-500-g-2/p
Avena;500 g premium;jumbo;88969;Harina de Avena Mi Tierra Sin Gluten 400 g;Mi Tierra;3790.0;3790.0;3790.0;;;;mass;400.0;;;9.475;;;Harina Integral y Otras;8.4;https://www.jumbo.cl/harina-de-avena-s-gluten-400-g/p
Avena;500 g premium;jumbo;77242;Harina Avena Integral Bob's Red Mill 623 g;Bob's Red Mill;6990.0;6990.0;6990.0;;;;mass;623.0;;;11.219903691813805;;;Harina Integral y Otras;8.262;https://www.jumbo.cl/harina-avena-integral-623-g/p
Avena;500 g premium;lider;dom_5;Avena Instantanea, 500 g;;1940.0;1940.0;970.0;;;;mass;500.0;;;3.88;;Cereales > Avenas;;9.0;https://super.lider.cl/ip/cereales/00780396000036
Avena;500 g premium;lider;dom_6;Avena Instantánea, 500 g;;2000.0;2000.0;1000.0;;;;mass;500.0;;;4.0;;Cereales > Avenas;;9.0;https://super.lider.cl/ip/cereales/00780012017027
Avena;500 g premium;lider;dom_24;Avena Instantánea, 500 g;;4000.0;4000.0;2000.0;;;;mass;500.0;;;8.0;;Cereales > Avenas;;9.0;https://super.lider.cl/ip/cereales/00780200001990
Avena;500 g premium;lider;dom_17;Avena Instantánea, 450 g;;2380.0;2380.0;1190.0;;;;mass;450.0;;;5.288888888888889;;Cereales > Avenas;;8.7;https://super.lider.cl/ip/dulces-mermeladas-y-manjar/00780874360559
Avena;500 g premium;lider;dom_21;Avena Instantánea, 450 g;;2380.0;2380.0;1190.0;;;;mass;450.0;;;5.288888888888889;;Dulces Mermeladas y Manjar > Azúcar;;8.7;https://super.lider.cl/ip/dulces-mermeladas-y-manjar/00780874360559
Avena;500 g premium;lider;dom_37;Avena Multisemilla, 550 g;;4600.0;4600.0;2990.0;;;;mass;550.0;;;8.363636363636363;;Cereales > Avenas;;8.7;https://super.lider.cl/ip/cereales/00780200001787
Avena;500 g premium;lider;dom_40;Avena 4 Semillas y Berries, 550 g;;5436.0;5436.0;2990.0;;;;mass;550.0;;;9.883636363636363;;Cereales > Avenas;;8.7;https://super.lider.cl/ip/cereales/00780012017021
Avena;500 g premium;lider;dom_7;Harina de Avena Quaker, 450 g;;6200.0;6200.0;2790.0;;;;mass;450.0;;;13.777777777777779;;Harinas y Polvos > Harinas Integrales;;8.7;https://super.lider.cl/ip/harinas-y-polvos/00780200001466
Avena;500 g premium;lider;dom_31;Avena Integral Multisemilla, 600 g;;3817.0;3817.0;2290.0;;;;mass;600.0;;;6.361666666666666;;Cereales > Avenas;;8.4;https://super.lider.cl/ip/cereales/00780226400121
Avena;500 g premium;lider;dom_32;Avena Instantánea, 400 g;;3975.0;3975.0;1590.0;;;;mass;400.0;;;9.9375;;Cereales > Avenas;;8.4;https://super.lider.cl/ip/cereales/00780012017024
Avena;500 g premium;lider;dom_33;Avena Multisemillas I, 600 g;;3988.0;3988.0;3590.0;;;;mass;600.0;;;6.6466666666666665;;Cereales > Avenas;;8.4;https://super.lider.cl/ip/cereales/00780200001789
Avena;500 g premium;lider;dom_11;Avena Instantánea, 400 g;;4000.0;4000.0;2000.0;;;;mass;400.0;;;10.0;;Cereales > Avenas;;8.4;https://super.lider.cl/ip/cereales/00780200001786
Avena;500 g premium;unimarc;74188;Harina de avena Quaker integral 450 g;Quaker;2990.0;2990.0;2990.0;;Kg;1 un;mass;450.0;;;6.644444444444445;;Harina y repostería;Harina;12.7;https://www.unimarc.cl/harina-de-avena-integral-quaker-450-gr/p
Avena;500 g premium;unimarc;87159;Harina de avena Selecta integral 850 g;Selecta;2250.0;2250.0;2250.0;;Kg;1 un;mass;850.0;;;2.6470588235294117;;Harina y repostería;Harina;10.9;https://www.unimarc.cl/harina-de-avena-integral-selecta-850-gr/p
Avena;500 g premium;unimarc;89360;Pan de molde El Espigal integral avena 400 g;El Espigal;2390.0;2390.0;2390.0;;Kg;1 un;mass;400.0;;;5.975;;Pan envasado;Pan molde y pita;8.4;https://www.unimarc.cl/molde-integral-avena-400-gr/p
Leche líquida entera;1 litro premium;jumbo;6609;Leche Colun Entera 1 L;Colun;1350.0;1350.0;1350.0;;;;volume;1000.0;;;1.35;;;Leches (Mostrar todo);15.5;https://www.jumbo.cl/leche-entera-colun-caja-1-l-natural/p
Leche líquida entera;1 litro premium;jumbo;6609;Leche Colun Entera 1 L;Colun;1350.0;1350.0;1350.0;;;;volume;1000.0;;;1.35;;;Leche Líquida;15.5;https://www.jumbo.cl/leche-entera-colun-caja-1-l-natural/p
Leche líquida entera;1 litro premium;jumbo;102180;Leche Soprole Entera Cremosa 1 L;Soprole;1560.0;1560.0;1560.0;;;;volume;1000.0;;;1.56;;;Leche Líquida;15.5;https://www.jumbo.cl/leche-entera-4-5-mg-soprole-1l-1881647/p
Leche líquida entera;1 litro premium;jumbo;134465;Leche Surlat Entera 1 L;Surlat;1050.0;1050.0;1050.0;;;;volume;1000.0;;;1.05;;;Leches (Mostrar todo);11.5;https://www.jumbo.cl/leche-entera-surlat-b-a-1l-1991554/p
Leche líquida entera;1 litro premium;jumbo;134465;Leche Surlat Entera 1 L;Surlat;1050.0;1050.0;1050.0;;;;volume;1000.0;;;1.05;;;Leche Líquida;11.5;https://www.jumbo.cl/leche-entera-surlat-b-a-1l-1991554/p
Leche líquida entera;1 litro premium;lider;dom_1;Leche Natural Entera caja, 1 L;;990.0;990.0;990.0;;;;volume;1000.0;;;0.99;;Leche > Blanca;;11.5;https://super.lider.cl/ip/leche/00040000720074
Leche líquida entera;1 litro premium;lider;dom_4;Leche Entera Natural 1 l, 1 L;;1090.0;1090.0;1090.0;;;;volume;1000.0;;;1.09;;Leche > Blanca;;11.5;https://super.lider.cl/ip/leche/00780290000130
Leche líquida entera;1 litro premium;lider;dom_9;Leche Entera, 1 L;;1090.0;1090.0;1090.0;;;;volume;1000.0;;;1.09;;Leche > Blanca;;11.5;https://super.lider.cl/ip/leche/00780461747028
Leche líquida entera;1 litro premium;lider;dom_10;Leche Natural Entera Lonco Leche, 1 L;;1090.0;1090.0;1090.0;;;;volume;1000.0;;;1.09;;Leche > Blanca;;11.5;https://super.lider.cl/ip/leche/00780291000725
Leche líquida entera;1 litro premium;lider;dom_5;Leche Entera Natural Caja 1 l, 1 L;;1350.0;1350.0;100.0;;;;volume;1000.0;;;1.35;;Leche > Blanca;;11.5;https://super.lider.cl/ip/leche/00780292077754
Leche líquida entera;1 litro premium;lider;dom_14;Leche Natural Entera Cremosa, 1 L;;1490.0;1490.0;124.0;;;;volume;1000.0;;;1.49;;Leche > Blanca;;11.5;https://super.lider.cl/ip/leche/00780290000263
Leche líquida entera;1 litro premium;lider;dom_19;Leche Entera Proteína A2, 1 L;;2750.0;2750.0;2750.0;;;;volume;1000.0;;;2.75;;Leche > Blanca;;11.5;https://super.lider.cl/ip/leche/00780292001064
Leche líquida entera;1 litro premium;lider;dom_22;Leche de Vacas Libres a Pastoreo Entera, 1 L;;2990.0;2990.0;2990.0;;;;volume;1000.0;;;2.99;;Leche > Blanca;;11.5;https://super.lider.cl/ip/leche/00780464445049
Leche líquida entera;1 litro premium;lider;dom_21;Leche Entera A2, 1 L;;3490.0;3490.0;3490.0;;;;volume;1000.0;;;3.49;;Leche > Blanca;;11.5;https://super.lider.cl/ip/leche/00780464445119
Leche líquida entera;1 litro premium;lider;dom_23;Leche Entera De Cabra Libre Pastoreo, 1 L;;4890.0;4890.0;4890.0;;;;volume;1000.0;;;4.89;;Leche > Blanca;;11.5;https://super.lider.cl/ip/leche/00780464445050
Leche líquida entera;1 litro premium;unimarc;2974;Leche entera natural con tapa Soprole 1 L Leche entera natural Soprole 1 L;Soprole;1150.0;1150.0;1100.0;11000.0;litro;1 un;volume;1000.0;;;1.15;;Leches y cremas;Leches blancas;17.0;https://www.unimarc.cl/leche-entera-natural-soprole-con-tapa-1-l-2/p
Leche líquida entera;1 litro premium;unimarc;5265;Pack Leche entera natural Soprole 12 un de 1 L;Soprole;13800.0;13800.0;13800.0;;litro;1 un;volume;1000.0;;;13.8;;Leches y cremas;Leches blancas;17.0;https://www.unimarc.cl/leche-entera-natural-soprole-con-tapa-1-l-caja-12-un/p
Leche líquida entera;1 litro premium;unimarc;82635;Leche entera Los Peumos 1 L;Los Peumos;1050.0;1050.0;950.0;9500.0;litro;1 un;volume;1000.0;;;1.05;;Leches y cremas;Leches blancas;13.0;https://www.unimarc.cl/leche-entera-tetra-los-peumos-1lt/p
Leche líquida entera;1 litro premium;unimarc;80863;Leche de vaca libre Ecoterra entera 1 L;Ecoterra;3190.0;3190.0;3190.0;;litro;1 un;volume;1000.0;;;3.19;;Leches y cremas;Leches blancas;13.0;https://www.unimarc.cl/leche-entera-ecoterra-1-lt/p
Leche líquida entera;1 litro premium;unimarc;83190;Pack leche entera Los Peumos 12 un de 1 L;Los Peumos;12840.0;12840.0;11400.0;114000.0;litro;1 un;volume;1000.0;;;12.84;;Leches y cremas;Leches blancas;13.0;https://www.unimarc.cl/leche-entera-tetra-los-peumos-1lt-2/p
Leche líquida entera;1 litro premium;unimarc;65430;Pack leche entera Loncoleche 12 un 1 L;Loncoleche;13320.0;13320.0;12600.0;126000.0;litro;1 un;volume;1000.0;;;13.32;;Leches y cremas;Leches blancas;13.0;https://www.unimarc.cl/leche-entera-s-t-loncoleche-1-lt-2/p
Yogurt;premium tradicional;jumbo;53885;Yogurt Batido Nestlé Frutilla 115 g;Nestlé;290.0;290.0;290.0;;;;mass;115.0;;;2.5217391304347827;;;Yoghurt Batido;11.5;https://www.jumbo.cl/yogurth-batido-nestle-115-g-frutilla/p
Yogurt;premium tradicional;jumbo;53886;Yogurt Batido Nestlé Vainilla 115 g;Nestlé;290.0;290.0;290.0;;;;mass;115.0;;;2.5217391304347827;;;Yoghurt Batido;11.5;https://www.jumbo.cl/yogurth-batido-nestle-115-g-vainilla/p
Yogurt;premium tradicional;jumbo;6979;Yogurt Batido Colun Vainilla 125 g;Colun;330.0;330.0;330.0;;;;mass;125.0;;;2.64;;;Yoghurt Batido;11.5;https://www.jumbo.cl/yoghurt-batido-colun-vainilla-125-g/p
Yogurt;premium tradicional;jumbo;6972;Yogurt Batido Colun Frutilla 125 g;Colun;330.0;330.0;330.0;;;;mass;125.0;;;2.64;;;Yoghurt Batido;11.5;https://www.jumbo.cl/yoghurt-batido-colun-frutilla-125-g/p
Yogurt;premium tradicional;jumbo;6977;Yogurt Batido Colun Piña 125 g;Colun;330.0;330.0;330.0;;;;mass;125.0;;;2.64;;;Yoghurt Batido;11.5;https://www.jumbo.cl/yoghurt-batido-colun-pina-125-g/p
Yogurt;premium tradicional;jumbo;6974;Yogurt Batido Colun Mora 125 g;Colun;330.0;330.0;330.0;;;;mass;125.0;;;2.64;;;Yoghurt Batido;11.5;https://www.jumbo.cl/yoghurt-batido-colun-mora-125-g/p
Yogurt;premium tradicional;jumbo;7074;Yogurt Batido Soprole Frutilla 120 g;Soprole;330.0;330.0;330.0;;;;mass;120.0;;;2.75;;;Yoghurt Batido;11.5;https://www.jumbo.cl/yoghurt-batido-soprole-120-g-frutilla/p
Yogurt;premium tradicional;jumbo;6978;Yogurt Batido Colun Plátano 125 g;Colun;330.0;330.0;330.0;;;;mass;125.0;;;2.64;;;Yoghurt Batido;11.5;https://www.jumbo.cl/yoghurt-batido-colun-platano-125-g/p
Yogurt;premium tradicional;jumbo;6967;Yogurt Batido Colun Damasco 125 g;Colun;330.0;330.0;330.0;;;;mass;125.0;;;2.64;;;Yoghurt Batido;11.5;https://www.jumbo.cl/yoghurt-batido-colun-125-g-damasco/p
Yogurt;premium tradicional;jumbo;6968;Yogurt Batido Colun Frambuesa 125 g;Colun;330.0;330.0;330.0;;;;mass;125.0;;;2.64;;;Yoghurt Batido;11.5;https://www.jumbo.cl/yoghurt-batido-colun-125-g-frambuesa/p
Yogurt;premium tradicional;jumbo;7095;Yogurt Batido Soprole Vainilla 120 g;Soprole;330.0;330.0;330.0;;;;mass;120.0;;;2.75;;;Yoghurt Batido;11.5;https://www.jumbo.cl/yoghurt-batido-soprole-vainilla-120-g-2/p
Yogurt;premium tradicional;jumbo;7087;Yogurt Batido Soprole Damasco 120 g;Soprole;330.0;330.0;330.0;;;;mass;120.0;;;2.75;;;Yoghurt Batido;11.5;https://www.jumbo.cl/yoghurt-batido-soprole-damasco-120-g-2/p
Queso gouda;premium;unimarc;90828;Queso gouda Surlat laminado sin lactosa 200 g;Surlat;3550.0;3550.0;3550.0;;Kg;1 un;mass;200.0;;;17.75;;Quesos;Gauda y ranco;7.0;https://www.unimarc.cl/queso-gouda-lam-s-lactosa-surlat-200gr/p
Chocolate;barra premium;jumbo;126046;Chocolate de Leche Milka 80 g;Milka;1890.0;1890.0;1890.0;;;;mass;80.0;;;23.625;;;Chocolates en Barra;10.0;https://www.jumbo.cl/chocolate-milka-leche-80-gr-1961629/p
Chocolate;barra premium;jumbo;126046;Chocolate de Leche Milka 80 g;Milka;1890.0;1890.0;1890.0;;;;mass;80.0;;;23.625;;;Chocolates (Mostrar todo);10.0;https://www.jumbo.cl/chocolate-milka-leche-80-gr-1961629/p
Chocolate;barra premium;jumbo;122281;Chocolate Sahne Nuss Barra 90 g;Nestlé;2590.0;2590.0;2590.0;;;;mass;90.0;;;28.77777777777778;;;Chocolates en Barra;10.0;https://www.jumbo.cl/chocolate-barra-sahne-nuss-90gr-cl-1950912/p
Chocolate;barra premium;jumbo;126000;Chocolate de Leche Milka 125 g;Milka;2850.0;2850.0;2850.0;;;;mass;125.0;;;22.8;;;Chocolates en Barra;10.0;https://www.jumbo.cl/chocolate-milka-leche-125-gr-1961630/p
Chocolate;barra premium;jumbo;148968;Chocolate Milka Relleno con Avellanas Enteras 95 g;Milka;2990.0;2990.0;2990.0;;;;mass;95.0;;;31.473684210526315;;;Chocolates en Barra;10.0;https://www.jumbo.cl/chocolate-milka-2039035/p
Chocolate;barra premium;jumbo;55313;Chocolate de Leche Milka Relleno con Oreo y Crema 100 g;Milka;2990.0;2990.0;2990.0;;;;mass;100.0;;;29.9;;;Chocolates en Barra;10.0;https://www.jumbo.cl/oreo-milka-100-g/p
Chocolate;barra premium;jumbo;148969;Chocolate Milka Extra Cacao 36% 90 g;Milka;2990.0;2990.0;2990.0;;;;mass;90.0;;;33.22222222222222;;;Chocolates en Barra;10.0;https://www.jumbo.cl/chocolate-milka-2039036/p
Chocolate;barra premium;jumbo;150345;Chocolate Milka Sándwich 87 g;Milka;2990.0;2990.0;2990.0;;;;mass;87.0;;;34.367816091954026;;;Chocolates en Barra;10.0;https://www.jumbo.cl/chocolate-87g-milk-2039810/p
Chocolate;barra premium;jumbo;148965;Chocolate Blanco Milka 90 g;Milka;2990.0;2990.0;2990.0;;;;mass;90.0;;;33.22222222222222;;;Chocolates en Barra;10.0;https://www.jumbo.cl/chocolate-milka-2037151/p
Chocolate;barra premium;jumbo;148968;Chocolate Milka Relleno con Avellanas Enteras 95 g;Milka;2990.0;2990.0;2990.0;;;;mass;95.0;;;31.473684210526315;;;Chocolates (Mostrar todo);10.0;https://www.jumbo.cl/chocolate-milka-2039035/p
Chocolate;barra premium;jumbo;55313;Chocolate de Leche Milka Relleno con Oreo y Crema 100 g;Milka;2990.0;2990.0;2990.0;;;;mass;100.0;;;29.9;;;Chocolates (Mostrar todo);10.0;https://www.jumbo.cl/oreo-milka-100-g/p
Chocolate;barra premium;jumbo;148969;Chocolate Milka Extra Cacao 36% 90 g;Milka;2990.0;2990.0;2990.0;;;;mass;90.0;;;33.22222222222222;;;Chocolates (Mostrar todo);10.0;https://www.jumbo.cl/chocolate-milka-2039036/p
Chocolate;barra premium;lider;4000042206;Barra De Chocolate Con Leche Y Caramelo, 48 g;;1350.0;1350.0;1350.0;;;;mass;48.0;;;28.125;;Chocolates > Chocolates;;6.0;https://super.lider.cl/ip/variedad/00004000042206
Chocolate;barra premium;lider;780462833028;Cuchuflí Chocolate 5Un, 75 g;;1490.0;1490.0;1490.0;;;;mass;75.0;;;19.866666666666667;;Fruta Colación > Bizcochos;;6.0;https://super.lider.cl/ip/pasteleria/00780462833028
Chocolate;barra premium;lider;dom_15;Cuchuflí Chocolate 5Un, 75 g;;1490.0;1490.0;1490.0;;;;mass;75.0;;;19.866666666666667;;Pastelería > Dulces Artesanales;;6.0;https://super.lider.cl/ip/pasteleria/00780462833028
Chocolate;barra premium;lider;789100024876;Chocolate Kit Kat 4 Fingers Milk, 42 g;;1990.0;1990.0;56.0;;;;mass;42.0;;;47.38095238095238;;Chocolates > Chocolates;;6.0;https://super.lider.cl/ip/variedad/00789100024876
Chocolate;barra premium;lider;780221511082;Huevitos de Chocolate Rellenos Pascua, 126 g;;2000.0;2000.0;2000.0;;;;mass;126.0;;;15.873015873015873;;Chocolates > Chocolates;;6.0;https://super.lider.cl/ip/variedad/00780221511082
Chocolate;barra premium;lider;4000059637;Barra de Chocolate con Leche Fun Size 5 Un, 73 g;;2150.0;2150.0;2150.0;;;;mass;73.0;;;29.45205479452055;;Chocolates > Chocolates;;6.0;https://super.lider.cl/ip/variedad/00004000059637
Chocolate;barra premium;lider;780291005420;Leche Semidescremada Chocolate Caja, 200 g;;2450.0;2450.0;80.0;;;;mass;200.0;;;12.25;;Fruta Colación > Saborizadas;;6.0;https://super.lider.cl/ip/leche/00780291005420
Chocolate;barra premium;lider;780291000079;Leche Semidescremada Sin Lactosa Chocolate Caja, 200 g;;2450.0;2450.0;80.0;;;;mass;200.0;;;12.25;;Fruta Colación > Sin Lactosa Vegetales y Proteínas;;6.0;https://super.lider.cl/ip/leche/00780291000079
Chocolate;barra premium;lider;dom_28;Leche Semidescremada Chocolate Caja, 200 g;;2450.0;2450.0;80.0;;;;mass;200.0;;;12.25;;Leche > Individuales;;6.0;https://super.lider.cl/ip/leche/00780291005420
Chocolate;barra premium;lider;dom_34;Leche Semidescremada Sin Lactosa Chocolate Caja, 200 g;;2450.0;2450.0;80.0;;;;mass;200.0;;;12.25;;Leche > Individuales;;6.0;https://super.lider.cl/ip/leche/00780291000079
Chocolate;barra premium;lider;868107600536;Chocolate Dubai, 35 g;;2790.0;2790.0;2790.0;;;;mass;35.0;;;79.71428571428571;;Chocolates > Chocolates;;6.0;https://super.lider.cl/ip/variedad/00868107600536
Chocolate;barra premium;lider;770201108814;Marshmallows cubiertos de Chocolate, 142 g;;3000.0;3000.0;3000.0;;;;mass;142.0;;;21.12676056338028;;Chocolates > Chocolates;;6.0;https://super.lider.cl/ip/variedad/00770201108814
Chocolate;barra premium;unimarc;91559;Chocolate Nestlé chocolito 88 g;Nestle;1590.0;1590.0;1590.0;;Kg;1 un;mass;88.0;;;18.068181818181817;;Chocolates y confites;Chocolates;10.0;https://www.unimarc.cl/chocolate-chocolito-nestle-88gr/p
Chocolate;barra premium;unimarc;91560;Chocolate Nestlé crocanty 88 g;Nestle;1590.0;1590.0;1590.0;;Kg;1 un;mass;88.0;;;18.068181818181817;;Chocolates y confites;Chocolates;10.0;https://www.unimarc.cl/chocolate-crocanty-nestle-88gr/p
Chocolate;barra premium;unimarc;86713;Chocolate Trencito Nestlé balls doypack 105 g;Trencito;1590.0;1590.0;1590.0;;Kg;1 un;mass;105.0;;;15.142857142857142;;Chocolates y confites;Chocolates;10.0;https://www.unimarc.cl/chocolate-trencito-balls-105-gr/p
Chocolate;barra premium;unimarc;86710;Chocolate Super 8 balls doypack 105 g;Nestle;1590.0;1590.0;1590.0;;Kg;1 un;mass;105.0;;;15.142857142857142;;Chocolates y confites;Chocolates;10.0;https://www.unimarc.cl/chocolate-super-8-balls-nestle-105gr/p
Chocolate;barra premium;unimarc;13084;Chocolate Capri guinda 90 g;Nestle;1650.0;1650.0;1650.0;;Kg;1 un;mass;90.0;;;18.333333333333332;;Chocolates y confites;Chocolates;10.0;https://www.unimarc.cl/chocolate-capri-guinda-90-gr/p
Chocolate;barra premium;unimarc;13083;Chocolate Capri almendra 90 g;Nestle;1650.0;1650.0;1650.0;;Kg;1 un;mass;90.0;;;18.333333333333332;;Chocolates y confites;Chocolates;10.0;https://www.unimarc.cl/chocolate-capri-almendra-90-gr/p
Chocolate;barra premium;unimarc;13079;Chocolate Capri frutilla 90 g;Nestle;1650.0;1650.0;1650.0;;Kg;1 un;mass;90.0;;;18.333333333333332;;Chocolates y confites;Chocolates;10.0;https://www.unimarc.cl/chocolate-capri-frutilla-90-gr/p
Chocolate;barra premium;unimarc;13082;Chocolate Capri trufa 90 g;Nestle;1650.0;1650.0;1650.0;;Kg;1 un;mass;90.0;;;18.333333333333332;;Chocolates y confites;Chocolates;10.0;https://www.unimarc.cl/choc-capri-trufa-90-gr/p
Chocolate;barra premium;unimarc;71525;Chocolate Milka blanco mensajes 55 g;Milka;1690.0;1690.0;1690.0;;Kg;1 un;mass;55.0;;;30.727272727272727;;Chocolates y confites;Chocolates;10.0;https://www.unimarc.cl/chocolate-mensajes-blanco-milka-55-gr/p
Chocolate;barra premium;unimarc;71465;Chocolate Milka leche mensajes 55 g;Milka;1690.0;1690.0;1690.0;;Kg;1 un;mass;55.0;;;30.727272727272727;;Chocolates y confites;Chocolates;10.0;https://www.unimarc.cl/chocolate-mensajes-leche-milka-55-gr/p
Chocolate;barra premium;unimarc;71511;Chocolate de leche Milka mensajes 55 g Chocolate Milka leche mensajes 55 g;Milka;1690.0;1690.0;1690.0;;Kg;1 un;mass;55.0;;;30.727272727272727;;Chocolates y confites;Chocolates;10.0;https://www.unimarc.cl/chocolate-msjes-oreo-milka-55-gr-leche/p
Chocolate;barra premium;unimarc;2226;Chocolate trencito Nestlé 80 g;Nestle;1750.0;1750.0;1750.0;;Kg;1 un;mass;80.0;;;21.875;;Chocolates y confites;Chocolates;10.0;https://www.unimarc.cl/chocolate-trencito-nestle-80-gr/p
Jamón de cerdo;premium;jumbo;87838;Jamón Pierna Artesanal Winter 200 g;Winter;2350.0;2350.0;2350.0;;;;mass;200.0;;;11.75;;;Jamones;10.0;https://www.jumbo.cl/jamon-pierna-artesanal-200-g-2/p
Jamón de cerdo;premium;jumbo;74299;Jamón Pierna PF Acaramelado 125 g;PF;2390.0;2390.0;2390.0;;;;mass;125.0;;;19.12;;;Jamones;10.0;https://www.jumbo.cl/jamon-pierna-acaramelado-pf-125-g/p
Jamón de cerdo;premium;jumbo;98010;Jamón Pierna La Preferida 125 g;La Preferida;2440.0;2440.0;2440.0;;;;mass;125.0;;;19.52;;;Fiambres (Mostrar todo);10.0;https://www.jumbo.cl/jamon-pierna-125-g-1859903/p
Jamón de cerdo;premium;jumbo;98010;Jamón Pierna La Preferida 125 g;La Preferida;2440.0;2440.0;2440.0;;;;mass;125.0;;;19.52;;;Jamones;10.0;https://www.jumbo.cl/jamon-pierna-125-g-1859903/p
Jamón de cerdo;premium;jumbo;111239;Jamón Centenario La Preferida Colonial 125 g;La Preferida;2440.0;2440.0;2440.0;;;;mass;125.0;;;19.52;;;Jamones;10.0;https://www.jumbo.cl/jamon-colonial-cp-centenario-lp-125g-1905118/p
Jamón de cerdo;premium;jumbo;111240;Jamón Centenario La Preferida Acaramelado 125 g;La Preferida;2440.0;2440.0;2440.0;;;;mass;125.0;;;19.52;;;Jamones;10.0;https://www.jumbo.cl/jamon-acaram-cp-centenario-lp-125g-1905119/p
Jamón de cerdo;premium;jumbo;60091;Pizza Jamón Queso Individual 250 g;PF;2950.0;2950.0;2950.0;;;;mass;250.0;;;11.8;;;Pizzas y Pastas Congeladas;10.0;https://www.jumbo.cl/pizza-pf-jamon-queso-individual-250-g/p
Jamón de cerdo;premium;jumbo;10606;Jamón Pierna La Preferida 200 g;La Preferida;3290.0;3290.0;2490.0;;;;mass;200.0;;;16.45;;;Fiambres (Mostrar todo);10.0;https://www.jumbo.cl/jamon-pierna-la-preferida-200-g/p
Jamón de cerdo;premium;jumbo;10606;Jamón Pierna La Preferida 200 g;La Preferida;3290.0;3290.0;2490.0;;;;mass;200.0;;;16.45;;;Jamones;10.0;https://www.jumbo.cl/jamon-pierna-la-preferida-200-g/p
Jamón de cerdo;premium;jumbo;101599;Jamón Pierna La Preferida Corte Pluma 250 g;La Preferida;3990.0;3990.0;3990.0;;;;mass;250.0;;;15.96;;;Jamones;10.0;https://www.jumbo.cl/jamon-pierna-corte-pluma-la-pref-250g-1872165/p
Jamón de cerdo;premium;jumbo;18399;Jamón Serrano La Preferida 80 g;La Preferida;4150.0;4150.0;4150.0;;;;mass;80.0;;;51.875;;;Jamón Serrano, Lomo Kassler y Otros;10.0;https://www.jumbo.cl/jamon-serrano-la-preferida-80-g/p
Jamón de cerdo;premium;jumbo;39392;Pizza Listo Congelada Jamón Queso 465 g;PF;5490.0;5490.0;5490.0;;;;mass;465.0;;;11.806451612903226;;;Comidas Congeladas (Mostrar todo);10.0;https://www.jumbo.cl/pizza-pf-listo-congelada-jamon-queso-465-g/p
Jamón de cerdo;premium;lider;dom_9;Paté De Jamón Untable, 125 g;;5680.0;5680.0;70.0;;;;mass;125.0;;;45.44;;Fiambres y Embutidos > Patés;;6.0;https://super.lider.cl/ip/fiambres-y-embutidos/00780190700440
Jamón de cerdo;premium;lider;dom_8;Paté de Jamón Embutido Untable, 125 g;;6240.0;6240.0;780.0;;;;mass;125.0;;;49.92;;Fiambres y Embutidos > Patés;;6.0;https://super.lider.cl/ip/fiambres-y-embutidos/00780193000313
Jamón de cerdo;premium;lider;dom_25;Jamón Sándwich Artesanal de Cerdo Bolsa, 250 g;;6360.0;6360.0;200.0;;;;mass;250.0;;;25.44;;Fiambres y Embutidos > Jamón de Cerdo;;6.0;https://super.lider.cl/ip/fiambres-y-embutidos/00780190700215
Jamón de cerdo;premium;lider;dom_6;Pizza Jamón Queso, 250 g;;8000.0;8000.0;590.0;;;;mass;250.0;;;32.0;;Comidas Congeladas > Pizzas Congeladas;;6.0;https://super.lider.cl/ip/platos-listos-individuales/00780193001508
Jamón de cerdo;premium;lider;dom_36;Galletas Saladas Sabor Jamón Ahumado, 216 g;;8287.0;8287.0;1790.0;;;;mass;216.0;;;38.36574074074074;;Snacks y Picoteo > Galletas Saladas;;6.0;https://super.lider.cl/ip/snacks-y-picoteo/00762220231229
Jamón de cerdo;premium;lider;dom_15;Escalopa Kayser de Vacuno Jamón Queso, 120 g;;8333.0;8333.0;390.0;;;;mass;120.0;;;69.44166666666666;;Hamburguesas y Churrascos > Apanados;;6.0;https://super.lider.cl/ip/hamburguesas-y-churrascos/00780193001406
Jamón de cerdo;premium;lider;dom_16;Suprema de Pollo Jamón Queso, 120 g;;8333.0;8333.0;1000.0;;;;mass;120.0;;;69.44166666666666;;Hamburguesas y Churrascos > Apanados;;6.0;https://super.lider.cl/ip/hamburguesas-y-churrascos/00780193001398
Jamón de cerdo;premium;lider;dom_8;Pizza Jamón Queso Congelada, 465 g;;9011.0;9011.0;4190.0;;;;mass;465.0;;;19.378494623655914;;Comidas Congeladas > Pizzas Congeladas;;6.0;https://super.lider.cl/ip/platos-listos-familiar/00780193001326
Jamón de cerdo;premium;lider;dom_11;Pasta Jamón Serrano Embutidos, 125 g;;9200.0;9200.0;1150.0;;;;mass;125.0;;;73.6;;Fiambres y Embutidos > Patés;;6.0;https://super.lider.cl/ip/fiambres-y-embutidos/00780193000930
Jamón de cerdo;premium;lider;dom_15;Jamón Pierna Artesanal, 200 gr;;9450.0;9450.0;400.0;;;;mass;200.0;;;47.25;;Fiambres y Embutidos > Jamón de Cerdo;;6.0;https://super.lider.cl/ip/fiambres-y-embutidos/00780190700178
Jamón de cerdo;premium;lider;dom_12;Jamón Pierna Sandwich Tradicional, 200 gr;;10000.0;10000.0;250.0;;;;mass;200.0;;;50.0;;Fiambres y Embutidos > Jamón de Cerdo;;6.0;https://super.lider.cl/ip/fiambres-y-embutidos/00780193002111
Jamón de cerdo;premium;lider;dom_18;Jamón Colonial, 200 g;;10000.0;10000.0;750.0;;;;mass;200.0;;;50.0;;Fiambres y Embutidos > Jamón de Cerdo;;6.0;https://super.lider.cl/ip/fiambres-y-embutidos/00780190700159
Jamón de cerdo;premium;unimarc;3557;Paté de jamón PF 125 g;Pf;810.0;810.0;810.0;;Kg;1 un;mass;125.0;;;6.48;;Fiambres y embutidos;Paté;10.0;https://www.unimarc.cl/pate-de-jamon-pf-125-gr/p
Jamón de cerdo;premium;unimarc;36267;Paté de jamón La preferida teewurst 125 g;La Preferida;1790.0;1790.0;1790.0;;Kg;1 un;mass;125.0;;;14.32;;Fiambres y embutidos;Paté;10.0;https://www.unimarc.cl/pate-jamon-teewurst-la-preferida-125-grs/p
Jamón de cerdo;premium;unimarc;58721;Pizza PF Listo congelada jamón queso 250 g;Pf Listo;2790.0;2790.0;2350.0;23500.0;Kg;1 un;mass;250.0;;;11.16;;Platos congelados;Pizza;10.0;https://www.unimarc.cl/pizza-jamon-queso-cong-pf-listo-250-gr/p
Jamón de cerdo;premium;unimarc;93384;Sándwich PF Listo de jamón y queso 175 gr;Pf Listo;2990.0;2990.0;2690.0;26900.0;Kg;1 un;mass;175.0;;;17.085714285714285;;Comida instantánea y preparada;Sandwich y tortillas;10.0;https://www.unimarc.cl/sandwich-pf-listo-175gr-jamon-queso/p
Jamón de cerdo;premium;unimarc;9957;Pizza PF Listo jamón queso congelada caja 465 g;Pf Listo;4990.0;4990.0;4990.0;;Kg;1 un;mass;465.0;;;10.731182795698924;;Platos congelados;Pizza;10.0;https://www.unimarc.cl/pizza-jamon-queso-pf-listo-465-g/p
Jamón de cerdo;premium;unimarc;1231;Pizza PF listo jamón queso 465 g;Pf Listo;4990.0;4990.0;4290.0;42900.0;Kg;1 un;mass;465.0;;;10.731182795698924;;Comida instantánea y preparada;Fideos y pastas;10.0;https://www.unimarc.cl/pizza-a-la-piedra-jamon-queso-listo-465-g/p
Jamón de cerdo;premium;unimarc;89270;Paté de jamón Fundo Río Alegre 125 g;Fundo Rio Alegre;710.0;710.0;710.0;;Kg;1 un;mass;125.0;;;5.68;;Fiambres y embutidos;Paté;6.0;https://www.unimarc.cl/pate-de-jamon-fundo-rio-alegre-125-gr-2/p
Jamón de cerdo;premium;unimarc;49967;Maní crocante Millantú jamón ahumado doy pack 100 g;Millantu;930.0;930.0;820.0;8200.0;Kg;1 un;mass;100.0;;;9.3;;Cóctel y snacks;Frutos secos;6.0;https://www.unimarc.cl/mani-crocante-millantu-10-jamon-ahumado/p
Jamón de cerdo;premium;unimarc;13358;Pasta jamón Receta del Abuelo 125 g;Receta Del Abuelo;1150.0;1150.0;1150.0;;Kg;1 un;mass;125.0;;;9.2;;Fiambres y embutidos;Paté;6.0;https://www.unimarc.cl/pate-jamon-receta-del-abuelo-125-gr-2/p
Jamón de cerdo;premium;unimarc;16000;Pasta jamón serrano Receta del Abuelo 125 g;Receta Del Abuelo;1190.0;1190.0;1190.0;;Kg;1 un;mass;125.0;;;9.52;;Fiambres y embutidos;Paté;6.0;https://www.unimarc.cl/pate-jamon-serr-receta-del-abuelo-125-gr/p
Jamón de cerdo;premium;unimarc;81842;Twistos jamón ibérico 100 g;Twistos;1390.0;1390.0;1390.0;;Kg;1 un;mass;100.0;;;13.9;;Cóctel y snacks;Snack;6.0;https://www.unimarc.cl/twistos-100-gr-jamon-iberico/p
Jamón de cerdo;premium;unimarc;83086;Galletas Grill jamón serrano 140 g;Grill;1890.0;1890.0;1890.0;;Kg;1 un;mass;140.0;;;13.5;;Cóctel y snacks;Galletas cóctel;6.0;https://www.unimarc.cl/galletas-grill-140-gr-jamon-serrano/p
Paté;premium;jumbo;36125;Paté Foie Perello 100 g;Perelló;1450.0;1450.0;1450.0;;;;mass;100.0;;;14.5;;;Pastas Untables;6.0;https://www.jumbo.cl/pate-foie-perello-100-g/p
Paté;premium;jumbo;36126;Paté Ternera Perello 100 g;Perelló;1450.0;1450.0;1450.0;;;;mass;100.0;;;14.5;;;Pastas Untables;6.0;https://www.jumbo.cl/pate-ternera-perello-100-g/p
Paté;premium;jumbo;26757;Paté Pavo Al Cognac 100 g;Castillo;3050.0;3050.0;3050.0;;;;mass;100.0;;;30.5;;;Pastas Untables;6.0;https://www.jumbo.cl/pate-pavo-al-cognac-castillo-100-g/p
Paté;premium;jumbo;26758;Paté Finas Hierbas 100 g;Castillo;3050.0;3050.0;3050.0;;;;mass;100.0;;;30.5;;;Pastas Untables;6.0;https://www.jumbo.cl/pate-finas-hierbas-castillo-100-g/p
Paté;premium;jumbo;102120;Paté Foie Henaff 130 g;Henaff;3740.0;3740.0;3740.0;;;;mass;130.0;;;28.76923076923077;;;Mariscos en Conserva;6.0;https://www.jumbo.cl/pate-foie-henaff-130-gr-1876543/p
Paté;premium;jumbo;102120;Paté Foie Henaff 130 g;Henaff;3740.0;3740.0;3740.0;;;;mass;130.0;;;28.76923076923077;;;Pastas Untables;6.0;https://www.jumbo.cl/pate-foie-henaff-130-gr-1876543/p
Paté;premium;lider;dom_1;Paté Ternera Embutido Untable, 125 g;;5680.0;5680.0;70.0;;;;mass;125.0;;;45.44;;Fiambres y Embutidos > Patés;;6.0;https://super.lider.cl/ip/fiambres-y-embutidos/00780190700430
Paté;premium;lider;dom_6;Paté Ternera Embutido Untable, 125 g;;6240.0;6240.0;780.0;;;;mass;125.0;;;49.92;;Fiambres y Embutidos > Patés;;6.0;https://super.lider.cl/ip/fiambres-y-embutidos/00780193000311
Paté;premium;lider;dom_7;Paté de Campo Premium Embutido, 125 g;;7600.0;7600.0;140.0;;;;mass;125.0;;;60.8;;Fiambres y Embutidos > Patés;;6.0;https://super.lider.cl/ip/fiambres-y-embutidos/00780193000821
Paté;premium;lider;dom_4;Paté Teewurst, 125 g;;8000.0;8000.0;90.0;;;;mass;125.0;;;64.0;;Fiambres y Embutidos > Patés;;6.0;https://super.lider.cl/ip/fiambres-y-embutidos/00780193001737
Paté;premium;lider;dom_3;Paté de Ternera, 125 g;;9200.0;9200.0;1150.0;;;;mass;125.0;;;73.6;;Fiambres y Embutidos > Patés;;6.0;https://super.lider.cl/ip/fiambres-y-embutidos/00780193000931
Paté;premium;lider;dom_2;Paté Sabor Ternera, 160 gr;;10800.0;10800.0;1350.0;;;;mass;160.0;;;67.5;;Fiambres y Embutidos > Patés;;6.0;https://super.lider.cl/ip/fiambres-y-embutidos/00780191600071
Paté;premium;lider;dom_18;Paté de Cerdo Embutido, 125 g;;11600.0;11600.0;1450.0;;;;mass;125.0;;;92.8;;Fiambres y Embutidos > Patés;;6.0;https://super.lider.cl/ip/fiambres-y-embutidos/00780197000014
Paté;premium;lider;dom_20;Paté De Ternera, 125 g;;12720.0;12720.0;1590.0;;;;mass;125.0;;;101.76;;Fiambres y Embutidos > Patés;;6.0;https://super.lider.cl/ip/fiambres-y-embutidos/00780465258023
Paté;premium;lider;dom_21;Paté De Cerdo, 125 g;;12720.0;12720.0;1590.0;;;;mass;125.0;;;101.76;;Fiambres y Embutidos > Patés;;6.0;https://super.lider.cl/ip/fiambres-y-embutidos/00780465258024
Paté;premium;lider;dom_16;Paté Sabor Ternera, 135 gr;;13500.0;13500.0;1890.0;;;;mass;135.0;;;100.0;;Fiambres y Embutidos > Patés;;6.0;https://super.lider.cl/ip/fiambres-y-embutidos/00780956960020
Paté;premium;lider;dom_43;Morcilla Blanca Paté Tradicional, 120 gr;;15750.0;15750.0;1890.0;;;;mass;120.0;;;131.25;;Fiambres y Embutidos > Parrilleros;;6.0;https://super.lider.cl/ip/todas-las-carnes/00780956960036
Paté;premium;lider;dom_5;Paté de Ternera Lata, 100 g;;15900.0;15900.0;1590.0;;;;mass;100.0;;;159.0;;Snacks y Picoteo > Untables;;6.0;https://super.lider.cl/ip/snacks-y-picoteo/00780122310001
Paté;premium;unimarc;4431;Paté de ternera PF 125 g;Pf;810.0;810.0;810.0;;Kg;1 un;mass;125.0;;;6.48;;Fiambres y embutidos;Paté;10.0;https://www.unimarc.cl/pate-de-ternera-pf-125-gr/p
Paté;premium;unimarc;89268;Paté de ternera Fundo Río Alegre 125 g;Fundo Rio Alegre;710.0;710.0;710.0;;Kg;1 un;mass;125.0;;;5.68;;Fiambres y embutidos;Paté;6.0;https://www.unimarc.cl/pate-de-ternera-fundo-rio-alegre-125-gr-2/p
Paté;premium;unimarc;89269;Paté de campo Fundo Río Alegre 125 g;Fundo Rio Alegre;730.0;730.0;730.0;;Kg;1 un;mass;125.0;;;5.84;;Fiambres y embutidos;Paté;6.0;https://www.unimarc.cl/pate-de-campo-fundo-rio-alegre-125-gr/p
Paté;premium;unimarc;384;Paté de ternera San Jorge 125 g;San Jorge;790.0;790.0;790.0;;Kg;1 un;mass;125.0;;;6.32;;Fiambres y embutidos;Paté;6.0;https://www.unimarc.cl/pate-de-ternera-san-jorge-125-g/p
Paté;premium;unimarc;13361;Paté Receta del Abuelo ternera 125 g;Receta Del Abuelo;1050.0;1050.0;890.0;8900.0;Kg;1 un;mass;125.0;;;8.4;;Fiambres y embutidos;Paté;6.0;https://www.unimarc.cl/pate-ternera-receta-del-abuelo-125-grs/p
Paté;premium;unimarc;13353;Paté de campo Receta del Abuelo 125 g;Receta Del Abuelo;1150.0;1150.0;1150.0;;Kg;1 un;mass;125.0;;;9.2;;Fiambres y embutidos;Paté;6.0;https://www.unimarc.cl/pate-de-campo-receta-del-abuelo-125-gr/p
Paté;premium;unimarc;58858;Paté Receta del Abuelo teewurst 125 g;Receta Del Abuelo;1150.0;1150.0;1150.0;;Kg;1 un;mass;125.0;;;9.2;;Fiambres y embutidos;Paté;6.0;https://www.unimarc.cl/pate-teewurst-receta-del-abuelo-125-gr/p
Paté;premium;unimarc;10880;Paté de cerdo Llanquihue 125 g;Llanquihue;1490.0;1490.0;1220.0;12200.0;Kg;1 un;mass;125.0;;;11.92;;Fiambres y embutidos;Paté;6.0;https://www.unimarc.cl/pate-de-cerdo-llanquihue-125-gr/p
Paté;premium;unimarc;250;Paté de ternera La Preferida 160 g;La Preferida;1490.0;1490.0;1490.0;;Kg;1 un;mass;160.0;;;9.3125;;Fiambres y embutidos;Paté;6.0;https://www.unimarc.cl/pate-de-ternera-la-preferida-160-g/p
Paté;premium;unimarc;13181;Pate ternera Castillo lata 100 g;Conservas Castillo;1790.0;1790.0;1790.0;;Kg;1 un;mass;100.0;;;17.9;;Fiambres y embutidos;Paté;6.0;https://www.unimarc.cl/pate-ternera-castillo-100-gr/p
Paté;premium;unimarc;15553;Paté La Piara pechuga de pollo pote 115 g;La Piara;2590.0;2590.0;2590.0;;Kg;1 un;mass;115.0;;;22.52173913043478;;Fiambres y embutidos;Paté;6.0;https://www.unimarc.cl/pate-pechuga-de-pollo-la-piara-115-gr/p
Pechuga de pollo;premium;jumbo;88661;Pechuga de Pollo Deshuesada Ariztía Sin Piel 850 g;Ariztía;7690.0;7690.0;6390.0;;;;mass;850.0;;;9.047058823529412;;;Filetes y Pechuga de Pollo;17.05;https://www.jumbo.cl/pechuga-deshuesada-de-pollo-sin-piel-850-g/p
Pechuga de pollo;premium;jumbo;240;Pechuga Deshuesada 850 g;Super Pollo;7990.0;7990.0;6790.0;;;;mass;850.0;;;9.4;;;Filetes y Pechuga de Pollo;17.05;https://www.jumbo.cl/pechuga-deshuesada-de-pollo-super-pollo-1-kg-aprox-bandeja/p
Pechuga de pollo;premium;jumbo;11180;Filetillos de Pechuga de Pollo Ariztía 830 g;Ariztía;7690.0;7690.0;6390.0;;;;mass;830.0;;;9.265060240963855;;;Filetes y Pechuga de Pollo;16.990000000000002;https://www.jumbo.cl/filetillos-de-pechuga-de-pollo-ariztia-830-g/p
Pechuga de pollo;premium;jumbo;23970;Pechuga de Pollo Deshuesada Sin Piel Al Natural Super Pollo 780 g;Super Pollo;7990.0;7990.0;7990.0;;;;mass;780.0;;;10.243589743589743;;;Filetes y Pechuga de Pollo;16.84;https://www.jumbo.cl/pechuga-de-pollo-deshuesada-sin-piel-al-natural-super-pollo-780-g/p
Pechuga de pollo;premium;jumbo;157581;Pechuga de Pollo Deshuesada 750 g;Super Pollo;7590.0;7590.0;6490.0;;;;mass;750.0;;;10.12;;;Filetes y Pechuga de Pollo;16.75;https://www.jumbo.cl/pechuga-desh-pollo-iqf-super-750g-2050884/p
Pechuga de pollo;premium;jumbo;11187;Filetitos de Pechuga Congelado 700 g;Super Pollo;7590.0;7590.0;6490.0;;;;mass;700.0;;;10.842857142857143;;;Filetes y Pechuga de Pollo;16.6;https://www.jumbo.cl/filetitos-de-pechuga-super-pollo-congelado-700-g/p
Pechuga de pollo;premium;jumbo;11181;Tiritas de Pechuga Super Pollo Congelado 700 g;Super Pollo;7590.0;7590.0;6490.0;;;;mass;700.0;;;10.842857142857143;;;Filetes y Pechuga de Pollo;16.6;https://www.jumbo.cl/tiritas-de-pechuga-super-pollo-congelado-700-g/p
Pechuga de pollo;premium;jumbo;41157;Pechuga de Pollo Deshuesada Ariztía 700 g;Ariztía;7790.0;7790.0;6290.0;;;;mass;700.0;;;11.128571428571428;;;Filetes y Pechuga de Pollo;16.6;https://www.jumbo.cl/pechuga-deshuesada-de-pollo-ariztia-700-g/p
Pechuga de pollo;premium;jumbo;90607;Pechuga Deshuesada Natural 700 g;Super Pollo;7990.0;7990.0;7990.0;;;;mass;700.0;;;11.414285714285715;;;Filetes y Pechuga de Pollo;16.6;https://www.jumbo.cl/pechuga-deshuesada-natural-700-g/p
Pechuga de pollo;premium;jumbo;57294;Bistec de Pechuga Deshuesada 530 g;Super Pollo;5190.0;5190.0;5190.0;;;;mass;530.0;;;9.79245283018868;;;Filetes y Pechuga de Pollo;16.09;https://www.jumbo.cl/bistec-de-pechuga-pollo-super-530-gr-pet/p
Pechuga de pollo;premium;jumbo;150227;Pechuga Deshuesada de Pollo 500 g;Ariztía;4890.0;4890.0;4890.0;;;;mass;500.0;;;9.78;;;Filetes y Pechuga de Pollo;16.0;https://www.jumbo.cl/pechuga-deshuesada-de-pollo-500-g-1667235/p
Pechuga de pollo;premium;jumbo;82308;Pechuga de Pollo Deshuesada Sin Marinar 800 g;Cuisine & Co;9290.0;9290.0;9290.0;;;;mass;800.0;;;11.6125;;;Filetes y Pechuga de Pollo;12.9;https://www.jumbo.cl/pechuga-deshuesada-de-pollo-800-g-cuisine-and-co-1801136/p
Pechuga de pollo;premium;lider;dom_24;Pollo Pechuga Congelada, 1 kg;;5990.0;5990.0;800.0;;;;mass;1000.0;;;5.99;;Pollo > Pechuga y Filetitos de Pollo;;13.5;https://super.lider.cl/ip/pollo/00789151555199
Pechuga de pollo;premium;lider;dom_3;Pollo Pechuga Deshuesada Envasada, 850 g;;7190.0;7190.0;1500.0;;;;mass;850.0;;;8.458823529411765;;Pollo > Pechuga y Filetitos de Pollo;;13.05;https://super.lider.cl/ip/pollo/00780411500173
Pechuga de pollo;premium;lider;dom_1;Pollo Pechuga Deshuesada Envasada, 850 g;;7290.0;7290.0;1500.0;;;;mass;850.0;;;8.576470588235294;;Pollo > Pechuga y Filetitos de Pollo;;13.05;https://super.lider.cl/ip/pollo/00780961172061
Pechuga de pollo;premium;lider;dom_11;Pollo Pechuga Deshuesada Sin Marinar Envasada, 780 g;;7490.0;7490.0;1200.0;;;;mass;780.0;;;9.602564102564102;;Pollo > Pechuga y Filetitos de Pollo;;12.84;https://super.lider.cl/ip/pollo/00780961172066
Pechuga de pollo;premium;lider;dom_9;Pollo Pechuga Deshuesada Congelada, 750 g;;7320.0;7320.0;200.0;;;;mass;750.0;;;9.76;;Pollo > Pechuga y Filetitos de Pollo;;12.75;https://super.lider.cl/ip/pollo/00780961172203
Pechuga de pollo;premium;lider;dom_10;Pollo En Tiritas de Pechuga Congelado, 700 g;;7390.0;7390.0;5000.0;;;;mass;700.0;;;10.557142857142857;;Pollo > Pechuga y Filetitos de Pollo;;12.6;https://super.lider.cl/ip/pollo/00780961171099
Pechuga de pollo;premium;lider;dom_33;Pollo Pechuga Deshuesada Congelada, 700 g;;7414.0;7414.0;2000.0;;;;mass;700.0;;;10.59142857142857;;Pollo > Pechuga y Filetitos de Pollo;;12.6;https://super.lider.cl/ip/pollo/00780874950114
Pechuga de pollo;premium;lider;dom_5;Pollo Pechuga Deshuesada Congelada, 700 g;;7414.0;7414.0;2000.0;;;;mass;700.0;;;10.59142857142857;;Pollo > Pollo sin Marinar;;12.6;https://super.lider.cl/ip/pollo/00780874950114
Pechuga de pollo;premium;lider;dom_2;Pollo Pechuga Deshuesada Sin Marinar Congelada, 700 g;;7843.0;7843.0;1900.0;;;;mass;700.0;;;11.204285714285714;;Pollo > Pollo sin Marinar;;12.6;https://super.lider.cl/ip/pollo/00780961171848
Pechuga de pollo;premium;lider;dom_1;Pollo Filetito De Pechuga Sin Marinar Congelada, 700 g;;8414.0;8414.0;1500.0;;;;mass;700.0;;;12.02;;Pollo > Pollo sin Marinar;;12.6;https://super.lider.cl/ip/pollo/00780961171849
Pechuga de pollo;premium;lider;dom_42;Pollo Pechuga Filetito Congelado, 650 g;;7692.0;7692.0;2190.0;;;;mass;650.0;;;11.833846153846153;;Pollo > Pechuga y Filetitos de Pollo;;12.45;https://super.lider.cl/ip/pollo/00780874950115
Pechuga de pollo;premium;lider;dom_15;Pollo Pechuga Filetito Congelado, 650 g;;7692.0;7692.0;2190.0;;;;mass;650.0;;;11.833846153846153;;Pollo > Subproductos y Otros;;12.45;https://super.lider.cl/ip/pollo/00780874950115
Pechuga de pollo;premium;unimarc;367;Pechuga entera de pollo Super Pollo granel 900 g;Super Pollo;4761.0;4761.0;4761.0;;Kg;900 g;mass;900.0;;;5.29;;Pollo;Pechugas y filetitos;18.7;https://www.unimarc.cl/pechuga-entera-super-pollo-granel-1-a-2-kg/p
Pechuga de pollo;premium;unimarc;91103;Pechuga entera de pollo Ariztía granel 900 g;Ariztia;4761.0;4761.0;4761.0;;Kg;900 g;mass;900.0;;;5.29;;Pollo;Pechugas y filetitos;18.7;https://www.unimarc.cl/pechuga-entera-de-pollo-ariztia-kg-2/p
Pechuga de pollo;premium;unimarc;6311;Pechuga de pollo deshuesada Ariztía bandeja 850 g;Ariztia;7550.0;7550.0;7550.0;;Kg;1 un;mass;850.0;;;8.882352941176471;;Pollo;Pechugas y filetitos;18.55;https://www.unimarc.cl/pechuga-pollo-s-hp-ariztia-900-grs/p
Pechuga de pollo;premium;unimarc;9973;Pechuga de pollo deshuesada Super Pollo 850 g;Super Pollo;7750.0;7750.0;7750.0;;Kg;1 un;mass;850.0;;;9.117647058823529;;Pollo;Pechugas y filetitos;18.55;https://www.unimarc.cl/pechuga-deshuesada-super-pollo-850-g/p
Pechuga de pollo;premium;unimarc;1663;Pechuga deshuesada de pollo Super Pollo 780 g;Super Pollo;7990.0;7990.0;7990.0;;Kg;1 un;mass;780.0;;;10.243589743589743;;Pollo;Pechugas y filetitos;18.34;https://www.unimarc.cl/pechuga-deshuesada-natural-s-pollo-780g/p
Pechuga de pollo;premium;unimarc;93425;Pechuga deshuesado Super Pollo congelado 750 gr;Super Pollo;6390.0;6390.0;6390.0;;Kg;1 un;mass;750.0;;;8.52;;Pollo;Pechugas y filetitos;18.25;https://www.unimarc.cl/pechuga-desh-cong-super-pollo-750gr/p
Pechuga de pollo;premium;unimarc;1197;Filetitos de pechuga de pollo Super Pollo congelado 700 g;Super Pollo;6990.0;6990.0;6990.0;;Kg;1 un;mass;700.0;;;9.985714285714286;;Pollo;Pechugas y filetitos;18.1;https://www.unimarc.cl/filetito-de-pollo-pechuga-cong-super-pollo700g/p
Pechuga de pollo;premium;unimarc;1651;Tiritas de pechuga de pollo Super Pollo congelado 700 g;Super Pollo;7590.0;7590.0;5990.0;59900.0;Kg;1 un;mass;700.0;;;10.842857142857143;;Pollo;Pechugas y filetitos;18.1;https://www.unimarc.cl/tiritas-de-pollo-pechuga-iqf-super-pollo-700-g/p
Pechuga de pollo;premium;unimarc;9961;Pechuga deshuesada de pollo Ariztía congelado 700 g;Ariztia;7790.0;7790.0;7790.0;;Kg;1 un;mass;700.0;;;11.128571428571428;;Pollo;Pechugas y filetitos;18.1;https://www.unimarc.cl/pechuga-deshuesada-de-pollo-ariztia-700-g/p
Pechuga de pollo;premium;unimarc;73203;Pechuga de pollo Super Pollo IQF deshuesada al natural 700 g;Super Pollo;7990.0;7990.0;6000.0;60000.0;Kg;1 un;mass;700.0;;;11.414285714285715;;Pollo;Pechugas y filetitos;18.1;https://www.unimarc.cl/pechuga-desh-iqf-al-natural-700-gr/p
Pechuga de pollo;premium;unimarc;73204;Filetitos de pechuga de pollo Super Pollo deshuesado al natural 700 g;Super Pollo;7990.0;7990.0;6000.0;60000.0;Kg;1 un;mass;700.0;;;11.414285714285715;;Pollo;Pechugas y filetitos;18.1;https://www.unimarc.cl/filete-iqf-al-natural-700-gr/p
Pechuga de pollo;premium;unimarc;9868;Pechuga de pollo deshuesada Super Pollo granel 600 g;Super Pollo;4134.0;4134.0;4134.0;;Kg;600 g;mass;600.0;;;6.89;;Pollo;Pechugas y filetitos;17.8;https://www.unimarc.cl/pechuga-pollo-sin-hueso-super-pollo-kg/p
Trutro de pollo;premium;jumbo;10332;Trutro Entero 850 g Aprox.;Super Pollo;4242.0;4242.0;4242.0;;;;mass;850.0;;;4.990588235294117;;;Alitas y Trutros de Pollo;15.05;https://www.jumbo.cl/trutro-entero-super-pollo-bandeja-850-g-aprox/p
Trutro de pollo;premium;jumbo;59992;Trutro Largo con Piel Super Pollo 800 g;Super Pollo;4390.0;4390.0;4390.0;;;;mass;800.0;;;5.4875;;;Alitas y Trutros de Pollo;14.9;https://www.jumbo.cl/trutro-largo-de-pollo-super-pollo-con-piel-800-g-congelado/p
Trutro de pollo;premium;jumbo;84720;Trutro Largo Pollo 730 g;Super Pollo;4790.0;4790.0;4790.0;;;;mass;730.0;;;6.561643835616438;;;Alitas y Trutros de Pollo;14.69;https://www.jumbo.cl/trutro-largo-pollo-730-g/p
Trutro de pollo;premium;jumbo;84719;Trutro Corto Pollo 700 g;Super Pollo;4790.0;4790.0;4790.0;;;;mass;700.0;;;6.8428571428571425;;;Alitas y Trutros de Pollo;14.6;https://www.jumbo.cl/trutro-corto-pollo-700-g/p
Trutro de pollo;premium;jumbo;82330;Trutro Largo de Pollo Sin Marinar 1 kg;Cuisine & Co;6890.0;6890.0;6890.0;;;;mass;1000.0;;;6.89;;;Alitas y Trutros de Pollo;11.5;https://www.jumbo.cl/trutro-largo-de-pollo-1-kg-cuisine-and-co-1801135/p
Trutro de pollo;premium;jumbo;82329;Trutro Corto de Pollo Sin Marinar 1 kg;Cuisine & Co;6890.0;6890.0;6890.0;;;;mass;1000.0;;;6.89;;;Alitas y Trutros de Pollo;11.5;https://www.jumbo.cl/trutro-corto-de-pollo-1-kg-cuisine-and-co-1801134/p
Trutro de pollo;premium;jumbo;11267;Trutro Corto de Pollo Asado 1 kg;Cuisine & Co;8390.0;8390.0;8390.0;;;;mass;1000.0;;;8.39;;;Alitas y Trutros de Pollo;11.5;https://www.jumbo.cl/trutro-corto-de-pollo-asado-jumbo-ready-1-kg/p
Trutro de pollo;premium;lider;dom_32;Pollo Trutro Corto Sin Marinar Envasado, 1 kg;;3990.0;3990.0;200.0;;;;mass;1000.0;;;3.99;;Pollo > Trutro de Pollo;;11.5;https://super.lider.cl/ip/pollo/00789151555261
Trutro de pollo;premium;lider;dom_8;Pollo Trutro Largo Congelado, 1 kg;;3990.0;3990.0;200.0;;;;mass;1000.0;;;3.99;;Pollo > Pollo Entero;;11.5;https://super.lider.cl/ip/pollo/00789151555256
Trutro de pollo;premium;lider;dom_39;Pollo Trutro Ala Congelado, 1 kg;;4290.0;4290.0;700.0;;;;mass;1000.0;;;4.29;;Pollo > Trutro de Pollo;;11.5;https://super.lider.cl/ip/pollo/00789490422287
Trutro de pollo;premium;lider;dom_6;Pollo Trutro Ala Congelado, 1 kg;;4290.0;4290.0;700.0;;;;mass;1000.0;;;4.29;;Pollo > Pollo sin Marinar;;11.5;https://super.lider.cl/ip/pollo/00789490422287
Trutro de pollo;premium;lider;dom_7;Pollo Trutro Corto Congelado, 800 g;;3750.0;3750.0;390.0;;;;mass;800.0;;;4.6875;;Pollo > Trutro de Pollo;;10.9;https://super.lider.cl/ip/pollo/00780961170978
Trutro de pollo;premium;lider;dom_26;Pollo Trutro Largo Congelado, 800 g;;3750.0;3750.0;390.0;;;;mass;800.0;;;4.6875;;Pollo > Trutro de Pollo;;10.9;https://super.lider.cl/ip/pollo/00780961170980
Trutro de pollo;premium;lider;dom_5;Pollo Trutro Largo Congelado, 800 g;;3750.0;3750.0;390.0;;;;mass;800.0;;;4.6875;;Pollo > Pollo Entero;;10.9;https://super.lider.cl/ip/pollo/00780961170980
Trutro de pollo;premium;lider;dom_38;Pollo Trutro Corto, 800 g;;3890.0;3890.0;890.0;;;;mass;800.0;;;4.8625;;Pollo > Trutro de Pollo;;10.9;https://super.lider.cl/ip/pollo/00780874950137
Trutro de pollo;premium;lider;dom_37;Pollo Trutro Entero Deshuesado Chimuchurri Envasado, 750 g;;5320.0;5320.0;1300.0;;;;mass;750.0;;;7.093333333333334;;Pollo > Trutro de Pollo;;10.75;https://super.lider.cl/ip/pollo/00780961171990
Trutro de pollo;premium;lider;dom_6;Pollo Trutro Entero Deshuesado Chimuchurri Envasado, 750 g;;5320.0;5320.0;1300.0;;;;mass;750.0;;;7.093333333333334;;Pollo > Parrilla y Saborizados;;10.75;https://super.lider.cl/ip/pollo/00780961171990
Trutro de pollo;premium;lider;dom_40;Pollo Trutro Entero Deshuesado Orégano Envasado, 750 g;;5390.0;5390.0;3990.0;;;;mass;750.0;;;7.1866666666666665;;Pollo > Trutro de Pollo;;10.75;https://super.lider.cl/ip/pollo/00780961172160
Trutro de pollo;premium;lider;dom_7;Pollo Trutro Entero Deshuesado Orégano Envasado, 750 g;;5390.0;5390.0;3990.0;;;;mass;750.0;;;7.1866666666666665;;Pollo > Parrilla y Saborizados;;10.75;https://super.lider.cl/ip/pollo/00780961172160
Trutro de pollo;premium;unimarc;92363;Trutro cuarto de pollo Ariztía granel 1 Kg;Ariztia;3190.0;3190.0;3190.0;;Kg;1 kg;mass;1000.0;;;3.19;;Pollo;Trutro;17.0;https://www.unimarc.cl/trutro-cuarto-de-pollo-ariztia-kg/p
Trutro de pollo;premium;unimarc;42279;Trutro entero de pollo Super Pollo al vacío 1 Kg;Super Pollo;3990.0;3990.0;3990.0;;Kg;1 kg;mass;1000.0;;;3.99;;Pollo;Trutro;17.0;https://www.unimarc.cl/trutro-vacio-super-pollo-kg/p
Trutro de pollo;premium;unimarc;364;Trutro corto de pollo Ariztía granel bandeja 900 g;Ariztia;4131.0;4131.0;3600.0;36000.0;Kg;900 g;mass;900.0;;;4.59;;Pollo;Trutro;16.7;https://www.unimarc.cl/trutro-pollo-corto-ariztia-bandeja-1-1-kg/p
Trutro de pollo;premium;unimarc;78547;Trutro entero Super Pollo bandeja 850 g Tuto entero Super Pollo bandeja granel 850 g;Super Pollo;3817.0;3817.0;3817.0;;Kg;850 g;mass;850.0;;;4.490588235294117;;Pollo;Trutro;16.55;https://www.unimarc.cl/trutro-entero-fresco-s-pollo-bandeja-kg/p
Trutro de pollo;premium;unimarc;365;Trutro entero de pollo Super Pollo granel 800 g;Super Pollo;3192.0;3192.0;3192.0;;Kg;800 g;mass;800.0;;;3.99;;Pollo;Trutro;16.4;https://www.unimarc.cl/trutro-entero-super-pollo-granel-1-a-2-kg/p
Trutro de pollo;premium;unimarc;88174;Trutro entero de pollo Ariztía granel 800 g;Ariztia;3192.0;3192.0;3192.0;;Kg;800 g;mass;800.0;;;3.99;;Pollo;Trutro;16.4;https://www.unimarc.cl/trutro-entero-pollo-granel-ariztia-kg-2/p
Trutro de pollo;premium;unimarc;1499;Trutro corto de pollo Super Pollo congelado 800 g;Super Pollo;3790.0;3790.0;3790.0;;Kg;1 un;mass;800.0;;;4.7375;;Pollo;Trutro;16.4;https://www.unimarc.cl/trutro-pollo-corto-iqf-super-pollo-3-4-u-800-g/p
Trutro de pollo;premium;unimarc;1500;Trutro largo de pollo Super Pollo congelado 800 g;Super Pollo;3790.0;3790.0;2990.0;29900.0;Kg;1 un;mass;800.0;;;4.7375;;Pollo;Trutro;16.4;https://www.unimarc.cl/trutro-pollo-largo-iqf-super-pollo-4-6-u-800-g/p
Trutro de pollo;premium;unimarc;6421;Alitas trutro de pollo Super Pollo congelado 800 g;Super Pollo;4390.0;4390.0;4390.0;;Kg;1 un;mass;800.0;;;5.4875;;Pollo;Trutro;16.4;https://www.unimarc.cl/trutro-ala-seleccion-super-pollo-800-gr/p
Trutro de pollo;premium;unimarc;92222;Trutro corto y largo deshuesado Super Pollo congelado 750 gr;Super Pollo;4990.0;4990.0;4490.0;44900.0;Kg;1 un;mass;750.0;;;6.653333333333333;;Pollo;Trutro;16.25;https://www.unimarc.cl/tuto-corto-y-largo-desh-superpollo-750gr/p
Trutro de pollo;premium;unimarc;89311;Trutro deshuesado Super Pollo clásico bandeja 750 g;Super Pollo;5990.0;5990.0;5990.0;;Kg;1 un;mass;750.0;;;7.986666666666666;;Pollo;Trutro;16.25;https://www.unimarc.cl/trutro-deshue-clasico-super-pollo-750g/p
Trutro de pollo;premium;unimarc;89310;Trutro deshuesado Super Pollo chimichurri bandeja 750 g;Super Pollo;5990.0;5990.0;5990.0;;Kg;1 un;mass;750.0;;;7.986666666666666;;Pollo;Trutro;16.25;https://www.unimarc.cl/trutro-deshu-chimichurr-super-pollo-750g/p
