cba_name;formato_objetivo;supermarket;sku;name;brand;price_num;list_price_num;fallback_price_num;discount_price_num;unit;net_content;unit_family;size_std;price_per_unit_web;price_per_unit_list_web;price_per_std_unit_calc;category_std;subcategory;last_category;match_score;detail_url
Arroz;1 kg clasico;jumbo;92364;Arroz Grado 2 Cuisine & Co Largo y Delgado 1 kg;Cuisine & Co;1590.0;1590.0;1200.0;;;;mass;1000.0;;;1.59;;;Arroz;9.5;https://www.jumbo.cl/arroz-largo-fino-1-kg-cuisine-and-co-1845787/p
Arroz;1 kg clasico;jumbo;92364;Arroz Grado 2 Cuisine & Co Largo y Delgado 1 kg;Cuisine & Co;1590.0;1590.0;1200.0;;;;mass;1000.0;;;1.59;;;Arroz, Quinoa y Cuscús (Mostrar todo);9.5;https://www.jumbo.cl/arroz-largo-fino-1-kg-cuisine-and-co-1845787/p
Arroz;1 kg clasico;jumbo;1621;Arroz Grado 2 Tucapel Blue Grano Largo y Delgado 1 kg;Tucapel;1790.0;1790.0;1790.0;;;;mass;1000.0;;;1.79;;;Arroz;9.5;https://www.jumbo.cl/arroz-grado-2-tucapel-1-kg-blue-bonnet-grano-largo-y-delgado/p
Arroz;1 kg clasico;jumbo;1621;Arroz Grado 2 Tucapel Blue Grano Largo y Delgado 1 kg;Tucapel;1790.0;1790.0;1790.0;;;;mass;1000.0;;;1.79;;;Arroz, Quinoa y Cuscús (Mostrar todo);9.5;https://www.jumbo.cl/arroz-grado-2-tucapel-1-kg-blue-bonnet-grano-largo-y-delgado/p
Arroz;1 kg clasico;jumbo;97673;Arroz Grado 1 Grano Largo y Delgado 1 kg;Cuisine & Co;1890.0;1890.0;1890.0;;;;mass;1000.0;;;1.89;;;Arroz;9.5;https://www.jumbo.cl/arroz-largo-fino-1-kg-cuisine-and-co-1845786/p
Pan corriente sin envasar;500 g a 1 kg pan corriente;jumbo;8878;Pan Campo 550 g;Jumbo Artesanal;2290.0;2290.0;2290.0;;;;mass;550.0;;;4.163636363636364;;;Pan Artesanal;6.5;https://www.jumbo.cl/pan-campo-rustico-jumbo-550-g-1-unid-2/p
Pan corriente sin envasar;500 g a 1 kg pan corriente;jumbo;22510;Pan Amasado Pilmayquen 480 g;Pilmayquén;2690.0;2690.0;2690.0;;;;mass;480.0;;;5.604166666666667;;;Pan Congelado y Precocido;6.5;https://www.jumbo.cl/pan-amasado-pilmayquen-480-g/p
Pan corriente sin envasar;500 g a 1 kg pan corriente;jumbo;25442;Pan Hallulla Pilmayquen 480 g 10 un.;Pilmayquen;2690.0;2690.0;2690.0;;;;mass;480.0;;;5.604166666666667;;;Pan Congelado y Precocido;6.5;https://www.jumbo.cl/pan-hallulla-pilmayquen-10-unid-480-g/p
Pan corriente sin envasar;500 g a 1 kg pan corriente;jumbo;22461;Pan Pumpernickel Mestemacher Alemán 500 g;Mestemacher;2790.0;2790.0;2232.0;;;;mass;500.0;;;5.58;;;Pan Integral y Funcional;6.5;https://www.jumbo.cl/pan-pumpernickel-mestemacher-500-g/p
Pan corriente sin envasar;500 g a 1 kg pan corriente;jumbo;22470;Pan Mestemacher Línea Ligera 500 g;Mestemacher;2890.0;2890.0;2312.0;;;;mass;500.0;;;5.78;;;Pan Integral y Funcional;6.5;https://www.jumbo.cl/pan-integral-centeno-y-avena-mestemacher-500-g/p
Pan corriente sin envasar;500 g a 1 kg pan corriente;lider;dom_3;Pan Precocido Hallulla Integral Atm 18 Un, 1 kg;;2390.0;2390.0;2390.0;;;;mass;1000.0;;;2.39;;Panadería Envasada > Pan Especial;;6.5;https://super.lider.cl/ip/panaderia-envasada/00040005054558
Pan corriente sin envasar;500 g a 1 kg pan corriente;lider;dom_4;Pan Precocido Hallulla Integral Atm 18 Un, 1 kg;;2390.0;2390.0;2390.0;;;;mass;1000.0;;;2.39;;Panadería Envasada > Pan para Hornear en Casa;;6.5;https://super.lider.cl/ip/panaderia-envasada/00040005054558
Pan corriente sin envasar;500 g a 1 kg pan corriente;lider;dom_20;Pan Precocido Hallullita Atm 20 Un, 1100 g;;2390.0;2390.0;2172.0;;;;mass;1100.0;;;2.172727272727273;;Panadería Envasada > Pan para Hornear en Casa;;6.5;https://super.lider.cl/ip/panaderia-envasada/00780263600307
Pan corriente sin envasar;500 g a 1 kg pan corriente;lider;dom_5;Pan Tapadito Blanco, 500 g;;2490.0;2490.0;2490.0;;;;mass;500.0;;;4.98;;Panadería Envasada > Pan Especial;;6.5;https://super.lider.cl/ip/panaderia-envasada/00780464118069
Pan corriente sin envasar;500 g a 1 kg pan corriente;lider;dom_9;Pan Tapadito Blanco, 500 g;;2490.0;2490.0;2490.0;;;;mass;500.0;;;4.98;;Panadería Envasada > Cocktelería;;6.5;https://super.lider.cl/ip/panaderia-envasada/00780464118069
Pan corriente sin envasar;500 g a 1 kg pan corriente;unimarc;74306;Pan hallulla Prosepan granel 500 g;Prosepan;1095.0;1095.0;1095.0;;Kg;500 g;mass;500.0;;;2.19;;Pan;Pan corriente;8.0;https://www.unimarc.cl/pan-hallulla-prosepan-kg/p
Pan corriente sin envasar;500 g a 1 kg pan corriente;unimarc;10004;Pan marraqueta granel Amada Masa 500 g;Amada Masa;1095.0;1095.0;1095.0;;Kg;500 g;mass;500.0;;;2.19;;Pan;Pan corriente;8.0;https://www.unimarc.cl/marraqueta-kg/p
Pan corriente sin envasar;500 g a 1 kg pan corriente;unimarc;80116;Pan marraqueta Prosepan granel 500 g;Prosepan;1095.0;1095.0;1095.0;;Kg;500 g;mass;500.0;;;2.19;;Pan;Pan corriente;8.0;https://www.unimarc.cl/pan-marraqueta-prosepan-kg/p
Pan corriente sin envasar;500 g a 1 kg pan corriente;unimarc;10003;Pan hallulla granel Amada Masa 500 g;Amada Masa;1095.0;1095.0;1095.0;;Kg;500 g;mass;500.0;;;2.19;;Pan;Pan corriente;8.0;https://www.unimarc.cl/hallulla-kg/p
Pan corriente sin envasar;500 g a 1 kg pan corriente;unimarc;218;Pan Marraqueta elaboración propia granel 500 g;Elaboracion Propia;1095.0;1095.0;1095.0;;Kg;500 g;mass;500.0;;;2.19;;Pan;Pan corriente;8.0;https://www.unimarc.cl/pan-marraqueta-elab-propia-kg/p
Espiral;400 g a 1 kg pasta espiral;jumbo;2299;Pasta Espiral N°49 Carozzi 400 g;Carozzi;1070.0;1070.0;1070.0;;;;mass;400.0;;;2.675;;;Pastas y Fideos;5.0;https://www.jumbo.cl/espirales-carozzi-bolsa-400-g/p
Espiral;400 g a 1 kg pasta espiral;jumbo;2299;Pasta Espiral N°49 Carozzi 400 g;Carozzi;1070.0;1070.0;1070.0;;;;mass;400.0;;;2.675;;;Fideos, Pastas y Salsas (Mostrar todo);5.0;https://www.jumbo.cl/espirales-carozzi-bolsa-400-g/p
Harina de trigo;1 kg;jumbo;99156;Harina El Peral Sin Polvos de Hornear 1 kg;El Peral;1060.0;1060.0;1060.0;;;;mass;1000.0;;;1.06;;;Harina Blanca;8.0;https://www.jumbo.cl/harina-el-peral-sin-polvo-1-kg-1821024/p
Harina de trigo;1 kg;jumbo;4263;Harina Mont Blanc Sin Polvos de Hornear 1 kg;Mont Blanc;1380.0;1380.0;1380.0;;;;mass;1000.0;;;1.38;;;Harina Blanca;8.0;https://www.jumbo.cl/harina-sin-polvos-de-hornear-mont-blanc-bolsa-1-kg/p
Harina de trigo;1 kg;jumbo;4262;Harina Mont Blanc con Polvos de Hornear 1 kg;Mont Blanc;1380.0;1380.0;1380.0;;;;mass;1000.0;;;1.38;;;Harina Blanca;8.0;https://www.jumbo.cl/harina-con-polvos-de-hornear-mont-blanc-bolsa-1-kg/p
Harina de trigo;1 kg;jumbo;4263;Harina Mont Blanc Sin Polvos de Hornear 1 kg;Mont Blanc;1380.0;1380.0;1380.0;;;;mass;1000.0;;;1.38;;;Harinas, Postres y Repostería (Mostrar todo);8.0;https://www.jumbo.cl/harina-sin-polvos-de-hornear-mont-blanc-bolsa-1-kg/p
Harina de trigo;1 kg;jumbo;4262;Harina Mont Blanc con Polvos de Hornear 1 kg;Mont Blanc;1380.0;1380.0;1380.0;;;;mass;1000.0;;;1.38;;;Harinas, Postres y Repostería (Mostrar todo);8.0;https://www.jumbo.cl/harina-con-polvos-de-hornear-mont-blanc-bolsa-1-kg/p
Harina de trigo;1 kg;lider;dom_3;Harina Fuerza, 1 kg;;950.0;950.0;950.0;;;;mass;1000.0;;;0.95;;Harinas y Polvos > Otras Harinas;;8.0;https://super.lider.cl/ip/harinas-y-polvos/00780956180076
Harina de trigo;1 kg;lider;dom_17;Harina Sin Polvos Todo Uso Bolsa, 1 kg;;1000.0;1000.0;1000.0;;;;mass;1000.0;;;1.0;;Harinas y Polvos > Harinas Blancas;;8.0;https://super.lider.cl/ip/harinas-y-polvos/00780463883130
Harina de trigo;1 kg;lider;dom_16;Harina Premix Pan Amasado, 1 kg;;1150.0;1150.0;1150.0;;;;mass;1000.0;;;1.15;;Harinas y Polvos > Otras Harinas;;8.0;https://super.lider.cl/ip/harinas-y-polvos/00780956180063
Harina de trigo;1 kg;lider;dom_17;Harina Premix Sopaipillas, 1 kg;;1190.0;1190.0;1190.0;;;;mass;1000.0;;;1.19;;Harinas y Polvos > Otras Harinas;;8.0;https://super.lider.cl/ip/harinas-y-polvos/00780956180062
Harina de trigo;1 kg;lider;dom_4;Harina Sin Polvos De Hornear, 1 kg;;1250.0;1250.0;1250.0;;;;mass;1000.0;;;1.25;;Harinas y Polvos > Harinas Blancas;;8.0;https://super.lider.cl/ip/harinas-y-polvos/00780955920066
Harina de trigo;1 kg;unimarc;35023;Harina Merkat sin polvos 1 Kg;Merkat;850.0;850.0;850.0;;Kg;1 un;mass;1000.0;;;0.85;;Harina y repostería;Harina;8.0;https://www.unimarc.cl/harina-s-polvo-merkat-1-kg/p
Harina de trigo;1 kg;unimarc;35022;Harina Merkat con polvos 1 Kg;Merkat;850.0;850.0;850.0;;Kg;1 un;mass;1000.0;;;0.85;;Harina y repostería;Harina;8.0;https://www.unimarc.cl/harina-c-polvo-merkat-1-kg/p
Harina de trigo;1 kg;unimarc;78351;Harina Nuestra Cocina sin polvos 1 Kg;Nuestra Cocina;1330.0;1330.0;1000.0;10000.0;Kg;1 un;mass;1000.0;;;1.33;;Harina y repostería;Harina;8.0;https://www.unimarc.cl/harina-s-polvos-nuestra-cocina-1-kg/p
Harina de trigo;1 kg;unimarc;78352;Harina Nuestra Cocina con polvos 1 Kg;Nuestra Cocina;1330.0;1330.0;1000.0;10000.0;Kg;1 un;mass;1000.0;;;1.33;;Harina y repostería;Harina;8.0;https://www.unimarc.cl/harina-c-polvos-nuestra-cocina-1-kg/p
Harina de trigo;1 kg;unimarc;29;Harina Mont Blanc sin polvos 1 Kg;Mont Blanc;1350.0;1350.0;1050.0;10500.0;Kg;1 un;mass;1000.0;;;1.35;;Harina y repostería;Harina;8.0;https://www.unimarc.cl/harina-mont-blanc-sin-polvos-1-kg/p
Avena;500 g tradicional o instantanea;jumbo;22467;Pan Centeno Mestemacher Orgánico con Avena y Cebada 500 g;Mestemacher;3290.0;3290.0;2632.0;;;;mass;500.0;;;6.58;;;Pan Integral y Funcional;8.0;https://www.jumbo.cl/pan-organico-tres-granos-mestemacher-500-g-2/p
Avena;500 g tradicional o instantanea;jumbo;104121;Harina Quaker de Avena Integral 450 g;Quaker;2990.0;2990.0;2990.0;;;;mass;450.0;;;6.644444444444445;;;Harina Integral y Otras;7.7;https://www.jumbo.cl/harina-avena-integral-quaker-450g-1894721/p
Avena;500 g tradicional o instantanea;jumbo;88969;Harina de Avena Mi Tierra Sin Gluten 400 g;Mi Tierra;3790.0;3790.0;3790.0;;;;mass;400.0;;;9.475;;;Harina Integral y Otras;7.4;https://www.jumbo.cl/harina-de-avena-s-gluten-400-g/p
Avena;500 g tradicional o instantanea;jumbo;77242;Harina Avena Integral Bob's Red Mill 623 g;Bob's Red Mill;6990.0;6990.0;6990.0;;;;mass;623.0;;;11.219903691813805;;;Harina Integral y Otras;7.2620000000000005;https://www.jumbo.cl/harina-avena-integral-623-g/p
Avena;500 g tradicional o instantanea;jumbo;140613;Harina de Avena Selecta 850 g;Selecta;2390.0;2390.0;1990.0;;;;mass;850.0;;;2.8117647058823527;;;Harina Integral y Otras;5.9;https://www.jumbo.cl/harina-de-avena-selecta-850gr-2008105/p
Avena;500 g tradicional o instantanea;lider;dom_5;Avena Instantanea, 500 g;;1940.0;1940.0;970.0;;;;mass;500.0;;;3.88;;Cereales > Avenas;;8.0;https://super.lider.cl/ip/cereales/00780396000036
Avena;500 g tradicional o instantanea;lider;dom_6;Avena Instantánea, 500 g;;2000.0;2000.0;1000.0;;;;mass;500.0;;;4.0;;Cereales > Avenas;;8.0;https://super.lider.cl/ip/cereales/00780012017027
Avena;500 g tradicional o instantanea;lider;dom_24;Avena Instantánea, 500 g;;4000.0;4000.0;2000.0;;;;mass;500.0;;;8.0;;Cereales > Avenas;;8.0;https://super.lider.cl/ip/cereales/00780200001990
Avena;500 g tradicional o instantanea;lider;dom_17;Avena Instantánea, 450 g;;2380.0;2380.0;1190.0;;;;mass;450.0;;;5.288888888888889;;Cereales > Avenas;;7.7;https://super.lider.cl/ip/dulces-mermeladas-y-manjar/00780874360559
Avena;500 g tradicional o instantanea;lider;dom_21;Avena Instantánea, 450 g;;2380.0;2380.0;1190.0;;;;mass;450.0;;;5.288888888888889;;Dulces Mermeladas y Manjar > Azúcar;;7.7;https://super.lider.cl/ip/dulces-mermeladas-y-manjar/00780874360559
Avena;500 g tradicional o instantanea;unimarc;74188;Harina de avena Quaker integral 450 g;Quaker;2990.0;2990.0;2990.0;;Kg;1 un;mass;450.0;;;6.644444444444445;;Harina y repostería;Harina;7.7;https://www.unimarc.cl/harina-de-avena-integral-quaker-450-gr/p
Avena;500 g tradicional o instantanea;unimarc;89360;Pan de molde El Espigal integral avena 400 g;El Espigal;2390.0;2390.0;2390.0;;Kg;1 un;mass;400.0;;;5.975;;Pan envasado;Pan molde y pita;7.4;https://www.unimarc.cl/molde-integral-avena-400-gr/p
Avena;500 g tradicional o instantanea;unimarc;87159;Harina de avena Selecta integral 850 g;Selecta;2250.0;2250.0;2250.0;;Kg;1 un;mass;850.0;;;2.6470588235294117;;Harina y repostería;Harina;5.9;https://www.unimarc.cl/harina-de-avena-integral-selecta-850-gr/p
Azúcar;1 kg;jumbo;88730;Azúcar Cuisine & Co Blanca Granulada 1 kg;Cuisine & Co;1290.0;1290.0;1290.0;;;;mass;1000.0;;;1.29;;;Azúcar;8.0;https://www.jumbo.cl/azucar-blanca-granulada-1-kg-cuisine-and-co-1821380/p
Azúcar;1 kg;jumbo;149213;Azúcar Uniao 1 kg;Uniao;1390.0;1390.0;1390.0;;;;mass;1000.0;;;1.39;;;Azúcar;8.0;https://www.jumbo.cl/azucar-uniao-1k-2039667/p
Azúcar;1 kg;jumbo;1633;Azúcar Blanca Iansa 1 kg;Iansa;1490.0;1490.0;1490.0;;;;mass;1000.0;;;1.49;;;Azúcar;8.0;https://www.jumbo.cl/azucar-blanca-granulada-iansa-1-kg/p
Azúcar;1 kg;jumbo;65504;Azúcar Rubia Cuisine & Co 1 kg;Cuisine & Co;2380.0;2380.0;1890.0;;;;mass;1000.0;;;2.38;;;Azúcar;8.0;https://www.jumbo.cl/azucar-rubia-1-kg-cuisine-and-co-1755906/p
Azúcar;1 kg;jumbo;150401;Azúcar Specia Rubia 1 kg;Specia;2790.0;2790.0;2790.0;;;;mass;1000.0;;;2.79;;;Azúcar;8.0;https://www.jumbo.cl/azucar-rubia-1kg-2039927/p
Azúcar;1 kg;lider;dom_1;Azúcar Blanca Granulada Bolsa, 1 kg;;1000.0;1000.0;1000.0;;;;mass;1000.0;;;1.0;;Dulces Mermeladas y Manjar > Azúcar;;8.0;https://super.lider.cl/ip/dulces-mermeladas-y-manjar/00780150500049
Azúcar;1 kg;lider;dom_3;Azúcar Blanca Granulada Bolsa, 1 Kg;;1390.0;1390.0;1264.0;;;;mass;1000.0;;;1.39;;Dulces Mermeladas y Manjar > Azúcar;;8.0;https://super.lider.cl/ip/dulces-mermeladas-y-manjar/00780150523191
Azúcar;1 kg;lider;dom_25;Azúcar Blanca Granulada Bolsa, 1 kg;;2000.0;2000.0;1290.0;;;;mass;1000.0;;;2.0;;Dulces Mermeladas y Manjar > Azúcar;;8.0;https://super.lider.cl/ip/dulces-mermeladas-y-manjar/00789191003057
Azúcar;1 kg;lider;dom_12;Azúcar Rubia Granulada Bolsa, 1 kg;;2250.0;2250.0;2250.0;;;;mass;1000.0;;;2.25;;Dulces Mermeladas y Manjar > Azúcar;;8.0;https://super.lider.cl/ip/dulces-mermeladas-y-manjar/00780462778019
Azúcar;1 kg;lider;dom_13;Azúcar Rubia Granulada Bolsa, 1 Kg;;2590.0;2590.0;400.0;;;;mass;1000.0;;;2.59;;Dulces Mermeladas y Manjar > Azúcar;;8.0;https://super.lider.cl/ip/dulces-mermeladas-y-manjar/00780465534250
Leche líquida entera;1 litro;jumbo;134465;Leche Surlat Entera 1 L;Surlat;1050.0;1050.0;1050.0;;;;volume;1000.0;;;1.05;;;Leches (Mostrar todo);10.5;https://www.jumbo.cl/leche-entera-surlat-b-a-1l-1991554/p
Leche líquida entera;1 litro;jumbo;134465;Leche Surlat Entera 1 L;Surlat;1050.0;1050.0;1050.0;;;;volume;1000.0;;;1.05;;;Leche Líquida;10.5;https://www.jumbo.cl/leche-entera-surlat-b-a-1l-1991554/p
Leche líquida entera;1 litro;jumbo;6609;Leche Colun Entera 1 L;Colun;1350.0;1350.0;1350.0;;;;volume;1000.0;;;1.35;;;Leches (Mostrar todo);10.5;https://www.jumbo.cl/leche-entera-colun-caja-1-l-natural/p
Leche líquida entera;1 litro;jumbo;6609;Leche Colun Entera 1 L;Colun;1350.0;1350.0;1350.0;;;;volume;1000.0;;;1.35;;;Leche Líquida;10.5;https://www.jumbo.cl/leche-entera-colun-caja-1-l-natural/p
Leche líquida entera;1 litro;jumbo;102180;Leche Soprole Entera Cremosa 1 L;Soprole;1560.0;1560.0;1560.0;;;;volume;1000.0;;;1.56;;;Leche Líquida;10.5;https://www.jumbo.cl/leche-entera-4-5-mg-soprole-1l-1881647/p
Leche líquida entera;1 litro;lider;dom_1;Leche Natural Entera caja, 1 L;;990.0;990.0;990.0;;;;volume;1000.0;;;0.99;;Leche > Blanca;;10.5;https://super.lider.cl/ip/leche/00040000720074
Leche líquida entera;1 litro;lider;dom_4;Leche Entera Natural 1 l, 1 L;;1090.0;1090.0;1090.0;;;;volume;1000.0;;;1.09;;Leche > Blanca;;10.5;https://super.lider.cl/ip/leche/00780290000130
Leche líquida entera;1 litro;lider;dom_9;Leche Entera, 1 L;;1090.0;1090.0;1090.0;;;;volume;1000.0;;;1.09;;Leche > Blanca;;10.5;https://super.lider.cl/ip/leche/00780461747028
Leche líquida entera;1 litro;lider;dom_10;Leche Natural Entera Lonco Leche, 1 L;;1090.0;1090.0;1090.0;;;;volume;1000.0;;;1.09;;Leche > Blanca;;10.5;https://super.lider.cl/ip/leche/00780291000725
Leche líquida entera;1 litro;lider;dom_5;Leche Entera Natural Caja 1 l, 1 L;;1350.0;1350.0;100.0;;;;volume;1000.0;;;1.35;;Leche > Blanca;;10.5;https://super.lider.cl/ip/leche/00780292077754
Leche líquida entera;1 litro;unimarc;82635;Leche entera Los Peumos 1 L;Los Peumos;1050.0;1050.0;950.0;9500.0;litro;1 un;volume;1000.0;;;1.05;;Leches y cremas;Leches blancas;12.0;https://www.unimarc.cl/leche-entera-tetra-los-peumos-1lt/p
Leche líquida entera;1 litro;unimarc;2974;Leche entera natural con tapa Soprole 1 L Leche entera natural Soprole 1 L;Soprole;1150.0;1150.0;1100.0;11000.0;litro;1 un;volume;1000.0;;;1.15;;Leches y cremas;Leches blancas;12.0;https://www.unimarc.cl/leche-entera-natural-soprole-con-tapa-1-l-2/p
Leche líquida entera;1 litro;unimarc;80863;Leche de vaca libre Ecoterra entera 1 L;Ecoterra;3190.0;3190.0;3190.0;;litro;1 un;volume;1000.0;;;3.19;;Leches y cremas;Leches blancas;12.0;https://www.unimarc.cl/leche-entera-ecoterra-1-lt/p
Leche líquida entera;1 litro;unimarc;83190;Pack leche entera Los Peumos 12 un de 1 L;Los Peumos;12840.0;12840.0;11400.0;114000.0;litro;1 un;volume;1000.0;;;12.84;;Leches y cremas;Leches blancas;12.0;https://www.unimarc.cl/leche-entera-tetra-los-peumos-1lt-2/p
Leche líquida entera;1 litro;unimarc;65430;Pack leche entera Loncoleche 12 un 1 L;Loncoleche;13320.0;13320.0;12600.0;126000.0;litro;1 un;volume;1000.0;;;13.32;;Leches y cremas;Leches blancas;12.0;https://www.unimarc.cl/leche-entera-s-t-loncoleche-1-lt-2/p
Yogurt;100 g a 1 kg yogurt tradicional;jumbo;6953;Yogurt Batido Calán Semidescremado Frutilla 110 g;Calan;220.0;220.0;220.0;;;;mass;110.0;;;2.0;;;Yoghurt Batido;6.5;https://www.jumbo.cl/yoghurt-batido-calan-semidescremado-sabor-frutilla-120-g-2/p
Yogurt;100 g a 1 kg yogurt tradicional;jumbo;53885;Yogurt Batido Nestlé Frutilla 115 g;Nestlé;290.0;290.0;290.0;;;;mass;115.0;;;2.5217391304347827;;;Yoghurt Batido;6.5;https://www.jumbo.cl/yogurth-batido-nestle-115-g-frutilla/p
Yogurt;100 g a 1 kg yogurt tradicional;jumbo;53886;Yogurt Batido Nestlé Vainilla 115 g;Nestlé;290.0;290.0;290.0;;;;mass;115.0;;;2.5217391304347827;;;Yoghurt Batido;6.5;https://www.jumbo.cl/yogurth-batido-nestle-115-g-vainilla/p
Yogurt;100 g a 1 kg yogurt tradicional;jumbo;6979;Yogurt Batido Colun Vainilla 125 g;Colun;330.0;330.0;330.0;;;;mass;125.0;;;2.64;;;Yoghurt Batido;6.5;https://www.jumbo.cl/yoghurt-batido-colun-vainilla-125-g/p
Yogurt;100 g a 1 kg yogurt tradicional;jumbo;6972;Yogurt Batido Colun Frutilla 125 g;Colun;330.0;330.0;330.0;;;;mass;125.0;;;2.64;;;Yoghurt Batido;6.5;https://www.jumbo.cl/yoghurt-batido-colun-frutilla-125-g/p
Queso gouda;150 g a 500 g;unimarc;90828;Queso gouda Surlat laminado sin lactosa 200 g;Surlat;3550.0;3550.0;3550.0;;Kg;1 un;mass;200.0;;;17.75;;Quesos;Gauda y ranco;6.0;https://www.unimarc.cl/queso-gouda-lam-s-lactosa-surlat-200gr/p
Queso crema;100 g a 300 g;jumbo;84334;Queso Crema Cuisine & Co Envasado 226 g;Cuisine & Co;3190.0;3190.0;3190.0;;;;mass;226.0;;;14.11504424778761;;;Quesos (Mostrar todo);6.0;https://www.jumbo.cl/queso-crema-pasteurizado-226-g-cuisine-and-co-1820460/p
Queso crema;100 g a 300 g;jumbo;112391;Queso Crema Cuisine & Co 67 Calorías 227 g;Cuisine & Co;3190.0;3190.0;3190.0;;;;mass;227.0;;;14.052863436123348;;;Quesos (Mostrar todo);6.0;https://www.jumbo.cl/cream-cheese-67-kcal-cuisine-and-co-227g-1898632/p
Queso crema;100 g a 300 g;jumbo;85186;Queso Crema Santa Rosa Envasado Pote 150 g;Santa Rosa;3790.0;3790.0;3790.0;;;;mass;150.0;;;25.266666666666666;;;Chacras, Frescos y Quesillos;6.0;https://www.jumbo.cl/queso-crema-de-ricotta-santa-rosa-150-gr/p
Queso crema;100 g a 300 g;lider;dom_9;Queso Crema Natural, 200 g;;6450.0;6450.0;200.0;;;;mass;200.0;;;32.25;;Quesos > Untable y Fundido;;6.0;https://super.lider.cl/ip/quesos/00780290000126
Queso crema;100 g a 300 g;lider;dom_6;Queso Crema Untable Fresco Sabor Natural, 140 g;;7143.0;7143.0;350.0;;;;mass;140.0;;;51.02142857142857;;Quesos > Untable y Fundido;;6.0;https://super.lider.cl/ip/quesos/00780293000387
Queso crema;100 g a 300 g;lider;dom_8;Queso Crema Natural Untable, 100 g;;8400.0;8400.0;840.0;;;;mass;100.0;;;84.0;;Quesos > Untable y Fundido;;6.0;https://super.lider.cl/ip/quesos/00780290000123
Queso crema;100 g a 300 g;lider;dom_19;Queso Crema Con Ají Merkén, 200 g;;8750.0;8750.0;1750.0;;;;mass;200.0;;;43.75;;Quesos > Untable y Fundido;;6.0;https://super.lider.cl/ip/quesos/00780292080214
Queso crema;100 g a 300 g;lider;dom_2;Queso Crema Untable Natural, 100 g;;8900.0;8900.0;890.0;;;;mass;100.0;;;89.0;;Quesos > Untable y Fundido;;6.0;https://super.lider.cl/ip/quesos/00780292046310
Queso crema;100 g a 300 g;unimarc;396;Queso crema Soprole sabor natural 100 g;Soprole;840.0;840.0;840.0;;Kg;1 un;mass;100.0;;;8.4;;Quesos;Queso crema y untables;6.0;https://www.unimarc.cl/queso-crema-natural-soprole-100-g/p
Queso crema;100 g a 300 g;unimarc;10832;Queso crema Colun natural 100 g;Colun;900.0;900.0;730.0;7300.0;Kg;1 un;mass;100.0;;;9.0;;Quesos;Queso crema y untables;6.0;https://www.unimarc.cl/queso-crema-natura-colun-100-grs/p
Queso crema;100 g a 300 g;unimarc;6983;Queso crema Quillayes untable natural 140 g;Quillayes;1350.0;1350.0;1350.0;;Kg;1 un;mass;140.0;;;9.642857142857142;;Quesos;Queso crema y untables;6.0;https://www.unimarc.cl/queso-untable-quillayes-s-natural-140-gr/p
Queso crema;100 g a 300 g;unimarc;10882;Queso crema Soprole natural 200 g;Soprole;1650.0;1650.0;1650.0;;Kg;1 un;mass;200.0;;;8.25;;Quesos;Queso crema y untables;6.0;https://www.unimarc.cl/chessino-natural-soprole-200-gr/p
Queso crema;100 g a 300 g;unimarc;3490;Queso crema Colun natural 200 g;Colun;1690.0;1690.0;1690.0;;Kg;1 un;mass;200.0;;;8.45;;Quesos;Queso crema y untables;6.0;https://www.unimarc.cl/queso-crema-colun-200-grs/p
Huevo de gallina;6 a 12 unidades;jumbo;156583;Huevo Cuisine & Co Extra Grande Blanco Gallina Libre 12 un.;Cuisine & Co;4990.0;4990.0;4990.0;;;;unit;12.0;;;415.8333333333333;;;Huevos (Mostrar todo);5.0;https://www.jumbo.cl/huevo-ex-gran-blanco-12u-gall-libre-c-and-co-2045697/p
Huevo de gallina;6 a 12 unidades;jumbo;156583;Huevo Cuisine & Co Extra Grande Blanco Gallina Libre 12 un.;Cuisine & Co;4990.0;4990.0;4990.0;;;;unit;12.0;;;415.8333333333333;;;Huevos de Campo y Gallina Libre;5.0;https://www.jumbo.cl/huevo-ex-gran-blanco-12u-gall-libre-c-and-co-2045697/p
Huevo de gallina;6 a 12 unidades;lider;dom_28;Huevo Blanco Grande, 6 Un;;2390.0;2390.0;398.0;;;;unit;6.0;;;398.3333333333333;;Huevos y Mantequillas > Huevos;;5.0;https://super.lider.cl/ip/huevos-y-mantequillas/00780418000000
Huevo de gallina;6 a 12 unidades;lider;dom_30;Huevo Blanco Grande, 12 Un;;4290.0;4290.0;300.0;;;;unit;12.0;;;357.5;;Huevos y Mantequillas > Huevos;;5.0;https://super.lider.cl/ip/huevos-y-mantequillas/00780418002002
Huevo de gallina;6 a 12 unidades;unimarc;96584;Huevo metálico decorativo modelo Easter Dkora;Dkora;2190.0;2190.0;2190.0;;unidad;1 un;unit;;;;;;Librería, celebraciones y juguetes;Juegos y juguetes;5.0;https://www.unimarc.cl/huevo-metalico-easter-26-dkora/p
Huevo de gallina;6 a 12 unidades;unimarc;13694;Huevo grande blanco Yemita 6 un;Yemita;2250.0;2250.0;2250.0;;unidad;1 un;unit;6.0;;;375.0;;Huevos;Huevos gallina;5.0;https://www.unimarc.cl/huevo-grande-blanco-yemita-6-un/p
Huevo de gallina;6 a 12 unidades;unimarc;1644;Huevo grande color La Granja 6 un;La Granja;2990.0;2990.0;2770.0;27700.0;unidad;1 un;unit;6.0;;;498.3333333333333;;Huevos;Huevos gallina;5.0;https://www.unimarc.cl/huevo-grande-color-la-granja-6-un/p
Huevo de gallina;6 a 12 unidades;unimarc;71720;Huevo Coliumo extra color 12 un;Coliumo;4350.0;4350.0;4350.0;;unidad;1 un;unit;12.0;;;362.5;;Huevos;Huevos gallina;5.0;https://www.unimarc.cl/huevo-extra-color-coliumo-12-un/p
Huevo de gallina;6 a 12 unidades;unimarc;71721;Huevo Coliumo grande blanco 12 un;Coliumo;4370.0;4370.0;3850.0;38500.0;unidad;1 un;unit;12.0;;;364.1666666666667;;Huevos;Huevos gallina;5.0;https://www.unimarc.cl/huevo-primera-blanco-coliumo-12-un/p
Mantequilla con sal;100 g a 250 g;jumbo;150774;Baguette Coolback Mantequilla Hierbas Congelada 175 g;Coolback;1590.0;1590.0;1590.0;;;;mass;175.0;;;9.085714285714285;;;Apanados;5.0;https://www.jumbo.cl/bag-hierbas-manteq-2037028/p
Mantequilla con sal;100 g a 250 g;jumbo;150775;Baguette Coolback Mantequilla Ajo Congelada 175 g;Coolback;1590.0;1590.0;1590.0;;;;mass;175.0;;;9.085714285714285;;;Apanados;5.0;https://www.jumbo.cl/bag-ajo-manteq-2037027/p
Mantequilla con sal;100 g a 250 g;jumbo;150052;Mantequilla con Sal Cuisine & Co 125g;Cuisine & Co;1690.0;1690.0;1690.0;;;;mass;125.0;;;13.52;;;Mantequillas;5.0;https://www.jumbo.cl/mantequilla-125g-2037149/p
Mantequilla con sal;100 g a 250 g;jumbo;6796;Mantequilla Soprole con Sal 125 g;Soprole;1820.0;1820.0;1820.0;;;;mass;125.0;;;14.56;;;Mantequillas;5.0;https://www.jumbo.cl/mantequilla-soprole-pan-125-g-con-sal/p
Mantequilla con sal;100 g a 250 g;jumbo;6781;Mantequilla Colun con Sal 125 g;Colun;1850.0;1850.0;1850.0;;;;mass;125.0;;;14.8;;;Mantequillas;5.0;https://www.jumbo.cl/mantequilla-colun-pan-125-g-con-sal/p
Mantequilla con sal;100 g a 250 g;lider;dom_9;Cabritas para microondas Mantequilla, 91 g;;1550.0;1550.0;1550.0;;;;mass;91.0;;;17.032967032967033;;Snacks y Picoteo > Cabritas;;5.0;https://super.lider.cl/ip/snacks-y-picoteo/00007615060133
Mantequilla con sal;100 g a 250 g;lider;dom_22;Mantequilla Tradicional, 200 g;;2290.0;2290.0;2290.0;;;;mass;200.0;;;11.45;;Huevos y Mantequillas > Mantequillas;;5.0;https://super.lider.cl/ip/huevos-y-mantequillas/00780461339264
Mantequilla con sal;100 g a 250 g;lider;3400048206;Huevitos De Chocolate Sabor Mantequilla De Maní., 272 g;;8490.0;8490.0;8490.0;;;;mass;272.0;;;31.21323529411765;;Chocolates > Chocolates;;5.0;https://super.lider.cl/ip/variedad/00003400048206
Mantequilla con sal;100 g a 250 g;lider;dom_2;Mantequilla Con sal, 200 g;;10000.0;10000.0;2000.0;;;;mass;200.0;;;50.0;;Huevos y Mantequillas > Mantequillas;;5.0;https://super.lider.cl/ip/huevos-y-mantequillas/00780290011601
Mantequilla con sal;100 g a 250 g;lider;dom_36;Mantequilla Con Sal Tradicional, 200 g;;10360.0;10360.0;2590.0;;;;mass;200.0;;;51.8;;Huevos y Mantequillas > Mantequillas;;5.0;https://super.lider.cl/ip/huevos-y-mantequillas/00780870950003
Mantequilla con sal;100 g a 250 g;unimarc;89302;Cabritas Tento sabor mantequilla 91 g;Tento;1350.0;1350.0;1350.0;;Kg;1 un;mass;91.0;;;14.835164835164836;;Cóctel y snacks;Snack;5.0;https://www.unimarc.cl/cabritas-sabor-mantequilla-tento-91-gr/p
Mantequilla con sal;100 g a 250 g;unimarc;173;Popcorn Act II Mantequilla Light 85 g;Act Ii;1490.0;1490.0;1490.0;;Kg;1 un;mass;85.0;;;17.529411764705884;;Cóctel y snacks;Snack;5.0;https://www.unimarc.cl/popcorn-act-ii-mantequilla-light-85-g/p
Mantequilla con sal;100 g a 250 g;unimarc;408;Mantequilla Soprole con sal 125 g Mantequilla Soprole con sal pan 125 g;Soprole;1790.0;1790.0;1590.0;15900.0;Kg;1 un;mass;125.0;;;14.32;;Mantequillas;Mantequilla;5.0;https://www.unimarc.cl/mantequilla-soprole-con-sal-pan-125-g/p
Mantequilla con sal;100 g a 250 g;unimarc;411;Mantequilla Colun con sal pan 125 g;Colun;1850.0;1850.0;1850.0;;Kg;1 un;mass;125.0;;;14.8;;Mantequillas;Mantequilla;5.0;https://www.unimarc.cl/mantequilla-colun-con-sal-pan-125-g/p
Mantequilla con sal;100 g a 250 g;unimarc;3511;Mantequilla Calo con sal pan 125 g;Calo;1850.0;1850.0;1850.0;;Kg;1 un;mass;125.0;;;14.8;;Mantequillas;Mantequilla;5.0;https://www.unimarc.cl/mantequilla-pan-calo-125-gr/p
Margarina;200 g a 500 g;jumbo;6827;Margarina Soprole 250 g;Soprole;1550.0;1550.0;1550.0;;;;mass;250.0;;;6.2;;;Mantequillas y Margarinas (Mostrar todo);5.0;https://www.jumbo.cl/margarina-soprole-cremosa-con-leche-pan-250-g/p
Margarina;200 g a 500 g;jumbo;6827;Margarina Soprole 250 g;Soprole;1550.0;1550.0;1550.0;;;;mass;250.0;;;6.2;;;Margarinas;5.0;https://www.jumbo.cl/margarina-soprole-cremosa-con-leche-pan-250-g/p
Margarina;200 g a 500 g;jumbo;155980;Margarina Soprole Mix con Mantequilla 200 g;Soprole;1690.0;1690.0;1390.0;;;;mass;200.0;;;8.45;;;Mantequillas y Margarinas (Mostrar todo);5.0;https://www.jumbo.cl/margarina-soprole-pan-mix-200gr-2048540/p
Margarina;200 g a 500 g;jumbo;155980;Margarina Soprole Mix con Mantequilla 200 g;Soprole;1690.0;1690.0;1390.0;;;;mass;200.0;;;8.45;;;Margarinas;5.0;https://www.jumbo.cl/margarina-soprole-pan-mix-200gr-2048540/p
Margarina;200 g a 500 g;jumbo;26018;Margarina Deline Pote 500 g;Deline;1990.0;1990.0;1990.0;;;;mass;500.0;;;3.98;;;Margarinas;5.0;https://www.jumbo.cl/margarina-deline-pote-500-g/p
Margarina;200 g a 500 g;lider;dom_13;Margarina Light, 450 g;;3756.0;3756.0;460.0;;;;mass;450.0;;;8.346666666666666;;Huevos y Mantequillas > Margarinas;;5.0;https://super.lider.cl/ip/huevos-y-mantequillas/00780281000885
Margarina;200 g a 500 g;lider;dom_8;Margarina Tradicional, 500 g;;3780.0;3780.0;1890.0;;;;mass;500.0;;;7.56;;Huevos y Mantequillas > Margarinas;;5.0;https://super.lider.cl/ip/huevos-y-mantequillas/00789300004729
Margarina;200 g a 500 g;lider;dom_1;Margarina Tradicional, 500 g;;4000.0;4000.0;550.0;;;;mass;500.0;;;8.0;;Huevos y Mantequillas > Margarinas;;5.0;https://super.lider.cl/ip/huevos-y-mantequillas/00789300006525
Margarina;200 g a 500 g;lider;dom_5;Margarina Tradicional, 250 g;;4000.0;4000.0;450.0;;;;mass;250.0;;;16.0;;Huevos y Mantequillas > Margarinas;;5.0;https://super.lider.cl/ip/huevos-y-mantequillas/00780290060500
Margarina;200 g a 500 g;lider;dom_6;Margarina Tradicional, 450 g;;4111.0;4111.0;570.0;;;;mass;450.0;;;9.135555555555555;;Huevos y Mantequillas > Margarinas;;5.0;https://super.lider.cl/ip/huevos-y-mantequillas/00780281000889
Margarina;200 g a 500 g;unimarc;3502;Margarina Soprole 250 g Margarina Soprole pan 250 g;Soprole;1490.0;1490.0;1490.0;;Kg;1 un;mass;250.0;;;5.96;;Mantequillas;Margarina y manteca;5.0;https://www.unimarc.cl/margarina-soprole-pan-250-grs/p
Margarina;200 g a 500 g;unimarc;17033;Margarina Next Soprole light 250 g Margarina light Soprole Next pan 250 g;Next;1550.0;1550.0;1290.0;12900.0;Kg;1 un;mass;250.0;;;6.2;;Mantequillas;Margarina y manteca;5.0;https://www.unimarc.cl/margarina-next-soprole-pan-250-g/p
Margarina;200 g a 500 g;unimarc;93317;Margarina mix Soprole 200Gr;Soprole;1790.0;1790.0;1590.0;15900.0;Kg;1 un;mass;200.0;;;8.95;;Mantequillas;Margarina y manteca;5.0;https://www.unimarc.cl/margarina-mix-soprole-200gr/p
Margarina;200 g a 500 g;unimarc;65069;Margarina tradicional Qualy 250 g;Qualy;1790.0;1790.0;1790.0;;Kg;1 un;mass;250.0;;;7.16;;Mantequillas;Margarina y manteca;5.0;https://www.unimarc.cl/margarina-tradicional-qualy-250-gr/p
Margarina;200 g a 500 g;unimarc;91984;Margarina Sureña pote 250 g;Sureña;1850.0;1850.0;1650.0;16500.0;Kg;1 un;mass;250.0;;;7.4;;Mantequillas;Margarina y manteca;5.0;https://www.unimarc.cl/margarina-surena-pote-250gr/p
Aceite vegetal combinado o puro;1 litro;jumbo;15148;Aceite Vegetal Belmont 1 L;Belmont;3150.0;3150.0;3150.0;;;;volume;1000.0;;;3.15;;;Aceite;9.5;https://www.jumbo.cl/aceite-vegetal-belmont-1-l-0-colesterol/p
Aceite vegetal combinado o puro;1 litro;jumbo;15148;Aceite Vegetal Belmont 1 L;Belmont;3150.0;3150.0;3150.0;;;;volume;1000.0;;;3.15;;;Aceites, Sal y Condimentos (Mostrar todo);9.5;https://www.jumbo.cl/aceite-vegetal-belmont-1-l-0-colesterol/p
Aceite vegetal combinado o puro;1 litro;jumbo;75612;Aceite de Canola 1 L;Cuisine & Co;3250.0;3250.0;3250.0;;;;volume;1000.0;;;3.25;;;Aceite;9.5;https://www.jumbo.cl/aceite-de-canola-1-l-cuisine-and-co-1749577/p
Aceite vegetal combinado o puro;1 litro;jumbo;75612;Aceite de Canola 1 L;Cuisine & Co;3250.0;3250.0;3250.0;;;;volume;1000.0;;;3.25;;;Aceites, Sal y Condimentos (Mostrar todo);9.5;https://www.jumbo.cl/aceite-de-canola-1-l-cuisine-and-co-1749577/p
Aceite vegetal combinado o puro;1 litro;jumbo;13833;Aceite de Maravilla Chef 1 L;Chef;3750.0;3750.0;2490.0;;;;volume;1000.0;;;3.75;;;Aceite;9.5;https://www.jumbo.cl/aceite-maravilla-chef-1-l/p
Aceite vegetal combinado o puro;1 litro;lider;dom_8;Aceite Vegetal Botella, 1 L;;2390.0;2390.0;2390.0;;;;volume;1000.0;;;2.39;;Aceites y Aderezos > Aceites;;9.5;https://super.lider.cl/ip/aceites-y-aderezos/00780281001202
Aceite vegetal combinado o puro;1 litro;lider;dom_4;Aceite Maravilla Botella, 1 L;;2490.0;2490.0;2490.0;;;;volume;1000.0;;;2.49;;Aceites y Aderezos > Aceites;;9.5;https://super.lider.cl/ip/aceites-y-aderezos/00040005052441
Aceite vegetal combinado o puro;1 litro;lider;dom_15;Aceite Canola Botella, 1 L;;2500.0;2500.0;2500.0;;;;volume;1000.0;;;2.5;;Aceites y Aderezos > Aceites;;9.5;https://super.lider.cl/ip/aceites-y-aderezos/00040005052442
Aceite vegetal combinado o puro;1 litro;lider;dom_5;Aceite De Maravilla Botella Botella, 1 L;;3490.0;3490.0;600.0;;;;volume;1000.0;;;3.49;;Aceites y Aderezos > Aceites;;9.5;https://super.lider.cl/ip/aceites-y-aderezos/00780281000209
Aceite vegetal combinado o puro;1 litro;lider;dom_6;Aceite de Maravilla Botella, 1 L;;3790.0;3790.0;1000.0;;;;volume;1000.0;;;3.79;;Aceites y Aderezos > Aceites;;9.5;https://super.lider.cl/ip/aceites-y-aderezos/00779027200101
Plátano;1 kg granel;jumbo;154007;Plátano Orgánico 1 kg;Frutas y Verduras Propias;1890.0;1890.0;1890.0;;;;mass;1000.0;;;1.89;;;Frutas (Mostrar todo);9.5;https://www.jumbo.cl/platano-organico-1-kg-2042981/p
Plátano;1 kg granel;unimarc;9720;Plátano granel 500 g;Frutas Y Verduras;745.0;745.0;745.0;;Kg;500 g;mass;500.0;;;1.49;;Frutas y verduras congeladas;Frutas;9.5;https://www.unimarc.cl/platano-kg/p
Manzana;1 kg granel;jumbo;147687;Manzana Royal Gala Bolsa 1 kg;Frutas y Verduras Propias;1990.0;1990.0;1990.0;;;;mass;1000.0;;;1.99;;;Frutas (Mostrar todo);9.5;https://www.jumbo.cl/manzana-royal-gala-1-kg-1842210/p
Manzana;1 kg granel;lider;dom_3;Manzana Royal Bolsa, 1 kg;;1990.0;1990.0;1990.0;;;;mass;1000.0;;;1.99;;Frutas > Manzanas y Peras;;9.5;https://super.lider.cl/ip/frutas/00346448981000
Manzana;1 kg granel;lider;dom_10;Manzana Verde Bolsa, 1 kg;;1990.0;1990.0;1990.0;;;;mass;1000.0;;;1.99;;Frutas > Manzanas y Peras;;9.5;https://super.lider.cl/ip/frutas/00040005003113
Manzana;1 kg granel;lider;dom_5;Manzana Royal Gala Orgánica Bolsa, 900 g;;2433.0;2433.0;2190.0;;;;mass;900.0;;;2.703333333333333;;Frutas > Manzanas y Peras;;9.2;https://super.lider.cl/ip/frutas/00347355500000
Lechuga;1 unidad o equivalente;jumbo;5632;Lechuga Escarola 300 g;Genial;1990.0;1990.0;1990.0;;;;mass;300.0;;;6.633333333333334;;;Ensaladas;5.0;https://www.jumbo.cl/lechuga-escarola-genial-300-g/p
Lechuga;1 unidad o equivalente;jumbo;28756;Lechuga Vegus Butterhead Orgánico Clamshell 500 g;Vegus;4290.0;4290.0;4290.0;;;;mass;500.0;;;8.58;;;Verduras Orgánicas;5.0;https://www.jumbo.cl/lechuga-butterhead-organico-clamshell-500-g/p
Lechuga;1 unidad o equivalente;jumbo;28756;Lechuga Vegus Butterhead Orgánico Clamshell 500 g;Vegus;4290.0;4290.0;4290.0;;;;mass;500.0;;;8.58;;;Orgánicas (Mostrar todo);5.0;https://www.jumbo.cl/lechuga-butterhead-organico-clamshell-500-g/p
Lechuga;1 unidad o equivalente;unimarc;13806;Lechuga escarola Genial 300 g;Genial;1890.0;1890.0;1890.0;;Kg;1 un;mass;300.0;;;6.3;;Verduras;Ensaladas listas;5.0;https://www.unimarc.cl/lechuga-escarola-genial-300-gr/p
Limón;1 kg granel;jumbo;5799;Limón Malla 1 kg;Frutas y Verduras Propias;2090.0;2090.0;2090.0;;;;mass;1000.0;;;2.09;;;Verduras (Mostrar todo);8.0;https://www.jumbo.cl/limon-jumbo-malla-1-kg/p
Limón;1 kg granel;jumbo;18606;Limón Orgánico 1 kg;Frutas y Verduras Propias;2490.0;2490.0;2490.0;;;;mass;1000.0;;;2.49;;;Verduras Orgánicas;8.0;https://www.jumbo.cl/limones-organicos-1kg/p
Limón;1 kg granel;jumbo;18606;Limón Orgánico 1 kg;Frutas y Verduras Propias;2490.0;2490.0;2490.0;;;;mass;1000.0;;;2.49;;;Orgánicas (Mostrar todo);8.0;https://www.jumbo.cl/limones-organicos-1kg/p
Limón;1 kg granel;jumbo;149947;Pie de Limón Fontarella 880 g;Fontarella;11990.0;11990.0;11990.0;;;;mass;880.0;;;13.625;;;Kuchen, Pie y Tartaletas;7.640000000000001;https://www.jumbo.cl/pie-de-limon-fonta-2039803/p
Limón;1 kg granel;jumbo;137836;Exfoliante Dr Teal's Azúcar Limón 538 g;Dr Teal's;12590.0;12590.0;12590.0;;;;mass;538.0;;;23.401486988847584;;;Bienestar;6.614;https://www.jumbo.cl/exfoliante-dr-teals-azucar-limon-538gr-1996855/p
Limón;1 kg granel;lider;dom_1;Limón Malla, 1 kg;;1950.0;1950.0;1950.0;;;;mass;1000.0;;;1.95;;Frutas > Limón Naranja y Cítricos;;8.0;https://super.lider.cl/ip/frutas/00780465943000
Limón;1 kg granel;lider;dom_1;Limón Malla, 1 kg;;1950.0;1950.0;1950.0;;;;mass;1000.0;;;1.95;;Preparalo tu Mismo > Michelada;;8.0;https://super.lider.cl/ip/frutas/00780465943000
Limón;1 kg granel;lider;dom_2;Limón Malla, 1 kg;;1950.0;1950.0;1950.0;;;;mass;1000.0;;;1.95;;Preparalo tu Mismo > Moscow Mule;;8.0;https://super.lider.cl/ip/frutas/00780465943000
Limón;1 kg granel;lider;dom_1;Limón Malla, 1 kg;;1950.0;1950.0;1950.0;;;;mass;1000.0;;;1.95;;Preparalo tu Mismo > Mojito;;8.0;https://super.lider.cl/ip/frutas/00780465943000
Limón;1 kg granel;lider;dom_6;Limón Sutil Malla, 1 kg;;3790.0;3790.0;3790.0;;;;mass;1000.0;;;3.79;;Frutas > Limón Naranja y Cítricos;;8.0;https://super.lider.cl/ip/frutas/00780463169005
Limón;1 kg granel;unimarc;479;Limón malla 1 Kg;Frutas Y Verduras;1990.0;1990.0;1990.0;;Kg;1 un;mass;1000.0;;;1.99;;Verduras;Verduras;8.0;https://www.unimarc.cl/limon-malla-11-unid-aprox/p
Limón;1 kg granel;unimarc;59498;Limón Vegus orgánico malla 1 Kg;Frutas Y Verduras;2390.0;2390.0;2390.0;;Kg;1 un;mass;1000.0;;;2.39;;Verduras;Verduras orgánicas;8.0;https://www.unimarc.cl/limon-organico-malla-1-kg-2/p
Limón;1 kg granel;unimarc;91704;Limpiador crema Smart Clean limón 750 g;Smart Clean;2290.0;2290.0;1490.0;14900.0;Kg;1 un;mass;750.0;;;3.0533333333333332;;Baño y cocina;Limpiador crema;7.25;https://www.unimarc.cl/limp-crema-limon-smart-clean-750-gr/p
Limón;1 kg granel;unimarc;1557;Limpiador en crema Cif bioactive limón 750 g;Cif;2890.0;2890.0;2409.0;24090.0;Kg;1 un;mass;750.0;;;3.8533333333333335;;Baño y cocina;Limpiador crema;7.25;https://www.unimarc.cl/limpiador-cif-crema-limon-750-g/p
Limón;1 kg granel;unimarc;86769;CONDIMENTO PIMIENTA LIMON BADIA 680G;Badia;11890.0;11890.0;11890.0;;Kg;1 un;mass;680.0;;;17.485294117647058;;Condimentos y salsas;Condimentos;7.04;https://www.unimarc.cl/condimento-pimienta-limon-badia-680-4gr/p
Palta;700 g a 1 kg;jumbo;5802;Palta Hass Malla 1 kg;Frutas y Verduras Propias;3990.0;3990.0;3990.0;;;;mass;1000.0;;;3.99;;;Verduras (Mostrar todo);8.0;https://www.jumbo.cl/palta-hass-jumbo-malla-1-kg/p
Palta;700 g a 1 kg;lider;dom_1;Palta Hass Chilena Malla, 1 kg;;4990.0;4990.0;4990.0;;;;mass;1000.0;;;4.99;;Frutas > Paltas;;8.0;https://super.lider.cl/ip/frutas/00780953490002
Palta;700 g a 1 kg;lider;dom_3;Palta Hass Malla, 700 g;;4271.0;4271.0;2990.0;;;;mass;700.0;;;6.101428571428571;;Frutas > Paltas;;7.1;https://super.lider.cl/ip/frutas/00780953490126
Palta;700 g a 1 kg;unimarc;280;Palta hass malla 1 Kg;Frutas Y Verduras;3990.0;3990.0;3990.0;;Kg;1 un;mass;1000.0;;;3.99;;Verduras;Verduras;8.0;https://www.unimarc.cl/palta-hass-malla-1-kg/p
Palta;700 g a 1 kg;unimarc;64379;Palta hass malla 700 g;Frutas Y Verduras;2790.0;2790.0;2790.0;;Kg;1 un;mass;700.0;;;3.9857142857142858;;Verduras;Verduras;7.1;https://www.unimarc.cl/palta-hass-malla-700-g/p
Palta;700 g a 1 kg;unimarc;279;Palta hass granel 500 g;Frutas Y Verduras;2995.0;2995.0;2995.0;;Kg;500 g;mass;500.0;;;5.99;;Verduras;Verduras;6.5;https://www.unimarc.cl/palta-hass-1-kg-6-u-aprox/p
Tomate;500 g a 1 kg;jumbo;145969;Bistec de Pechuga de Pavo Ariztía Tomate Albahaca 450 g;Ariztía;6290.0;6290.0;6290.0;;;;mass;450.0;;;13.977777777777778;;;Filetes y Pechugas de Pavo;7.7;https://www.jumbo.cl/bistec-pech-pavo-tom-albah-ariztia-450g-2020914/p
Tomate;500 g a 1 kg;jumbo;145969;Bistec de Pechuga de Pavo Ariztía Tomate Albahaca 450 g;Ariztía;6290.0;6290.0;6290.0;;;;mass;450.0;;;13.977777777777778;;;Pavo (Mostrar todo);7.7;https://www.jumbo.cl/bistec-pech-pavo-tom-albah-ariztia-450g-2020914/p
Tomate;500 g a 1 kg;jumbo;156248;Mix Hummus Tomate Albahaca 360 g;Cuisine & Co;5490.0;5490.0;5490.0;;;;mass;360.0;;;15.25;;;Hummus;7.16;https://www.jumbo.cl/mix-hummus-tomate-albahaca-360g-2049302/p
Tomate;500 g a 1 kg;jumbo;5822;Tomate Larga Vida Malla 1 kg;Frutas y Verduras Propias;1990.0;1990.0;1990.0;;;;mass;1000.0;;;1.99;;;Verduras (Mostrar todo);5.0;https://www.jumbo.cl/tomate-malla-1-kg/p
Tomate;500 g a 1 kg;lider;dom_9;Tomate Triple Tasty Cocktail Pote, 500 gr;;4190.0;4190.0;4190.0;;;;mass;500.0;;;8.38;;Verduras > Tomates;;8.0;https://super.lider.cl/ip/verduras/00780460076027
Tomate;500 g a 1 kg;lider;dom_5;Tomate Cocktail Pote, 500 gr;;6300.0;6300.0;3150.0;;;;mass;500.0;;;12.6;;Verduras > Tomates;;8.0;https://super.lider.cl/ip/verduras/00780463617032
Tomate;500 g a 1 kg;lider;dom_20;Pizza Tomate Pesto, 448 gr;;23192.0;23192.0;10390.0;;;;mass;448.0;;;51.767857142857146;;Comidas Congeladas > Pizzas Congeladas;;7.688000000000001;https://super.lider.cl/ip/platos-listos-familiar/00780467451015
Tomate;500 g a 1 kg;lider;dom_6;Tomate Romanita Cocktail Pote, 340 gr;;9676.0;9676.0;3290.0;;;;mass;340.0;;;28.458823529411763;;Verduras > Tomates;;7.04;https://super.lider.cl/ip/verduras/00780460076028
Tomate;500 g a 1 kg;lider;dom_1;Tomate Larga Vida Malla, 1 Kg;;1950.0;1950.0;1950.0;;;;mass;1000.0;;;1.95;;Verduras > Tomates;;5.0;https://super.lider.cl/ip/verduras/00780465037000
Tomate;500 g a 1 kg;unimarc;324;Tomate larga vida granel 500 g;Frutas Y Verduras;975.0;975.0;975.0;;Kg;500 g;mass;500.0;;;1.95;;Verduras;Verduras;8.0;https://www.unimarc.cl/tomate-1-kg-5-u-aprox/p
Tomate;500 g a 1 kg;unimarc;85067;Tomate grape mix colores 500 g;Frutas Y Verduras;2990.0;2990.0;2990.0;;Kg;1 un;mass;500.0;;;5.98;;Verduras;Verduras;8.0;https://www.unimarc.cl/tomate-grape-mix-colores-500-gr/p
Tomate;500 g a 1 kg;unimarc;75814;Tomate cocktail colores 500 g;Frutas Y Verduras;3245.0;3245.0;3245.0;;Kg;500 g;mass;500.0;;;6.49;;Verduras;Verduras;8.0;https://www.unimarc.cl/tomate-cocktail-colores-kg/p
Tomate;500 g a 1 kg;unimarc;9912;Tomate Triple Tasty pack 500 g;Triple Tasty Pack;4390.0;4390.0;4390.0;;Kg;1 un;mass;500.0;;;8.78;;Verduras;Verduras;8.0;https://www.unimarc.cl/tomate-triple-tasty-3-variedades-500-g/p
Tomate;500 g a 1 kg;unimarc;78249;Tomate whitney Agrícola Ramos 340 g;Agricola Ramos;2550.0;2550.0;2550.0;;Kg;1 un;mass;340.0;;;7.5;;Verduras;Verduras;7.04;https://www.unimarc.cl/tomate-whitney-agricola-ramos-340-gr/p
Zanahoria;1 kg;jumbo;5832;Zanahoria Bolsa 1 kg;Frutas y Verduras Propias;1350.0;1350.0;1350.0;;;;mass;1000.0;;;1.35;;;Verduras (Mostrar todo);8.0;https://www.jumbo.cl/zanahoria-jumbo-1-kg/p
Zanahoria;1 kg;jumbo;149907;Zanahoria Orgánica Malla 1 kg;Vegus;1590.0;1590.0;1590.0;;;;mass;1000.0;;;1.59;;;Verduras Orgánicas;8.0;https://www.jumbo.cl/zanahoria-1-kg-2037771/p
Zanahoria;1 kg;jumbo;149907;Zanahoria Orgánica Malla 1 kg;Vegus;1590.0;1590.0;1590.0;;;;mass;1000.0;;;1.59;;;Orgánicas (Mostrar todo);8.0;https://www.jumbo.cl/zanahoria-1-kg-2037771/p
Zanahoria;1 kg;lider;dom_4;Zanahoria Jugo Bolsa, 1 Kg;;1190.0;1190.0;1190.0;;;;mass;1000.0;;;1.19;;Verduras > Zapallos y Zanahorias;;8.0;https://super.lider.cl/ip/verduras/00780464080073
Zanahoria;1 kg;lider;dom_1;Zanahoria Bolsa, 1 Kg;;1290.0;1290.0;1290.0;;;;mass;1000.0;;;1.29;;Verduras > Zapallos y Zanahorias;;8.0;https://super.lider.cl/ip/verduras/00780461085032
Zanahoria;1 kg;lider;dom_11;Zanahoria Bolsa, 1 kg;;1990.0;1990.0;1990.0;;;;mass;1000.0;;;1.99;;Verduras > Zapallos y Zanahorias;;8.0;https://super.lider.cl/ip/verduras/00780461378187
Zanahoria;1 kg;lider;dom_14;Bizcocho de Zanahoria Carrot Cake Manjar 5 personas, 600 g;;14990.0;14990.0;14990.0;;;;mass;600.0;;;24.983333333333334;;Pastelería > Magdalenas y Bizcochos;;6.8;https://super.lider.cl/ip/pasteleria/00067714433755
Zanahoria;1 kg;unimarc;1418;Zanahoria de jugo bolsa 1 Kg;Frutas Y Verduras;1190.0;1190.0;1190.0;;Kg;1 un;mass;1000.0;;;1.19;;Verduras;Verduras;8.0;https://www.unimarc.cl/zanahoria-jugo-bolsa-1-kg/p
Zanahoria;1 kg;unimarc;1627;Zanahoria bolsa 1 Kg;Frutas Y Verduras;1290.0;1290.0;990.0;9900.0;Kg;1 un;mass;1000.0;;;1.29;;Verduras;Verduras;8.0;https://www.unimarc.cl/zanahoria-bolsa-1-kg-2/p
Cebolla nueva;1 kg;jumbo;5771;Cebolla Malla 1 kg;Frutas y Verduras Propias;1790.0;1790.0;1790.0;;;;mass;1000.0;;;1.79;;;Verduras (Mostrar todo);8.0;https://www.jumbo.cl/cebolla-feria-jumbo-malla-1-kg-8-unidad-aprox/p
Cebolla nueva;1 kg;jumbo;8791;Pre Pizza Ideal Toques de Cebolla 500 g 2 un.;Ideal;2490.0;2490.0;2490.0;;;;mass;500.0;;;4.98;;;Masas para Pizza;6.5;https://www.jumbo.cl/prepizza-ideal-2-unid-con-toques-de-cebolla/p
Cebolla nueva;1 kg;lider;dom_1;Cebolla Malla, 1 Kg;;3000.0;3000.0;1690.0;;;;mass;1000.0;;;3.0;;Verduras > Papas y Cebollas;;8.0;https://super.lider.cl/ip/verduras/00780460020020
Cebolla nueva;1 kg;lider;dom_2;Cebolla Morada Malla, 1 Kg;;3000.0;3000.0;1990.0;;;;mass;1000.0;;;3.0;;Verduras > Papas y Cebollas;;8.0;https://super.lider.cl/ip/verduras/00780460020017
Cebolla nueva;1 kg;lider;dom_30;Salsa de Tomate Champiñón, Ajo, Cebolla y Perejil Frasco, 680 g;;5279.0;5279.0;3590.0;;;;mass;680.0;;;7.7632352941176475;;Pastas y Salsas > Salsa para pastas;;7.04;https://super.lider.cl/ip/pastas-y-salsas/00007874234636
Cebolla nueva;1 kg;lider;dom_21;Pan Bagel De Cebolla Artesanal 12 Un, 650 g;;5061.0;5061.0;3290.0;;;;mass;650.0;;;7.786153846153846;;Panadería Envasada > Pan Hot Dog y Hamburguesa;;6.95;https://super.lider.cl/ip/panaderia-envasada/00780466706013
Cebolla nueva;1 kg;lider;dom_11;Masas Para Pizza Toques De Cebolla 2 Un, 500 g;;2490.0;2490.0;2490.0;;;;mass;500.0;;;4.98;;Panadería Envasada > Masas pizzas y empanadas;;6.5;https://super.lider.cl/ip/panaderia-envasada/00780347300160
Cebolla nueva;1 kg;unimarc;339;Cebolla malla 1 Kg;Frutas Y Verduras;1690.0;1690.0;1690.0;;Kg;1 un;mass;1000.0;;;1.69;;Verduras;Verduras;8.0;https://www.unimarc.cl/cebolla-malla-1-kilo/p
Cebolla nueva;1 kg;unimarc;300;Cebolla morada malla 1 Kg;Frutas Y Verduras;1990.0;1990.0;1990.0;;Kg;1 un;mass;1000.0;;;1.99;;Verduras;Verduras;8.0;https://www.unimarc.cl/cebolla-morada-4-a-5-u-malla-1-k/p
Cebolla nueva;1 kg;unimarc;299;Cebolla morada granel 500 g;Frutas Y Verduras;995.0;995.0;995.0;;Kg;500 g;mass;500.0;;;1.99;;Verduras;Verduras;6.5;https://www.unimarc.cl/cebolla-morada-granel-kilo/p
Cebolla nueva;1 kg;unimarc;95750;Pan mini ciabatta cebolla El Espigal granel 500 gr;El Espigal;2245.0;2245.0;2245.0;;Kg;500 g;mass;500.0;;;4.49;;Pan;Panes especiales;6.5;https://www.unimarc.cl/pan-mini-ciabatta-cebolla-el-espigal-kg/p
Cebolla nueva;1 kg;unimarc;92187;Aros de cebolla Minuto Verde 500 g;Minuto Verde;3990.0;3990.0;3990.0;;Kg;1 un;mass;500.0;;;7.98;;Frutas y verduras congeladas;Verduras congeladas;6.5;https://www.unimarc.cl/aros-de-cebolla-minuto-verde-500gr/p
Choclo congelado;500 g;jumbo;75176;Choclo Congelado en Grano 500 g;Cuisine & Co;1890.0;1890.0;1890.0;;;;mass;500.0;;;3.78;;;Choclos, Arvejas y Primaveras;8.0;https://www.jumbo.cl/choclo-en-grano-congelado-500-g-cuisine-and-co-1763677/p
Choclo congelado;500 g;jumbo;1396;Choclo Congelado Minuto Verde 100% Natural 500 g;Minuto Verde;1990.0;1990.0;1990.0;;;;mass;500.0;;;3.98;;;Verduras Congeladas (Mostrar todo);8.0;https://www.jumbo.cl/choclo-minuto-verde-bolsa-500-g-congelado-2/p
Choclo congelado;500 g;jumbo;1396;Choclo Congelado Minuto Verde 100% Natural 500 g;Minuto Verde;1990.0;1990.0;1990.0;;;;mass;500.0;;;3.98;;;Choclos, Arvejas y Primaveras;8.0;https://www.jumbo.cl/choclo-minuto-verde-bolsa-500-g-congelado-2/p
Choclo congelado;500 g;jumbo;1378;Choclo en Granos Frutos del Maipo 500 g;Frutos Del Maipo;2250.0;2250.0;2250.0;;;;mass;500.0;;;4.5;;;Choclos, Arvejas y Primaveras;8.0;https://www.jumbo.cl/choclo-frutos-del-maipo-bolsa-500-g-congelado-2/p
Choclo congelado;500 g;jumbo;164227;Tiritas de Pollo Congeladas Choclo y Mantequilla Super Pollo 500 g;Super Pollo;4690.0;4690.0;4690.0;;;;mass;500.0;;;9.38;;;Filetes y Pechuga de Pollo;8.0;https://www.jumbo.cl/tiritas-pollo-choc-2063856/p
Choclo congelado;500 g;lider;dom_2;Choclo en Granos Congelado, 500 g;;3100.0;3100.0;1550.0;;;;mass;500.0;;;6.2;;Verduras y Frutas Congeladas > Verduras Congeladas;;8.0;https://super.lider.cl/ip/verduras-y-frutas-congeladas/00780122000121
Choclo congelado;500 g;lider;dom_29;Pastel De Choclo, 380 gr;;4190.0;4190.0;4190.0;;;;mass;380.0;;;11.026315789473685;;Comidas Congeladas > Platos Preparados;;7.28;https://super.lider.cl/ip/comidas-congeladas/00780409700178
Choclo congelado;500 g;lider;dom_17;Pastelera De Choclo Caja, 380 g;;7237.0;7237.0;2750.0;;;;mass;380.0;;;19.044736842105262;;Comidas Congeladas > Platos Preparados;;7.28;https://super.lider.cl/ip/comidas-congeladas/00780130500553
Choclo congelado;500 g;lider;dom_24;Pastel de Choclo Caja, 380 g;;11725.0;11725.0;4690.0;;;;mass;380.0;;;30.855263157894736;;Alimentos Instantáneos > Comida Instantánea;;7.28;https://super.lider.cl/ip/alimentos-instantaneos/00780196000031
Choclo congelado;500 g;lider;dom_22;Pastelera de Choclo, 1 kg;;3550.0;3550.0;3550.0;;;;mass;1000.0;;;3.55;;Verduras y Frutas Congeladas > Verduras Congeladas;;5.0;https://super.lider.cl/ip/verduras-y-frutas-congeladas/00780133500017
Choclo congelado;500 g;unimarc;92012;Choclo grano Nuestra Cocina 500 g;Nuestra Cocina;1660.0;1660.0;1390.0;13900.0;Kg;1 un;mass;500.0;;;3.32;;Frutas y verduras congeladas;Verduras congeladas;8.0;https://www.unimarc.cl/choclo-congelado-nuestra-cocina-500gr/p
Choclo congelado;500 g;unimarc;802;Choclo grano Minuto Verde 500 g;Minuto Verde;1990.0;1990.0;1790.0;17900.0;Kg;1 un;mass;500.0;;;3.98;;Frutas y verduras congeladas;Verduras congeladas;8.0;https://www.unimarc.cl/choclo-grano-minuto-verde-500-g/p
Choclo congelado;500 g;unimarc;698;Choclo grano Frutos del Maipo 500 g;Frutos Del Maipo;2190.0;2190.0;1790.0;17900.0;Kg;1 un;mass;500.0;;;4.38;;Frutas y verduras congeladas;Verduras congeladas;8.0;https://www.unimarc.cl/choclo-grano-frutos-del-maipo-500-g/p
Choclo congelado;500 g;unimarc;92305;Margarina Qualy sabor choclo pote 500 g;Qualy;2790.0;2790.0;2790.0;;Kg;1 un;mass;500.0;;;5.58;;Mantequillas;Margarina y manteca;8.0;https://www.unimarc.cl/margarina-sabor-choclo-qualy-500gr/p
Choclo congelado;500 g;unimarc;96664;Tiritas de pollo sabor choclo mantequilla Super Pollo 500 gr;Super Pollo;3990.0;3990.0;3990.0;;Kg;1 un;mass;500.0;;;7.98;;Pollo;Pechugas y filetitos;8.0;https://www.unimarc.cl/tiritas-pollo-s-choclo-manteq-super-500g/p
Papa de guarda;1 kg;jumbo;144151;Papa Pre Frita Fina Minuto Verde 800 g;Minuto Verde;4490.0;4490.0;3490.0;;;;mass;800.0;;;5.6125;;;Verduras Congeladas (Mostrar todo);7.4;https://www.jumbo.cl/papa-pre-frita-fina-minuto-verde-800gr-2020051/p
Papa de guarda;1 kg;jumbo;144151;Papa Pre Frita Fina Minuto Verde 800 g;Minuto Verde;4490.0;4490.0;3490.0;;;;mass;800.0;;;5.6125;;;Papas;7.4;https://www.jumbo.cl/papa-pre-frita-fina-minuto-verde-800gr-2020051/p
Papa de guarda;1 kg;jumbo;144524;Papa Noissette Minuto Verde 800 g;Minuto Verde;4790.0;4790.0;4790.0;;;;mass;800.0;;;5.9875;;;Verduras Congeladas (Mostrar todo);7.4;https://www.jumbo.cl/papa-noissette-minuto-verde-800gr-2018651/p
Papa de guarda;1 kg;jumbo;144524;Papa Noissette Minuto Verde 800 g;Minuto Verde;4790.0;4790.0;4790.0;;;;mass;800.0;;;5.9875;;;Papas;7.4;https://www.jumbo.cl/papa-noissette-minuto-verde-800gr-2018651/p
Papa de guarda;1 kg;jumbo;144526;Papa Loop Minuto Verde 800 g;Minuto Verde;5490.0;5490.0;5490.0;;;;mass;800.0;;;6.8625;;;Papas;7.4;https://www.jumbo.cl/papa-pre-frita-loop-minuto-verde-800gr-2019571/p
Papa de guarda;1 kg;lider;dom_9;Papa Baby Bolsa, 1 Kg;;2590.0;2590.0;2590.0;;;;mass;1000.0;;;2.59;;Verduras > Papas y Cebollas;;8.0;https://super.lider.cl/ip/verduras/00780464799005
Papa de guarda;1 kg;lider;dom_24;Papa Canoa, 800 g;;5237.0;5237.0;4190.0;;;;mass;800.0;;;6.54625;;Verduras y Frutas Congeladas > Papas Congeladas;;7.4;https://super.lider.cl/ip/verduras-y-frutas-congeladas/00780122000583
Papa de guarda;1 kg;lider;dom_10;Papa Pre Fita Fina, 800 g;;5487.0;5487.0;4390.0;;;;mass;800.0;;;6.85875;;Verduras y Frutas Congeladas > Papas Congeladas;;7.4;https://super.lider.cl/ip/verduras-y-frutas-congeladas/00780122000533
Papa de guarda;1 kg;lider;dom_15;Papa Noissette, 800 g;;5987.0;5987.0;4790.0;;;;mass;800.0;;;7.48375;;Verduras y Frutas Congeladas > Papas Congeladas;;7.4;https://super.lider.cl/ip/verduras-y-frutas-congeladas/00780122000584
Papa de guarda;1 kg;lider;dom_25;Papa Pre Frita Loop, 800 g;;6862.0;6862.0;5490.0;;;;mass;800.0;;;8.5775;;Verduras y Frutas Congeladas > Papas Congeladas;;7.4;https://super.lider.cl/ip/verduras-y-frutas-congeladas/00780122000585
Papa de guarda;1 kg;unimarc;69699;Papa mix Huertos del Ranco 650 g;Huertos Del Ranco;1690.0;1690.0;1690.0;;Kg;1 un;mass;650.0;;;2.6;;Verduras;Verduras;6.95;https://www.unimarc.cl/papa-mix-huertos-del-ranco-650-gr/p
Papa de guarda;1 kg;unimarc;91788;Gnocchi de papa Nuestra Cocina 500 g;Nuestra Cocina;2990.0;2990.0;2990.0;;Kg;1 un;mass;500.0;;;5.98;;Fideos, pastas y salsas;Pastas frescas;6.5;https://www.unimarc.cl/gnocchi-de-papa-nuestra-cocina-500-gr/p
Papa de guarda;1 kg;unimarc;11124;Pasta gnocchi de papa Trattoría 500 g;Trattoria;3490.0;3490.0;3490.0;;Kg;1 un;mass;500.0;;;6.98;;Fideos, pastas y salsas;Pastas frescas;6.5;https://www.unimarc.cl/pasta-gnocchi-de-papa-trattoria-500-gr/p
Pechuga de pollo;1 kg;jumbo;88661;Pechuga de Pollo Deshuesada Ariztía Sin Piel 850 g;Ariztía;7690.0;7690.0;6390.0;;;;mass;850.0;;;9.047058823529412;;;Filetes y Pechuga de Pollo;12.05;https://www.jumbo.cl/pechuga-deshuesada-de-pollo-sin-piel-850-g/p
Pechuga de pollo;1 kg;jumbo;240;Pechuga Deshuesada 850 g;Super Pollo;7990.0;7990.0;6790.0;;;;mass;850.0;;;9.4;;;Filetes y Pechuga de Pollo;12.05;https://www.jumbo.cl/pechuga-deshuesada-de-pollo-super-pollo-1-kg-aprox-bandeja/p
Pechuga de pollo;1 kg;jumbo;11180;Filetillos de Pechuga de Pollo Ariztía 830 g;Ariztía;7690.0;7690.0;6390.0;;;;mass;830.0;;;9.265060240963855;;;Filetes y Pechuga de Pollo;11.99;https://www.jumbo.cl/filetillos-de-pechuga-de-pollo-ariztia-830-g/p
Pechuga de pollo;1 kg;jumbo;82308;Pechuga de Pollo Deshuesada Sin Marinar 800 g;Cuisine & Co;9290.0;9290.0;9290.0;;;;mass;800.0;;;11.6125;;;Filetes y Pechuga de Pollo;11.9;https://www.jumbo.cl/pechuga-deshuesada-de-pollo-800-g-cuisine-and-co-1801136/p
Pechuga de pollo;1 kg;jumbo;23970;Pechuga de Pollo Deshuesada Sin Piel Al Natural Super Pollo 780 g;Super Pollo;7990.0;7990.0;7990.0;;;;mass;780.0;;;10.243589743589743;;;Filetes y Pechuga de Pollo;11.84;https://www.jumbo.cl/pechuga-de-pollo-deshuesada-sin-piel-al-natural-super-pollo-780-g/p
Pechuga de pollo;1 kg;lider;dom_24;Pollo Pechuga Congelada, 1 kg;;5990.0;5990.0;800.0;;;;mass;1000.0;;;5.99;;Pollo > Pechuga y Filetitos de Pollo;;12.5;https://super.lider.cl/ip/pollo/00789151555199
Pechuga de pollo;1 kg;lider;dom_3;Pollo Pechuga Deshuesada Envasada, 850 g;;7190.0;7190.0;1500.0;;;;mass;850.0;;;8.458823529411765;;Pollo > Pechuga y Filetitos de Pollo;;12.05;https://super.lider.cl/ip/pollo/00780411500173
Pechuga de pollo;1 kg;lider;dom_1;Pollo Pechuga Deshuesada Envasada, 850 g;;7290.0;7290.0;1500.0;;;;mass;850.0;;;8.576470588235294;;Pollo > Pechuga y Filetitos de Pollo;;12.05;https://super.lider.cl/ip/pollo/00780961172061
Pechuga de pollo;1 kg;lider;dom_11;Pollo Pechuga Deshuesada Sin Marinar Envasada, 780 g;;7490.0;7490.0;1200.0;;;;mass;780.0;;;9.602564102564102;;Pollo > Pechuga y Filetitos de Pollo;;11.84;https://super.lider.cl/ip/pollo/00780961172066
Pechuga de pollo;1 kg;lider;dom_9;Pollo Pechuga Deshuesada Congelada, 750 g;;7320.0;7320.0;200.0;;;;mass;750.0;;;9.76;;Pollo > Pechuga y Filetitos de Pollo;;11.75;https://super.lider.cl/ip/pollo/00780961172203
Pechuga de pollo;1 kg;unimarc;82101;Pechuga pollo deshuesada Sadía congelada 1 Kg;Sadia;6690.0;6690.0;6690.0;;Kg;1 un;mass;1000.0;;;6.69;;Pollo;Pechugas y filetitos;14.0;https://www.unimarc.cl/pechuga-deshuesada-sadia-iqf-1-kg/p
Pechuga de pollo;1 kg;unimarc;367;Pechuga entera de pollo Super Pollo granel 900 g;Super Pollo;4761.0;4761.0;4761.0;;Kg;900 g;mass;900.0;;;5.29;;Pollo;Pechugas y filetitos;13.7;https://www.unimarc.cl/pechuga-entera-super-pollo-granel-1-a-2-kg/p
Pechuga de pollo;1 kg;unimarc;91103;Pechuga entera de pollo Ariztía granel 900 g;Ariztia;4761.0;4761.0;4761.0;;Kg;900 g;mass;900.0;;;5.29;;Pollo;Pechugas y filetitos;13.7;https://www.unimarc.cl/pechuga-entera-de-pollo-ariztia-kg-2/p
Pechuga de pollo;1 kg;unimarc;6311;Pechuga de pollo deshuesada Ariztía bandeja 850 g;Ariztia;7550.0;7550.0;7550.0;;Kg;1 un;mass;850.0;;;8.882352941176471;;Pollo;Pechugas y filetitos;13.55;https://www.unimarc.cl/pechuga-pollo-s-hp-ariztia-900-grs/p
Pechuga de pollo;1 kg;unimarc;9973;Pechuga de pollo deshuesada Super Pollo 850 g;Super Pollo;7750.0;7750.0;7750.0;;Kg;1 un;mass;850.0;;;9.117647058823529;;Pollo;Pechugas y filetitos;13.55;https://www.unimarc.cl/pechuga-deshuesada-super-pollo-850-g/p
Pollo entero;1.5 kg a 3 kg;jumbo;106519;Salchichas Pollo Winter 1 kg;Winter;3990.0;3990.0;3990.0;;;;mass;1000.0;;;3.99;;;Salchichas;6.5;https://www.jumbo.cl/salchicha-pollo-winter-1kg-1898637/p
Pollo entero;1.5 kg a 3 kg;jumbo;10920;Salchicha de Pollo Montina 1 kg;Montina;4850.0;4850.0;3990.0;;;;mass;1000.0;;;4.85;;;Salchichas y Parrilleros (Mostrar todo);6.5;https://www.jumbo.cl/salchicha-de-ave-la-montina-1-kg-20-2/p
Pollo entero;1.5 kg a 3 kg;jumbo;10920;Salchicha de Pollo Montina 1 kg;Montina;4850.0;4850.0;3990.0;;;;mass;1000.0;;;4.85;;;Salchichas;6.5;https://www.jumbo.cl/salchicha-de-ave-la-montina-1-kg-20-2/p
Pollo entero;1.5 kg a 3 kg;jumbo;10330;Tuto Combinado Super Pollo 1 kg Aprox;Super Pollo;4990.0;4990.0;4990.0;;;;mass;1000.0;;;4.99;;;Pollo (Mostrar todo);6.5;https://www.jumbo.cl/trutro-combinado-super-pollo-1-kg-aprox-2/p
Pollo entero;1.5 kg a 3 kg;jumbo;99701;Salchicha Pollo Montina Sureña 1 kg;Montina;5190.0;5190.0;5190.0;;;;mass;1000.0;;;5.19;;;Salchichas y Parrilleros (Mostrar todo);6.5;https://www.jumbo.cl/salchicha-surena-pollo-montina-1kg/p
Pollo entero;1.5 kg a 3 kg;lider;dom_23;Salchicha pollo 20 Un, 1 kg;;3990.0;3990.0;3990.0;;;;mass;1000.0;;;3.99;;Para Parrilla > Salchichas;;6.5;https://super.lider.cl/ip/todas-las-carnes/00780190701041
Pollo entero;1.5 kg a 3 kg;lider;dom_22;Salchicha pollo 20 Un, 1 kg;;3990.0;3990.0;3990.0;;;;mass;1000.0;;;3.99;;Fiambres y Embutidos > Salchichas;;6.5;https://super.lider.cl/ip/todas-las-carnes/00780190701041
Pollo entero;1.5 kg a 3 kg;lider;dom_24;Salchichas de Pollo Display (20 Un), 1 Kg;;4550.0;4550.0;4550.0;;;;mass;1000.0;;;4.55;;Para Parrilla > Parrilleros;;6.5;https://super.lider.cl/ip/todas-las-carnes/00780196540261
Pollo entero;1.5 kg a 3 kg;lider;dom_1;Salchichas de Pollo Display (20 Un), 1 Kg;;4550.0;4550.0;4550.0;;;;mass;1000.0;;;4.55;;Para Parrilla > Salchichas;;6.5;https://super.lider.cl/ip/todas-las-carnes/00780196540261
Pollo entero;1.5 kg a 3 kg;lider;dom_10;Salchichas de Pollo Display (20 Un), 1 Kg;;4550.0;4550.0;4550.0;;;;mass;1000.0;;;4.55;;Fiambres y Embutidos > Salchichas;;6.5;https://super.lider.cl/ip/todas-las-carnes/00780196540261
Pollo entero;1.5 kg a 3 kg;unimarc;4180;Salchicha de pollo San Jorge 20 un 1 Kg;San Jorge;3990.0;3990.0;3590.0;35900.0;Kg;1 un;mass;1000.0;;;3.99;;Fiambres y embutidos;Salchichas;6.5;https://www.unimarc.cl/vienesa-pollo-san-jorge-1kg/p
Pollo entero;1.5 kg a 3 kg;unimarc;71335;Salchicha sureña de pollo Montina 20 un 1 Kg;Montina;5190.0;5190.0;4850.0;48500.0;Kg;1 un;mass;1000.0;;;5.19;;Fiambres y embutidos;Salchichas;6.5;https://www.unimarc.cl/salchicha-surena-pollo-montina-1-kg/p
Pollo entero;1.5 kg a 3 kg;unimarc;357;Pollo entero Super Pollo con menudencias 3 Kg;Super Pollo;12870.0;12870.0;10170.0;101700.0;Kg;3 kg;mass;3000.0;;;4.29;;Pollo;Pollo entero;6.5;https://www.unimarc.cl/pollo-entero-super-pollo-con-menudencias-3-kg/p
Trutro de pollo;1 kg;jumbo;82330;Trutro Largo de Pollo Sin Marinar 1 kg;Cuisine & Co;6890.0;6890.0;6890.0;;;;mass;1000.0;;;6.89;;;Alitas y Trutros de Pollo;10.5;https://www.jumbo.cl/trutro-largo-de-pollo-1-kg-cuisine-and-co-1801135/p
Trutro de pollo;1 kg;jumbo;82329;Trutro Corto de Pollo Sin Marinar 1 kg;Cuisine & Co;6890.0;6890.0;6890.0;;;;mass;1000.0;;;6.89;;;Alitas y Trutros de Pollo;10.5;https://www.jumbo.cl/trutro-corto-de-pollo-1-kg-cuisine-and-co-1801134/p
Trutro de pollo;1 kg;jumbo;11267;Trutro Corto de Pollo Asado 1 kg;Cuisine & Co;8390.0;8390.0;8390.0;;;;mass;1000.0;;;8.39;;;Alitas y Trutros de Pollo;10.5;https://www.jumbo.cl/trutro-corto-de-pollo-asado-jumbo-ready-1-kg/p
Trutro de pollo;1 kg;jumbo;10332;Trutro Entero 850 g Aprox.;Super Pollo;4242.0;4242.0;4242.0;;;;mass;850.0;;;4.990588235294117;;;Alitas y Trutros de Pollo;10.05;https://www.jumbo.cl/trutro-entero-super-pollo-bandeja-850-g-aprox/p
Trutro de pollo;1 kg;jumbo;59992;Trutro Largo con Piel Super Pollo 800 g;Super Pollo;4390.0;4390.0;4390.0;;;;mass;800.0;;;5.4875;;;Alitas y Trutros de Pollo;9.9;https://www.jumbo.cl/trutro-largo-de-pollo-super-pollo-con-piel-800-g-congelado/p
Trutro de pollo;1 kg;lider;dom_32;Pollo Trutro Corto Sin Marinar Envasado, 1 kg;;3990.0;3990.0;200.0;;;;mass;1000.0;;;3.99;;Pollo > Trutro de Pollo;;10.5;https://super.lider.cl/ip/pollo/00789151555261
Trutro de pollo;1 kg;lider;dom_8;Pollo Trutro Largo Congelado, 1 kg;;3990.0;3990.0;200.0;;;;mass;1000.0;;;3.99;;Pollo > Pollo Entero;;10.5;https://super.lider.cl/ip/pollo/00789151555256
Trutro de pollo;1 kg;lider;dom_39;Pollo Trutro Ala Congelado, 1 kg;;4290.0;4290.0;700.0;;;;mass;1000.0;;;4.29;;Pollo > Trutro de Pollo;;10.5;https://super.lider.cl/ip/pollo/00789490422287
Trutro de pollo;1 kg;lider;dom_6;Pollo Trutro Ala Congelado, 1 kg;;4290.0;4290.0;700.0;;;;mass;1000.0;;;4.29;;Pollo > Pollo sin Marinar;;10.5;https://super.lider.cl/ip/pollo/00789490422287
Trutro de pollo;1 kg;lider;dom_7;Pollo Trutro Corto Congelado, 800 g;;3750.0;3750.0;390.0;;;;mass;800.0;;;4.6875;;Pollo > Trutro de Pollo;;9.9;https://super.lider.cl/ip/pollo/00780961170978
Trutro de pollo;1 kg;unimarc;92363;Trutro cuarto de pollo Ariztía granel 1 Kg;Ariztia;3190.0;3190.0;3190.0;;Kg;1 kg;mass;1000.0;;;3.19;;Pollo;Trutro;12.0;https://www.unimarc.cl/trutro-cuarto-de-pollo-ariztia-kg/p
Trutro de pollo;1 kg;unimarc;92237;Trutro cuarto de pollo King granel 1 Kg;King;3690.0;3690.0;3690.0;;Kg;1 kg;mass;1000.0;;;3.69;;Pollo;Trutro;12.0;https://www.unimarc.cl/trutro-cuarto-fresco-king-kg/p
Trutro de pollo;1 kg;unimarc;42279;Trutro entero de pollo Super Pollo al vacío 1 Kg;Super Pollo;3990.0;3990.0;3990.0;;Kg;1 kg;mass;1000.0;;;3.99;;Pollo;Trutro;12.0;https://www.unimarc.cl/trutro-vacio-super-pollo-kg/p
Trutro de pollo;1 kg;unimarc;364;Trutro corto de pollo Ariztía granel bandeja 900 g;Ariztia;4131.0;4131.0;3600.0;36000.0;Kg;900 g;mass;900.0;;;4.59;;Pollo;Trutro;11.7;https://www.unimarc.cl/trutro-pollo-corto-ariztia-bandeja-1-1-kg/p
Trutro de pollo;1 kg;unimarc;78547;Trutro entero Super Pollo bandeja 850 g Tuto entero Super Pollo bandeja granel 850 g;Super Pollo;3817.0;3817.0;3817.0;;Kg;850 g;mass;850.0;;;4.490588235294117;;Pollo;Trutro;11.55;https://www.unimarc.cl/trutro-entero-fresco-s-pollo-bandeja-kg/p
Jamón de cerdo;100 g a 500 g;jumbo;17329;Suprema de Pollo Receta del Abuelo Jamón y Queso 120 g;Receta del Abuelo;1430.0;1430.0;1430.0;;;;mass;120.0;;;11.916666666666666;;;Nuggets, Apanados y Embutidos (Mostrar todo);5.0;https://www.jumbo.cl/suprema-de-pollo-jamon-y-queso-receta-del-abuelo-120-g/p
Jamón de cerdo;100 g a 500 g;jumbo;17329;Suprema de Pollo Receta del Abuelo Jamón y Queso 120 g;Receta del Abuelo;1430.0;1430.0;1430.0;;;;mass;120.0;;;11.916666666666666;;;Apanados;5.0;https://www.jumbo.cl/suprema-de-pollo-jamon-y-queso-receta-del-abuelo-120-g/p
Jamón de cerdo;100 g a 500 g;jumbo;2990;Mini Tostaditas Twistos Sabor Jamón Ibérico 100 g;Evercrisp;1490.0;1490.0;1490.0;;;;mass;100.0;;;14.9;;;Snacks (Mostrar todo);5.0;https://www.jumbo.cl/twistos-evercrisp-bolsa-110-g-mini-tostaditas-horneadas-sabor-jamon-iberico/p
Jamón de cerdo;100 g a 500 g;jumbo;17333;Escalopa Kayser Vacuno Jamón y Queso Receta del Abuelo 120 g;Receta del Abuelo;1490.0;1490.0;1490.0;;;;mass;120.0;;;12.416666666666666;;;Nuggets, Apanados y Embutidos (Mostrar todo);5.0;https://www.jumbo.cl/escalopa-kayser-vacuno-jamon-y-queso-receta-del-abuelo-120-g/p
Jamón de cerdo;100 g a 500 g;jumbo;17333;Escalopa Kayser Vacuno Jamón y Queso Receta del Abuelo 120 g;Receta del Abuelo;1490.0;1490.0;1490.0;;;;mass;120.0;;;12.416666666666666;;;Apanados;5.0;https://www.jumbo.cl/escalopa-kayser-vacuno-jamon-y-queso-receta-del-abuelo-120-g/p
Jamón de cerdo;100 g a 500 g;lider;dom_9;Paté De Jamón Untable, 125 g;;5680.0;5680.0;70.0;;;;mass;125.0;;;45.44;;Fiambres y Embutidos > Patés;;5.0;https://super.lider.cl/ip/fiambres-y-embutidos/00780190700440
Jamón de cerdo;100 g a 500 g;lider;dom_8;Paté de Jamón Embutido Untable, 125 g;;6240.0;6240.0;780.0;;;;mass;125.0;;;49.92;;Fiambres y Embutidos > Patés;;5.0;https://super.lider.cl/ip/fiambres-y-embutidos/00780193000313
Jamón de cerdo;100 g a 500 g;lider;dom_25;Jamón Sándwich Artesanal de Cerdo Bolsa, 250 g;;6360.0;6360.0;200.0;;;;mass;250.0;;;25.44;;Fiambres y Embutidos > Jamón de Cerdo;;5.0;https://super.lider.cl/ip/fiambres-y-embutidos/00780190700215
Jamón de cerdo;100 g a 500 g;lider;dom_6;Pizza Jamón Queso, 250 g;;8000.0;8000.0;590.0;;;;mass;250.0;;;32.0;;Comidas Congeladas > Pizzas Congeladas;;5.0;https://super.lider.cl/ip/platos-listos-individuales/00780193001508
Jamón de cerdo;100 g a 500 g;lider;dom_15;Escalopa Kayser de Vacuno Jamón Queso, 120 g;;8333.0;8333.0;390.0;;;;mass;120.0;;;69.44166666666666;;Hamburguesas y Churrascos > Apanados;;5.0;https://super.lider.cl/ip/hamburguesas-y-churrascos/00780193001406
Jamón de cerdo;100 g a 500 g;unimarc;89270;Paté de jamón Fundo Río Alegre 125 g;Fundo Rio Alegre;710.0;710.0;710.0;;Kg;1 un;mass;125.0;;;5.68;;Fiambres y embutidos;Paté;5.0;https://www.unimarc.cl/pate-de-jamon-fundo-rio-alegre-125-gr-2/p
Jamón de cerdo;100 g a 500 g;unimarc;3557;Paté de jamón PF 125 g;Pf;810.0;810.0;810.0;;Kg;1 un;mass;125.0;;;6.48;;Fiambres y embutidos;Paté;5.0;https://www.unimarc.cl/pate-de-jamon-pf-125-gr/p
Jamón de cerdo;100 g a 500 g;unimarc;49967;Maní crocante Millantú jamón ahumado doy pack 100 g;Millantu;930.0;930.0;820.0;8200.0;Kg;1 un;mass;100.0;;;9.3;;Cóctel y snacks;Frutos secos;5.0;https://www.unimarc.cl/mani-crocante-millantu-10-jamon-ahumado/p
Jamón de cerdo;100 g a 500 g;unimarc;13358;Pasta jamón Receta del Abuelo 125 g;Receta Del Abuelo;1150.0;1150.0;1150.0;;Kg;1 un;mass;125.0;;;9.2;;Fiambres y embutidos;Paté;5.0;https://www.unimarc.cl/pate-jamon-receta-del-abuelo-125-gr-2/p
Jamón de cerdo;100 g a 500 g;unimarc;16000;Pasta jamón serrano Receta del Abuelo 125 g;Receta Del Abuelo;1190.0;1190.0;1190.0;;Kg;1 un;mass;125.0;;;9.52;;Fiambres y embutidos;Paté;5.0;https://www.unimarc.cl/pate-jamon-serr-receta-del-abuelo-125-gr/p
Paté;100 g a 200 g;jumbo;36125;Paté Foie Perello 100 g;Perelló;1450.0;1450.0;1450.0;;;;mass;100.0;;;14.5;;;Pastas Untables;5.0;https://www.jumbo.cl/pate-foie-perello-100-g/p
Paté;100 g a 200 g;jumbo;36126;Paté Ternera Perello 100 g;Perelló;1450.0;1450.0;1450.0;;;;mass;100.0;;;14.5;;;Pastas Untables;5.0;https://www.jumbo.cl/pate-ternera-perello-100-g/p
Paté;100 g a 200 g;jumbo;26757;Paté Pavo Al Cognac 100 g;Castillo;3050.0;3050.0;3050.0;;;;mass;100.0;;;30.5;;;Pastas Untables;5.0;https://www.jumbo.cl/pate-pavo-al-cognac-castillo-100-g/p
Paté;100 g a 200 g;jumbo;26758;Paté Finas Hierbas 100 g;Castillo;3050.0;3050.0;3050.0;;;;mass;100.0;;;30.5;;;Pastas Untables;5.0;https://www.jumbo.cl/pate-finas-hierbas-castillo-100-g/p
Paté;100 g a 200 g;jumbo;102120;Paté Foie Henaff 130 g;Henaff;3740.0;3740.0;3740.0;;;;mass;130.0;;;28.76923076923077;;;Mariscos en Conserva;5.0;https://www.jumbo.cl/pate-foie-henaff-130-gr-1876543/p
Paté;100 g a 200 g;lider;dom_1;Paté Ternera Embutido Untable, 125 g;;5680.0;5680.0;70.0;;;;mass;125.0;;;45.44;;Fiambres y Embutidos > Patés;;5.0;https://super.lider.cl/ip/fiambres-y-embutidos/00780190700430
Paté;100 g a 200 g;lider;dom_6;Paté Ternera Embutido Untable, 125 g;;6240.0;6240.0;780.0;;;;mass;125.0;;;49.92;;Fiambres y Embutidos > Patés;;5.0;https://super.lider.cl/ip/fiambres-y-embutidos/00780193000311
Paté;100 g a 200 g;lider;dom_7;Paté de Campo Premium Embutido, 125 g;;7600.0;7600.0;140.0;;;;mass;125.0;;;60.8;;Fiambres y Embutidos > Patés;;5.0;https://super.lider.cl/ip/fiambres-y-embutidos/00780193000821
Paté;100 g a 200 g;lider;dom_4;Paté Teewurst, 125 g;;8000.0;8000.0;90.0;;;;mass;125.0;;;64.0;;Fiambres y Embutidos > Patés;;5.0;https://super.lider.cl/ip/fiambres-y-embutidos/00780193001737
Paté;100 g a 200 g;lider;dom_3;Paté de Ternera, 125 g;;9200.0;9200.0;1150.0;;;;mass;125.0;;;73.6;;Fiambres y Embutidos > Patés;;5.0;https://super.lider.cl/ip/fiambres-y-embutidos/00780193000931
Paté;100 g a 200 g;unimarc;89268;Paté de ternera Fundo Río Alegre 125 g;Fundo Rio Alegre;710.0;710.0;710.0;;Kg;1 un;mass;125.0;;;5.68;;Fiambres y embutidos;Paté;5.0;https://www.unimarc.cl/pate-de-ternera-fundo-rio-alegre-125-gr-2/p
Paté;100 g a 200 g;unimarc;89269;Paté de campo Fundo Río Alegre 125 g;Fundo Rio Alegre;730.0;730.0;730.0;;Kg;1 un;mass;125.0;;;5.84;;Fiambres y embutidos;Paté;5.0;https://www.unimarc.cl/pate-de-campo-fundo-rio-alegre-125-gr/p
Paté;100 g a 200 g;unimarc;384;Paté de ternera San Jorge 125 g;San Jorge;790.0;790.0;790.0;;Kg;1 un;mass;125.0;;;6.32;;Fiambres y embutidos;Paté;5.0;https://www.unimarc.cl/pate-de-ternera-san-jorge-125-g/p
Paté;100 g a 200 g;unimarc;4431;Paté de ternera PF 125 g;Pf;810.0;810.0;810.0;;Kg;1 un;mass;125.0;;;6.48;;Fiambres y embutidos;Paté;5.0;https://www.unimarc.cl/pate-de-ternera-pf-125-gr/p
Paté;100 g a 200 g;unimarc;13361;Paté Receta del Abuelo ternera 125 g;Receta Del Abuelo;1050.0;1050.0;890.0;8900.0;Kg;1 un;mass;125.0;;;8.4;;Fiambres y embutidos;Paté;5.0;https://www.unimarc.cl/pate-ternera-receta-del-abuelo-125-grs/p
Agua mineral;1 litro a 3 litros;jumbo;134524;Agua Benedictino Manzana 2 L;Benedictino;1190.0;1190.0;1190.0;;;;volume;2000.0;;;0.595;;;Aguas (Mostrar todo);5.0;https://www.jumbo.cl/agua-benedictino-manzana-2l-1991087/p
Agua mineral;1 litro a 3 litros;jumbo;134508;Agua Benedictino Limón Jengibre 2 L;Benedictino;1190.0;1190.0;1190.0;;;;volume;2000.0;;;0.595;;;Aguas (Mostrar todo);5.0;https://www.jumbo.cl/agua-benedictino-limon-jengibre-2l-1991091/p
Agua mineral;1 litro a 3 litros;jumbo;118929;Agua Purificada Sin Gas 3 L;Cuisine & Co;1290.0;1290.0;1290.0;;;;volume;3000.0;;;0.43;;;Aguas Purificadas;5.0;https://www.jumbo.cl/agua-purificada-s-gas-3l-cuisine-and-co-1930469/p
Agua mineral;1 litro a 3 litros;jumbo;118932;Agua Purificada Gasificada 3 L;Cuisine & Co;1290.0;1290.0;1290.0;;;;volume;3000.0;;;0.43;;;Aguas Purificadas;5.0;https://www.jumbo.cl/agua-purificada-c-gas-3l-cuisine-and-co-1930468/p
Agua mineral;1 litro a 3 litros;jumbo;310;Agua Mineral Cachantun Sin Gas 1 L;Cachantun;1390.0;1390.0;1390.0;;;;volume;1000.0;;;1.39;;;Aguas Minerales;5.0;https://www.jumbo.cl/agua-mineral-sin-gas-cachantun-1-l-botella-individual/p
Agua mineral;1 litro a 3 litros;lider;dom_3;Agua Purificada Con Gas Botella, 3 L;;1000.0;1000.0;333.0;;;;volume;3000.0;;;0.3333333333333333;;Aguas > Mineral o Purificada;;5.0;https://super.lider.cl/ip/aguas/00780162001045
Agua mineral;1 litro a 3 litros;lider;dom_7;Agua Purificada Sin Gas Botella, 3 L;;1000.0;1000.0;333.0;;;;volume;3000.0;;;0.3333333333333333;;Aguas > Mineral o Purificada;;5.0;https://super.lider.cl/ip/aguas/00780162001046
Agua mineral;1 litro a 3 litros;lider;dom_25;Agua Mineral Sin Gas Botella, 1 L;;1290.0;1290.0;1290.0;;;;volume;1000.0;;;1.29;;Aguas > Mineral o Purificada;;5.0;https://super.lider.cl/ip/aguas/00780162000541
Agua mineral;1 litro a 3 litros;lider;dom_2;Agua Purificada Con Gas Botella, 2 L;;1650.0;1650.0;525.0;;;;volume;2000.0;;;0.825;;Aguas > Mineral o Purificada;;5.0;https://super.lider.cl/ip/aguas/00780282044180
Agua mineral;1 litro a 3 litros;lider;dom_6;Agua Purificada Sin Gas Botella, 2 L;;1650.0;1650.0;525.0;;;;volume;2000.0;;;0.825;;Aguas > Mineral o Purificada;;5.0;https://super.lider.cl/ip/aguas/00780282044178
Agua mineral;1 litro a 3 litros;unimarc;93222;Agua mineral sin gas Manantial 3L;Manantial;1150.0;1150.0;1000.0;10000.0;litro;1 un;volume;3000.0;;;0.38333333333333336;;Aguas;Agua sin gas;5.0;https://www.unimarc.cl/agua-mineral-sin-gas-manantial-pet-3lt/p
Agua mineral;1 litro a 3 litros;unimarc;93221;Agua mineral con gas Manantial 3L;Manantial;1150.0;1150.0;1000.0;10000.0;litro;1 un;volume;3000.0;;;0.38333333333333336;;Aguas;Agua con gas;5.0;https://www.unimarc.cl/agua-mineral-con-gas-manantial-pet-3lt/p
Agua mineral;1 litro a 3 litros;unimarc;80250;Agua purificada Benedictino sin gas botella 3 L;Benedictino;1450.0;1450.0;1450.0;;litro;1 un;volume;3000.0;;;0.48333333333333334;;Aguas;Agua sin gas;5.0;https://www.unimarc.cl/agua-benedictino-s-gas-3-lt/p
Agua mineral;1 litro a 3 litros;unimarc;78959;Agua Benedictino con gas botella 3 L;Benedictino;1450.0;1450.0;1450.0;;litro;1 un;volume;3000.0;;;0.48333333333333334;;Aguas;Agua con gas;5.0;https://www.unimarc.cl/agua-pet-c-gas-benedictino-3-lt/p
Agua mineral;1 litro a 3 litros;unimarc;11640;Helado San Francisco sabor agua frambuesa 1 L;San Francisco;4690.0;4690.0;4690.0;;litro;1 un;volume;1000.0;;;4.69;;Hielo, helados y postres;Helados agua y fruta;5.0;https://www.unimarc.cl/helado-agua-loncomilla-1-lt-frambuesa/p
Bebida gaseosa tradicional;1.5 L a 3 L;jumbo;16236;Bebida Sorbete Letelier Guinda 2 L;Sorbete Letelier;1790.0;1790.0;1790.0;;;;volume;2000.0;;;0.895;;;Bebidas Regulares;5.0;https://www.jumbo.cl/bebida-sorbete-letelier-2-l-guinda/p
Bebida gaseosa tradicional;1.5 L a 3 L;jumbo;134450;Bebida Coca Cola retornable 2 L + Envase;Coca-Cola;2050.0;2050.0;2050.0;;;;volume;2000.0;;;1.025;;;Bebidas Retornables;5.0;https://www.jumbo.cl/bebida-coca-cola-retornable-2-l-envase/p
Bebida gaseosa tradicional;1.5 L a 3 L;jumbo;134459;Bebida Coca Cola retornable 3 L + Envase;Coca-Cola;2690.0;2690.0;2690.0;;;;volume;3000.0;;;0.8966666666666666;;;Bebidas Retornables;5.0;https://www.jumbo.cl/bebida-coca-cola-retornable-3-l-envase/p
Bebida gaseosa tradicional;1.5 L a 3 L;jumbo;134458;Bebida Sprite retornable 3 L + Envase;Sprite;2690.0;2690.0;2690.0;;;;volume;3000.0;;;0.8966666666666666;;;Bebidas Retornables;5.0;https://www.jumbo.cl/bebida-sprite-retornable-3-l-envase/p
Bebida gaseosa tradicional;1.5 L a 3 L;jumbo;426;Bebida Pap 3 L;Pap;2990.0;2990.0;2990.0;;;;volume;3000.0;;;0.9966666666666667;;;Bebidas Regulares;5.0;https://www.jumbo.cl/bebida-pap-3-l-botella-desechable/p
Bebida gaseosa tradicional;1.5 L a 3 L;lider;dom_32;Bebida Original Botella, 1500 ml;;1450.0;1450.0;967.0;;;;volume;1500.0;;;0.9666666666666667;;Bebidas > Regulares;;5.0;https://super.lider.cl/ip/bebidas/00780162001451
Bebida gaseosa tradicional;1.5 L a 3 L;lider;dom_4;Bebida Sabor Piña Botella, 2500 ml;;1750.0;1750.0;700.0;;;;volume;2500.0;;;0.7;;Bebidas > Retornables;;5.0;https://super.lider.cl/ip/bebidas/00780162000188
Bebida gaseosa tradicional;1.5 L a 3 L;lider;dom_5;Bebida Original Botella Retornable, 2 L;;1950.0;1950.0;975.0;;;;volume;2000.0;;;0.975;;Bebidas > Retornables;;5.0;https://super.lider.cl/ip/bebidas/00780161023763
Bebida gaseosa tradicional;1.5 L a 3 L;lider;dom_11;Bebida Naranja Original Botella Retornable, 2 L;;1950.0;1950.0;975.0;;;;volume;2000.0;;;0.975;;Bebidas > Retornables;;5.0;https://super.lider.cl/ip/bebidas/00780161000228
Bebida gaseosa tradicional;1.5 L a 3 L;lider;dom_14;Bebida Limón Original Botella Retornable, 2 L;;1950.0;1950.0;975.0;;;;volume;2000.0;;;0.975;;Bebidas > Retornables;;5.0;https://super.lider.cl/ip/bebidas/00780161000528
Bebida gaseosa tradicional;1.5 L a 3 L;unimarc;471;Bebida Coca Cola retornable 2 L + envase;Coca Cola;1990.0;1990.0;1990.0;;litro;1 un;volume;2000.0;;;0.995;;Bebidas;Bebidas regulares;5.0;https://www.unimarc.cl/beb-coca-cola-2-l-retorn/p
Bebida gaseosa tradicional;1.5 L a 3 L;unimarc;3611;Bebida Sprite retornable 2 L + envase;Sprite;1990.0;1990.0;1990.0;;litro;1 un;volume;2000.0;;;0.995;;Bebidas;Bebidas regulares;5.0;https://www.unimarc.cl/sprite-retornable-2-lt/p
Bebida gaseosa tradicional;1.5 L a 3 L;unimarc;13268;Bebida Pap retornable 2 L + envase;Pap;2250.0;2250.0;1590.0;15900.0;litro;1 un;volume;2000.0;;;1.125;;Bebidas;Bebidas regulares;5.0;https://www.unimarc.cl/pap-retornable-2-lt/p
Bebida gaseosa tradicional;1.5 L a 3 L;unimarc;12313;Bebida Bilz retornable 2 L + envase;Bilz;2250.0;2250.0;1590.0;15900.0;litro;1 un;volume;2000.0;;;1.125;;Bebidas;Bebidas regulares;5.0;https://www.unimarc.cl/bilz-retornable-2-lt/p
Bebida gaseosa tradicional;1.5 L a 3 L;unimarc;13269;Bebida Limón soda retornable 2 L + envase;Limon Soda;2250.0;2250.0;1590.0;15900.0;litro;1 un;volume;2000.0;;;1.125;;Bebidas;Bebidas regulares;5.0;https://www.unimarc.cl/limon-soda-retornable-2-lt/p
Jugo líquido;1 litro;jumbo;14887;Sucedáneo Jugo Limón Pica Traverso 1 L;Traverso;2390.0;2390.0;2390.0;;;;volume;1000.0;;;2.39;;;Vinagres y Sucedáneos;8.0;https://www.jumbo.cl/sucedaneo-de-jugo-de-limon-de-pica-traverso-1-l/p
Jugo líquido;1 litro;jumbo;3429;Sucedáneo Jugo Limón Traverso 1 L;Traverso;2490.0;2490.0;1950.0;;;;volume;1000.0;;;2.49;;;Vinagres y Sucedáneos;8.0;https://www.jumbo.cl/sucedaneo-de-jugo-de-limon-traverso-botella-1-l/p
Jugo líquido;1 litro;jumbo;88753;Jugo Guallarauco Naranja 0% Azúcar Añadida 1 L;Guallarauco;2690.0;2690.0;2450.0;;;;volume;1000.0;;;2.69;;;Jugos y Néctar;8.0;https://www.jumbo.cl/jugo-guallarauco-naranja-1-lt/p
Jugo líquido;1 litro;jumbo;88753;Jugo Guallarauco Naranja 0% Azúcar Añadida 1 L;Guallarauco;2690.0;2690.0;2450.0;;;;volume;1000.0;;;2.69;;;Jugos (Mostrar todo);8.0;https://www.jumbo.cl/jugo-guallarauco-naranja-1-lt/p
Jugo líquido;1 litro;jumbo;596;Jugo Selección Watt's Naranja Valencia 1 L;Watt's;3050.0;3050.0;2190.0;;;;volume;1000.0;;;3.05;;;Jugos y Néctar;8.0;https://www.jumbo.cl/jugo-watts-1-l-seleccion-naranja-valencia/p
Jugo líquido;1 litro;lider;dom_19;Jugo de Manzana Caja, 1 L;;1450.0;1450.0;1450.0;;;;volume;1000.0;;;1.45;;Jugos > Líquidos;;8.0;https://super.lider.cl/ip/jugos/00060538892645
Jugo líquido;1 litro;lider;dom_8;Sucedáneo De Jugo De Limón, 1 L;;1790.0;1790.0;1790.0;;;;volume;1000.0;;;1.79;;Aceites y Aderezos > Vinagres y Sucedáneos;;8.0;https://super.lider.cl/ip/aceites-y-aderezos/00780235100155
Jugo líquido;1 litro;lider;dom_37;Jugo Manzana Botella, 1 L;;3890.0;3890.0;3890.0;;;;volume;1000.0;;;3.89;;Jugos > Líquidos;;8.0;https://super.lider.cl/ip/jugos/00780283210111
Jugo líquido;1 litro;lider;dom_41;Jugo De Manzana Verde 100% Puro Botella, 1000 ml;;3890.0;3890.0;3890.0;;;;volume;1000.0;;;3.89;;Jugos > Líquidos;;8.0;https://super.lider.cl/ip/jugos/00780283200014
Jugo líquido;1 litro;lider;dom_6;Jugo Natural Fresco Piña, 1 L;;4590.0;4590.0;4590.0;;;;volume;1000.0;;;4.59;;Refrigerados > Jugos 100;;8.0;https://super.lider.cl/ip/refrigerados/00780281005312
Jugo líquido;1 litro;unimarc;19;Sucedáneo jugo de limón Traverso 1 L;Traverso;2490.0;2490.0;2490.0;;litro;1 un;volume;1000.0;;;2.49;;Aceite y aliños;Sucedáneo;8.0;https://www.unimarc.cl/sucedaneo-de-jugo-de-limon-traverso-1-l/p
Jugo líquido;1 litro;unimarc;80586;Jugo Vivo 100% jugo de fruta de manzana 1 L;Vivo;2990.0;2990.0;2990.0;;litro;1 un;volume;1000.0;;;2.99;;Jugos;Jugos frescos;8.0;https://www.unimarc.cl/jugo-100-jugo-fruta-vivo-1-lt-manzana/p
Jugo líquido;1 litro;unimarc;80585;Jugo Vivo 100% jugo de pera 1 L;Vivo;2990.0;2990.0;2990.0;;litro;1 un;volume;1000.0;;;2.99;;Jugos;Jugos frescos;8.0;https://www.unimarc.cl/jugo-100-jugo-fruta-vivo-1-lt-pera/p
Jugo líquido;1 litro;unimarc;71387;Jugo Guallarauco naranja 0% azúcar añadida botella 1 L;Guallarauco;3630.0;3630.0;3000.0;30000.0;litro;1 un;volume;1000.0;;;3.63;;Jugos;Jugos y néctares;8.0;https://www.unimarc.cl/jugo-guallarauco-1lt-naranja/p
Jugo líquido;1 litro;unimarc;13638;Jugo Afe manzana roja botella 1 L;Afe;4390.0;4390.0;4390.0;;litro;1 un;volume;1000.0;;;4.39;;Jugos;Jugos y néctares;8.0;https://www.unimarc.cl/jugo-100-puro-afe-1-lt-manzana/p
Néctar líquido;1 litro;jumbo;89088;Néctar Guallarauco Mango, Piña y Naranja 0% Azúcar Añadida 1 L;Guallarauco;2690.0;2690.0;2450.0;;;;volume;1000.0;;;2.69;;;Jugos y Néctar;8.0;https://www.jumbo.cl/jugo-nectar-mango-pina-naranja-1-l/p
Néctar líquido;1 litro;jumbo;89088;Néctar Guallarauco Mango, Piña y Naranja 0% Azúcar Añadida 1 L;Guallarauco;2690.0;2690.0;2450.0;;;;volume;1000.0;;;2.69;;;Jugos (Mostrar todo);8.0;https://www.jumbo.cl/jugo-nectar-mango-pina-naranja-1-l/p
Néctar líquido;1 litro;lider;dom_10;Néctar Sabor Manzana Caja, 1 L;;1250.0;1250.0;1250.0;;;;volume;1000.0;;;1.25;;Refrigerados > Jugos Nectares;;8.0;https://super.lider.cl/ip/refrigerados/00780257522635
Néctar líquido;1 litro;lider;dom_11;Néctar Sabor Piña Caja, 1 L;;1250.0;1250.0;1250.0;;;;volume;1000.0;;;1.25;;Refrigerados > Jugos Nectares;;8.0;https://super.lider.cl/ip/refrigerados/00780257522632
Néctar líquido;1 litro;lider;dom_15;Néctar Sabor Durazno Caja, 1 L;;1250.0;1250.0;1250.0;;;;volume;1000.0;;;1.25;;Refrigerados > Jugos Nectares;;8.0;https://super.lider.cl/ip/refrigerados/00780257522633
Néctar líquido;1 litro;lider;dom_18;Néctar Sabor Mango Botella, 1 L;;3190.0;3190.0;3190.0;;;;volume;1000.0;;;3.19;;Jugos > Líquidos;;8.0;https://super.lider.cl/ip/jugos/00780390800617
Néctar líquido;1 litro;lider;dom_20;Néctar Naranja Botella, 1 L;;3190.0;3190.0;3190.0;;;;volume;1000.0;;;3.19;;Jugos > Líquidos;;8.0;https://super.lider.cl/ip/jugos/00780390800619
Néctar líquido;1 litro;unimarc;7295;Néctar Soprole naranja 1 L;Soprole;970.0;970.0;970.0;;litro;1 un;volume;1000.0;;;0.97;;Jugos;Jugos y néctares;8.0;https://www.unimarc.cl/nectar-soprole-1-lt-naranja/p
Néctar líquido;1 litro;unimarc;7293;Néctar Soprole piña 1 L;Soprole;970.0;970.0;970.0;;litro;1 un;volume;1000.0;;;0.97;;Jugos;Jugos y néctares;8.0;https://www.unimarc.cl/nectar-soprole-1-lt-pina/p
Néctar líquido;1 litro;unimarc;39712;Néctar Vivo piña 1 L;Vivo;1350.0;1350.0;1350.0;;litro;1 un;volume;1000.0;;;1.35;;Jugos;Jugos y néctares;8.0;https://www.unimarc.cl/nectar-vivo-pina-1-lt/p
Néctar líquido;1 litro;unimarc;36207;Néctar Vivo manzana 1 L;Vivo;1350.0;1350.0;1350.0;;litro;1 un;volume;1000.0;;;1.35;;Jugos;Jugos y néctares;8.0;https://www.unimarc.cl/nectar-vivo-manzana-1-lt/p
Néctar líquido;1 litro;unimarc;39713;Néctar Vivo durazno 1 L;Vivo;1350.0;1350.0;1350.0;;litro;1 un;volume;1000.0;;;1.35;;Jugos;Jugos y néctares;8.0;https://www.unimarc.cl/nectar-vivo-durazno-1-lt/p
Chocolate;barra economica;jumbo;126748;Chocolate Confitados Chubi 90 g;Arcor;1190.0;1190.0;1000.0;;;;mass;90.0;;;13.222222222222221;;;Chocolates y Tentaciones;5.0;https://www.jumbo.cl/chubi-doypack-90gr-1959624/p
Chocolate;barra economica;jumbo;126758;Maní Confitado Tifany´S Max Bañadp Chocolate 90 g;Arcor;1190.0;1190.0;1000.0;;;;mass;90.0;;;13.222222222222221;;;Chocolates y Tentaciones;5.0;https://www.jumbo.cl/tifany-doypack-90gr-1959636/p
Chocolate;barra economica;jumbo;134605;Chocolate de Leche Bon O Bon 75 g;Bon O Bon;1290.0;1290.0;1290.0;;;;mass;75.0;;;17.2;;;Bombones y Trufas;5.0;https://www.jumbo.cl/bolsa-bob-leche-90gr-1989445/p
Chocolate;barra economica;jumbo;137198;Chocolate Blanco Bon O Bon 75 g;Bon O Bon;1290.0;1290.0;1290.0;;;;mass;75.0;;;17.2;;;Bombones y Trufas;5.0;https://www.jumbo.cl/bolsa-bob-blanco-90gr-1998576/p
Chocolate;barra economica;jumbo;134605;Chocolate de Leche Bon O Bon 75 g;Bon O Bon;1290.0;1290.0;1290.0;;;;mass;75.0;;;17.2;;;Chocolates (Mostrar todo);5.0;https://www.jumbo.cl/bolsa-bob-leche-90gr-1989445/p
Chocolate;barra economica;lider;4000042206;Barra De Chocolate Con Leche Y Caramelo, 48 g;;1350.0;1350.0;1350.0;;;;mass;48.0;;;28.125;;Chocolates > Chocolates;;5.0;https://super.lider.cl/ip/variedad/00004000042206
Chocolate;barra economica;lider;780462833028;Cuchuflí Chocolate 5Un, 75 g;;1490.0;1490.0;1490.0;;;;mass;75.0;;;19.866666666666667;;Fruta Colación > Bizcochos;;5.0;https://super.lider.cl/ip/pasteleria/00780462833028
Chocolate;barra economica;lider;dom_15;Cuchuflí Chocolate 5Un, 75 g;;1490.0;1490.0;1490.0;;;;mass;75.0;;;19.866666666666667;;Pastelería > Dulces Artesanales;;5.0;https://super.lider.cl/ip/pasteleria/00780462833028
Chocolate;barra economica;lider;789100024876;Chocolate Kit Kat 4 Fingers Milk, 42 g;;1990.0;1990.0;56.0;;;;mass;42.0;;;47.38095238095238;;Chocolates > Chocolates;;5.0;https://super.lider.cl/ip/variedad/00789100024876
Chocolate;barra economica;lider;780221511082;Huevitos de Chocolate Rellenos Pascua, 126 g;;2000.0;2000.0;2000.0;;;;mass;126.0;;;15.873015873015873;;Chocolates > Chocolates;;5.0;https://super.lider.cl/ip/variedad/00780221511082
Chocolate;barra economica;unimarc;10334;Chocolate Capri relleno sabor almendra 30 g;Capri;650.0;650.0;650.0;;Kg;1 un;mass;30.0;;;21.666666666666668;;Chocolates y confites;Chocolates;5.0;https://www.unimarc.cl/chocolate-almendra-fondant-nestle-30gr/p
Chocolate;barra economica;unimarc;76186;Chocolate Capri sabor frutilla 30 g;Capri;650.0;650.0;650.0;;Kg;1 un;mass;30.0;;;21.666666666666668;;Chocolates y confites;Chocolates;5.0;https://www.unimarc.cl/chocolate-fondant-nestle-30-gr-frutilla/p
Chocolate;barra economica;unimarc;86472;Yoghurt sin lactosa Soprole chocolate y almendras 155 g;Soprole;670.0;670.0;670.0;;Kg;1 un;mass;155.0;;;4.32258064516129;;Yoghurt;Probióticos y funcionales;5.0;https://www.unimarc.cl/soprole-zerolacto-choco-almendras-155g/p
Chocolate;barra economica;unimarc;73650;Chocolate Hobby relleno caramelo 35 g;Hobby;760.0;760.0;760.0;;Kg;1 un;mass;35.0;;;21.714285714285715;;Chocolates y confites;Chocolates;5.0;https://www.unimarc.cl/chocolate-rell-caramelo-hobby-35-gr/p
Chocolate;barra economica;unimarc;91468;Chocolate Rocklets confitado 30 g;Rocklets;790.0;790.0;790.0;;Kg;1 un;mass;30.0;;;26.333333333333332;;Chocolates y confites;Chocolates;5.0;https://www.unimarc.cl/chocolate-confitado-rocklets-30-gr/p
Papas fritas;snack 100 g a 350 g;jumbo;159022;Papas Fritas Lay's Switch Sabor a Queso y Chile 180 g;Lay's;1990.0;1990.0;1990.0;;;;mass;180.0;;;11.055555555555555;;;Papas Fritas;5.0;https://www.jumbo.cl/papas-fritas-lay-s-switch-sabor-a-queso-y-chile-180-g/p
Papas fritas;snack 100 g a 350 g;jumbo;137956;Papas Fritas Marco Polo Caseras 200 g;Marco Polo;1990.0;1990.0;1590.0;;;;mass;200.0;;;9.95;;;Papas Fritas;5.0;https://www.jumbo.cl/papas-fritas-caseras-marco-polo-200g-1998288/p
Papas fritas;snack 100 g a 350 g;jumbo;139054;Papas Fritas Marco Polo Crema Ciboulette 180 g;Marco Polo;2040.0;2040.0;2040.0;;;;mass;180.0;;;11.333333333333334;;;Papas Fritas;5.0;https://www.jumbo.cl/pf-marco-polo-crema-ciboulette-180-gr-2002058/p
Papas fritas;snack 100 g a 350 g;jumbo;125978;Papas Fritas Buka Flow Corte Americano 200 g;Buka;2050.0;2050.0;1490.0;;;;mass;200.0;;;10.25;;;Papas Fritas;5.0;https://www.jumbo.cl/papas-fritas-flow-corte-americano-200-gr-1959308/p
Papas fritas;snack 100 g a 350 g;jumbo;3020;Papas Fritas Kryzpo Original 130 g;Kryzpo;2250.0;2250.0;1650.0;;;;mass;130.0;;;17.307692307692307;;;Papas Fritas;5.0;https://www.jumbo.cl/papas-fritas-kryzpo-140-g-sabor-original/p
Papas fritas;snack 100 g a 350 g;lider;dom_17;Papas Fritas Tarro Original, 130 g;;3000.0;3000.0;2190.0;;;;mass;130.0;;;23.076923076923077;;Snacks y Picoteo > Papas Fritas y Vegetales;;5.0;https://super.lider.cl/ip/snacks-y-picoteo/00780280053356
Papas fritas;snack 100 g a 350 g;lider;dom_35;Papas Fritas Tarro Queso, 130 g;;3000.0;3000.0;2190.0;;;;mass;130.0;;;23.076923076923077;;Snacks y Picoteo > Papas Fritas y Vegetales;;5.0;https://super.lider.cl/ip/snacks-y-picoteo/00780280053357
Papas fritas;snack 100 g a 350 g;lider;dom_11;Papas Fritas Corte Americano, 170 g;;5882.0;5882.0;1000.0;;;;mass;170.0;;;34.6;;Snacks y Picoteo > Papas Fritas y Vegetales;;5.0;https://super.lider.cl/ip/snacks-y-picoteo/00780242000865
Papas fritas;snack 100 g a 350 g;lider;dom_14;Papas Fritas Caseras, 170 g;;5882.0;5882.0;1000.0;;;;mass;170.0;;;34.6;;Snacks y Picoteo > Papas Fritas y Vegetales;;5.0;https://super.lider.cl/ip/snacks-y-picoteo/00780242000864
Papas fritas;snack 100 g a 350 g;lider;dom_2;Papas Fritas Corte Americano, 350 g;;6543.0;6543.0;600.0;;;;mass;350.0;;;18.694285714285716;;Snacks y Picoteo > Papas Fritas y Vegetales;;5.0;https://super.lider.cl/ip/snacks-y-picoteo/00780242000919
Papas fritas;snack 100 g a 350 g;unimarc;96205;Papas fritas Lays tipo americano 50 gr;Lays;990.0;990.0;990.0;;Kg;1 un;mass;50.0;;;19.8;;Cóctel y snacks;Papas fritas;5.0;https://www.unimarc.cl/papas-fritas-t-americano-lays-50-gr/p
Papas fritas;snack 100 g a 350 g;unimarc;96262;Papas fritas Lays tipo americano 95 gr;Lays;1290.0;1290.0;1000.0;10000.0;Kg;1 un;mass;95.0;;;13.578947368421053;;Cóctel y snacks;Papas fritas;5.0;https://www.unimarc.cl/papas-fritas-t-amer-lays-95-gr/p
Papas fritas;snack 100 g a 350 g;unimarc;84427;Papas fritas flow Buka corte americano bolsa 130 g;Buka;1330.0;1330.0;1000.0;10000.0;Kg;1 un;mass;130.0;;;10.23076923076923;;Cóctel y snacks;Papas fritas;5.0;https://www.unimarc.cl/papa-americana-flow-toq-limon-buka-130gr/p
Papas fritas;snack 100 g a 350 g;unimarc;3679;Papas fritas Marco Polo caseras bolsa 200 g;Marco Polo;1950.0;1950.0;1950.0;;Kg;1 un;mass;200.0;;;9.75;;Cóctel y snacks;Papas fritas;5.0;https://www.unimarc.cl/papa-f-marco-polo-200gr/p
Papas fritas;snack 100 g a 350 g;unimarc;10164;Papas fritas Marco Polo corte americano 200 g;Marco Polo;1950.0;1950.0;1950.0;;Kg;1 un;mass;200.0;;;9.75;;Cóctel y snacks;Papas fritas;5.0;https://www.unimarc.cl/papas-frita-ondul-m-polo-200gr/p
Salsa de tomate;200 g a 500 g;jumbo;83586;Salsa de Tomate Cuisine & Co Natural 200 g;Cuisine & Co;690.0;690.0;690.0;;;;mass;200.0;;;3.45;;;Fideos, Pastas y Salsas (Mostrar todo);6.0;https://www.jumbo.cl/salsa-de-tomate-natural-200-g-cuisine-and-co-1801326/p
Salsa de tomate;200 g a 500 g;jumbo;3349;Salsa de Tomate Pomarola Natural 200 g;Pomarola;870.0;870.0;870.0;;;;mass;200.0;;;4.35;;;Fideos, Pastas y Salsas (Mostrar todo);6.0;https://www.jumbo.cl/salsa-de-tomate-carozzi-doypack-200-g-pomarola-natural/p
Salsa de tomate;200 g a 500 g;jumbo;146729;Salsa de Tomate Heinz Natural 200 g;Heinz;910.0;910.0;770.0;;;;mass;200.0;;;4.55;;;Fideos, Pastas y Salsas (Mostrar todo);6.0;https://www.jumbo.cl/pasta-sauce-natural-heinz-200g-2021826/p
Salsa de tomate;200 g a 500 g;jumbo;15069;Salsa de Tomate Pomarola Casera 200 g;Pomarola;990.0;990.0;990.0;;;;mass;200.0;;;4.95;;;Fideos, Pastas y Salsas (Mostrar todo);6.0;https://www.jumbo.cl/salsa-de-tomate-pomarola-de-carozzi-200-g-casera/p
Salsa de tomate;200 g a 500 g;jumbo;3382;Salsa de Tomate Mutti Pomodoro Italiano 240 g drenado;Mutti;2690.0;2690.0;2690.0;;;;mass;240.0;;;11.208333333333334;;;Conservas de Verduras;6.0;https://www.jumbo.cl/salsa-de-tomates-mutti-pomodoro-italiano-lata-400-g/p
Salsa de tomate;200 g a 500 g;lider;dom_27;Salsa de Tomate Italiana Doypack, 200 g;;2950.0;2950.0;590.0;;;;mass;200.0;;;14.75;;Pastas y Salsas > Salsa para pastas;;6.0;https://super.lider.cl/ip/pastas-y-salsas/00780180010101
Salsa de tomate;200 g a 500 g;lider;dom_28;Salsa de Tomate Natural Doypack, 200 g;;2950.0;2950.0;590.0;;;;mass;200.0;;;14.75;;Pastas y Salsas > Salsa para pastas;;6.0;https://super.lider.cl/ip/pastas-y-salsas/00780180010293
Salsa de tomate;200 g a 500 g;lider;dom_38;Salsa de Tomate Carne Doypack, 200 g;;2950.0;2950.0;590.0;;;;mass;200.0;;;14.75;;Pastas y Salsas > Salsa para pastas;;6.0;https://super.lider.cl/ip/pastas-y-salsas/00780180023201
Salsa de tomate;200 g a 500 g;lider;dom_33;Fideo Pasta Pack Spaghetti N°5 3 Unidades 400 gr + Salsa Tomate 1 Unidad 200 gr, 1 Un;;3290.0;3290.0;2350.0;;;;mass;400.0;;;8.225;;Pastas y Salsas > Pastas Largas;;6.0;https://super.lider.cl/ip/pastas-y-salsas/00780257501672
Salsa de tomate;200 g a 500 g;lider;dom_40;Fideo Pasta Pack Spaghetti N°5 3 Unidades 400 gr + Salsa Tomate 1 Unidad 200 gr, 1 Un;;3490.0;3490.0;2908.0;;;;mass;400.0;;;8.725;;Pastas y Salsas > Pastas Largas;;6.0;https://super.lider.cl/ip/pastas-y-salsas/00780250005067
Salsa de tomate;200 g a 500 g;unimarc;86430;Salsa de tomate italiana merkat doypack 200g;Merkat;380.0;380.0;380.0;;Kg;1 un;mass;200.0;;;1.9;;Fideos, pastas y salsas;Salsa para pastas;6.0;https://www.unimarc.cl/salsa-tomate-italiana-merkat-dp-200-gr/p
Salsa de tomate;200 g a 500 g;unimarc;81287;Salsa de tomate Nuestra Cocina con carne 200 g;Nuestra Cocina;720.0;720.0;720.0;;Kg;1 un;mass;200.0;;;3.6;;Fideos, pastas y salsas;Salsa para pastas;6.0;https://www.unimarc.cl/salsa-d-tom-nuestra-cocina-200g-c-carne/p
Salsa de tomate;200 g a 500 g;unimarc;81288;Salsa de tomate Nuestra Cocina italiana 200 g;Nuestra Cocina;720.0;720.0;720.0;;Kg;1 un;mass;200.0;;;3.6;;Fideos, pastas y salsas;Salsa para pastas;6.0;https://www.unimarc.cl/salsa-d-tom-nuestra-cocina-200-italiana/p
Salsa de tomate;200 g a 500 g;unimarc;81289;Salsa de tomate Nuestra Cocina natural 200 g;Nuestra Cocina;720.0;720.0;720.0;;Kg;1 un;mass;200.0;;;3.6;;Fideos, pastas y salsas;Salsa para pastas;6.0;https://www.unimarc.cl/salsa-d-tom-nuestra-cocina-200g-natural/p
Salsa de tomate;200 g a 500 g;unimarc;10155;Salsa de tomate Doña Clara italiana 200 g;Doña Clara;790.0;790.0;790.0;;Kg;1 un;mass;200.0;;;3.95;;Fideos, pastas y salsas;Salsa para pastas;6.0;https://www.unimarc.cl/salsa-tomate-italiana-dona-clara-200-gr/p
