cba_name;supermarket;formato_objetivo;sku;name;brand;price_num;list_price_num;fallback_price_num;discount_price_num;unit;net_content;unit_family;size_std;price_per_unit_web;price_per_unit_list_web;price_per_std_unit_calc;category_std;subcategory;last_category;match_score;detail_url
Aceite vegetal combinado o puro;jumbo;1 litro;15148;Aceite Vegetal Belmont 1 L;Belmont;3150.0;3150.0;3150.0;;;;volume;1000.0;;;3.15;;;Aceite;9.5;https://www.jumbo.cl/aceite-vegetal-belmont-1-l-0-colesterol/p
Aceite vegetal combinado o puro;lider;1 litro;dom_8;Aceite Vegetal Botella, 1 L;;2390.0;2390.0;2390.0;;;;volume;1000.0;;;2.39;;Aceites y Aderezos > Aceites;;9.5;https://super.lider.cl/ip/aceites-y-aderezos/00780281001202
Agua mineral;jumbo;1 litro a 3 litros;134524;Agua Benedictino Manzana 2 L;Benedictino;1190.0;1190.0;1190.0;;;;volume;2000.0;;;0.595;;;Aguas (Mostrar todo);5.0;https://www.jumbo.cl/agua-benedictino-manzana-2l-1991087/p
Agua mineral;lider;1 litro a 3 litros;dom_3;Agua Purificada Con Gas Botella, 3 L;;1000.0;1000.0;333.0;;;;volume;3000.0;;;0.3333333333333333;;Aguas > Mineral o Purificada;;5.0;https://super.lider.cl/ip/aguas/00780162001045
Agua mineral;unimarc;1 litro a 3 litros;93222;Agua mineral sin gas Manantial 3L;Manantial;1150.0;1150.0;1000.0;10000.0;litro;1 un;volume;3000.0;;;0.38333333333333336;;Aguas;Agua sin gas;5.0;https://www.unimarc.cl/agua-mineral-sin-gas-manantial-pet-3lt/p
Arroz;jumbo;1 kg clasico;92364;Arroz Grado 2 Cuisine & Co Largo y Delgado 1 kg;Cuisine & Co;1590.0;1590.0;1200.0;;;;mass;1000.0;;;1.59;;;Arroz;9.5;https://www.jumbo.cl/arroz-largo-fino-1-kg-cuisine-and-co-1845787/p
Avena;jumbo;500 g tradicional o instantanea;22467;Pan Centeno Mestemacher Orgánico con Avena y Cebada 500 g;Mestemacher;3290.0;3290.0;2632.0;;;;mass;500.0;;;6.58;;;Pan Integral y Funcional;8.0;https://www.jumbo.cl/pan-organico-tres-granos-mestemacher-500-g-2/p
Avena;lider;500 g tradicional o instantanea;dom_5;Avena Instantanea, 500 g;;1940.0;1940.0;970.0;;;;mass;500.0;;;3.88;;Cereales > Avenas;;8.0;https://super.lider.cl/ip/cereales/00780396000036
Avena;unimarc;500 g tradicional o instantanea;74188;Harina de avena Quaker integral 450 g;Quaker;2990.0;2990.0;2990.0;;Kg;1 un;mass;450.0;;;6.644444444444445;;Harina y repostería;Harina;7.7;https://www.unimarc.cl/harina-de-avena-integral-quaker-450-gr/p
Azúcar;jumbo;1 kg;88730;Azúcar Cuisine & Co Blanca Granulada 1 kg;Cuisine & Co;1290.0;1290.0;1290.0;;;;mass;1000.0;;;1.29;;;Azúcar;8.0;https://www.jumbo.cl/azucar-blanca-granulada-1-kg-cuisine-and-co-1821380/p
Azúcar;lider;1 kg;dom_1;Azúcar Blanca Granulada Bolsa, 1 kg;;1000.0;1000.0;1000.0;;;;mass;1000.0;;;1.0;;Dulces Mermeladas y Manjar > Azúcar;;8.0;https://super.lider.cl/ip/dulces-mermeladas-y-manjar/00780150500049
Bebida gaseosa tradicional;jumbo;1.5 L a 3 L;16236;Bebida Sorbete Letelier Guinda 2 L;Sorbete Letelier;1790.0;1790.0;1790.0;;;;volume;2000.0;;;0.895;;;Bebidas Regulares;5.0;https://www.jumbo.cl/bebida-sorbete-letelier-2-l-guinda/p
Bebida gaseosa tradicional;lider;1.5 L a 3 L;dom_32;Bebida Original Botella, 1500 ml;;1450.0;1450.0;967.0;;;;volume;1500.0;;;0.9666666666666667;;Bebidas > Regulares;;5.0;https://super.lider.cl/ip/bebidas/00780162001451
Bebida gaseosa tradicional;unimarc;1.5 L a 3 L;471;Bebida Coca Cola retornable 2 L + envase;Coca Cola;1990.0;1990.0;1990.0;15900.0;litro;1 un;volume;2000.0;;;0.995;;Bebidas;Bebidas regulares;5.0;https://www.unimarc.cl/beb-coca-cola-2-l-retorn/p
Cebolla nueva;jumbo;1 kg;5771;Cebolla Malla 1 kg;Frutas y Verduras Propias;1790.0;1790.0;1790.0;;;;mass;1000.0;;;1.79;;;Verduras (Mostrar todo);8.0;https://www.jumbo.cl/cebolla-feria-jumbo-malla-1-kg-8-unidad-aprox/p
Cebolla nueva;lider;1 kg;dom_1;Cebolla Malla, 1 Kg;;3000.0;3000.0;1690.0;;;;mass;1000.0;;;3.0;;Verduras > Papas y Cebollas;;8.0;https://super.lider.cl/ip/verduras/00780460020020
Cebolla nueva;unimarc;1 kg;339;Cebolla malla 1 Kg;Frutas Y Verduras;1690.0;1690.0;1690.0;;Kg;1 un;mass;1000.0;;;1.69;;Verduras;Verduras;8.0;https://www.unimarc.cl/cebolla-malla-1-kilo/p
Choclo congelado;jumbo;500 g;75176;Choclo Congelado en Grano 500 g;Cuisine & Co;1890.0;1890.0;1890.0;;;;mass;500.0;;;3.78;;;Choclos, Arvejas y Primaveras;8.0;https://www.jumbo.cl/choclo-en-grano-congelado-500-g-cuisine-and-co-1763677/p
Choclo congelado;lider;500 g;dom_2;Choclo en Granos Congelado, 500 g;;3100.0;3100.0;1550.0;;;;mass;500.0;;;6.2;;Verduras y Frutas Congeladas > Verduras Congeladas;;8.0;https://super.lider.cl/ip/verduras-y-frutas-congeladas/00780122000121
Choclo congelado;unimarc;500 g;92012;Choclo grano Nuestra Cocina 500 g;Nuestra Cocina;1660.0;1660.0;1390.0;13900.0;Kg;1 un;mass;500.0;;;3.32;;Frutas y verduras congeladas;Verduras congeladas;8.0;https://www.unimarc.cl/choclo-congelado-nuestra-cocina-500gr/p
Chocolate;jumbo;barra economica;126748;Chocolate Confitados Chubi 90 g;Arcor;1190.0;1190.0;1000.0;;;;mass;90.0;;;13.222222222222221;;;Chocolates y Tentaciones;5.0;https://www.jumbo.cl/chubi-doypack-90gr-1959624/p
Chocolate;lider;barra economica;4000042206;Barra De Chocolate Con Leche Y Caramelo, 48 g;;1350.0;1350.0;1350.0;;;;mass;48.0;;;28.125;;Chocolates > Chocolates;;5.0;https://super.lider.cl/ip/variedad/00004000042206
Chocolate;unimarc;barra economica;10334;Chocolate Capri relleno sabor almendra 30 g;Capri;650.0;650.0;650.0;;Kg;1 un;mass;30.0;;;21.666666666666668;;Chocolates y confites;Chocolates;5.0;https://www.unimarc.cl/chocolate-almendra-fondant-nestle-30gr/p
Espiral;jumbo;400 g a 1 kg pasta espiral;2299;Pasta Espiral N°49 Carozzi 400 g;Carozzi;1070.0;1070.0;1070.0;;;;mass;400.0;;;2.675;;;Pastas y Fideos;5.0;https://www.jumbo.cl/espirales-carozzi-bolsa-400-g/p
Harina de trigo;jumbo;1 kg;99156;Harina El Peral Sin Polvos de Hornear 1 kg;El Peral;1060.0;1060.0;1060.0;;;;mass;1000.0;;;1.06;;;Harina Blanca;8.0;https://www.jumbo.cl/harina-el-peral-sin-polvo-1-kg-1821024/p
Harina de trigo;lider;1 kg;dom_3;Harina Fuerza, 1 kg;;950.0;950.0;950.0;;;;mass;1000.0;;;0.95;;Harinas y Polvos > Otras Harinas;;8.0;https://super.lider.cl/ip/harinas-y-polvos/00780956180076
Harina de trigo;unimarc;1 kg;35023;Harina Merkat sin polvos 1 Kg;Merkat;850.0;850.0;850.0;10000.0;Kg;1 un;mass;1000.0;;;0.85;;Harina y repostería;Harina;8.0;https://www.unimarc.cl/harina-s-polvo-merkat-1-kg/p
Huevo de gallina;jumbo;6 a 12 unidades;156583;Huevo Cuisine & Co Extra Grande Blanco Gallina Libre 12 un.;Cuisine & Co;4990.0;4990.0;4990.0;;;;unit;12.0;;;415.8333333333333;;;Huevos (Mostrar todo);5.0;https://www.jumbo.cl/huevo-ex-gran-blanco-12u-gall-libre-c-and-co-2045697/p
Huevo de gallina;lider;6 a 12 unidades;dom_28;Huevo Blanco Grande, 6 Un;;2390.0;2390.0;398.0;;;;unit;6.0;;;398.3333333333333;;Huevos y Mantequillas > Huevos;;5.0;https://super.lider.cl/ip/huevos-y-mantequillas/00780418000000
Huevo de gallina;unimarc;6 a 12 unidades;96584;Huevo metálico decorativo modelo Easter Dkora;Dkora;2190.0;2190.0;2190.0;27700.0;unidad;1 un;unit;6.0;;;375.0;;Librería, celebraciones y juguetes;Juegos y juguetes;5.0;https://www.unimarc.cl/huevo-metalico-easter-26-dkora/p
Jamón de cerdo;jumbo;100 g a 500 g;17329;Suprema de Pollo Receta del Abuelo Jamón y Queso 120 g;Receta del Abuelo;1430.0;1430.0;1430.0;;;;mass;120.0;;;11.916666666666666;;;Nuggets, Apanados y Embutidos (Mostrar todo);5.0;https://www.jumbo.cl/suprema-de-pollo-jamon-y-queso-receta-del-abuelo-120-g/p
Jamón de cerdo;lider;100 g a 500 g;dom_9;Paté De Jamón Untable, 125 g;;5680.0;5680.0;70.0;;;;mass;125.0;;;45.44;;Fiambres y Embutidos > Patés;;5.0;https://super.lider.cl/ip/fiambres-y-embutidos/00780190700440
Jamón de cerdo;unimarc;100 g a 500 g;89270;Paté de jamón Fundo Río Alegre 125 g;Fundo Rio Alegre;710.0;710.0;710.0;8200.0;Kg;1 un;mass;125.0;;;5.68;;Fiambres y embutidos;Paté;5.0;https://www.unimarc.cl/pate-de-jamon-fundo-rio-alegre-125-gr-2/p
Jugo líquido;jumbo;1 litro;14887;Sucedáneo Jugo Limón Pica Traverso 1 L;Traverso;2390.0;2390.0;2390.0;;;;volume;1000.0;;;2.39;;;Vinagres y Sucedáneos;8.0;https://www.jumbo.cl/sucedaneo-de-jugo-de-limon-de-pica-traverso-1-l/p
Jugo líquido;lider;1 litro;dom_19;Jugo de Manzana Caja, 1 L;;1450.0;1450.0;1450.0;;;;volume;1000.0;;;1.45;;Jugos > Líquidos;;8.0;https://super.lider.cl/ip/jugos/00060538892645
Jugo líquido;unimarc;1 litro;19;Sucedáneo jugo de limón Traverso 1 L;Traverso;2490.0;2490.0;2490.0;30000.0;litro;1 un;volume;1000.0;;;2.49;;Aceite y aliños;Sucedáneo;8.0;https://www.unimarc.cl/sucedaneo-de-jugo-de-limon-traverso-1-l/p
Leche líquida entera;jumbo;1 litro;134465;Leche Surlat Entera 1 L;Surlat;1050.0;1050.0;1050.0;;;;volume;1000.0;;;1.05;;;Leches (Mostrar todo);10.5;https://www.jumbo.cl/leche-entera-surlat-b-a-1l-1991554/p
Leche líquida entera;lider;1 litro;dom_1;Leche Natural Entera caja, 1 L;;990.0;990.0;990.0;;;;volume;1000.0;;;0.99;;Leche > Blanca;;10.5;https://super.lider.cl/ip/leche/00040000720074
Leche líquida entera;unimarc;1 litro;82635;Leche entera Los Peumos 1 L;Los Peumos;1050.0;1050.0;950.0;9500.0;litro;1 un;volume;1000.0;;;1.05;;Leches y cremas;Leches blancas;12.0;https://www.unimarc.cl/leche-entera-tetra-los-peumos-1lt/p
Lechuga;jumbo;1 unidad o equivalente;5632;Lechuga Escarola 300 g;Genial;1990.0;1990.0;1990.0;;;;mass;300.0;;;6.633333333333334;;;Ensaladas;5.0;https://www.jumbo.cl/lechuga-escarola-genial-300-g/p
Lechuga;unimarc;1 unidad o equivalente;13806;Lechuga escarola Genial 300 g;Genial;1890.0;1890.0;1890.0;;Kg;1 un;mass;300.0;;;6.3;;Verduras;Ensaladas listas;5.0;https://www.unimarc.cl/lechuga-escarola-genial-300-gr/p
Limón;jumbo;1 kg granel;5799;Limón Malla 1 kg;Frutas y Verduras Propias;2090.0;2090.0;2090.0;;;;mass;1000.0;;;2.09;;;Verduras (Mostrar todo);8.0;https://www.jumbo.cl/limon-jumbo-malla-1-kg/p
Limón;lider;1 kg granel;dom_1;Limón Malla, 1 kg;;1950.0;1950.0;1950.0;;;;mass;1000.0;;;1.95;;Frutas > Limón Naranja y Cítricos;;8.0;https://super.lider.cl/ip/frutas/00780465943000
Limón;unimarc;1 kg granel;479;Limón malla 1 Kg;Frutas Y Verduras;1990.0;1990.0;1990.0;14900.0;Kg;1 un;mass;1000.0;;;1.99;;Verduras;Verduras;8.0;https://www.unimarc.cl/limon-malla-11-unid-aprox/p
Mantequilla con sal;jumbo;100 g a 250 g;150774;Baguette Coolback Mantequilla Hierbas Congelada 175 g;Coolback;1590.0;1590.0;1590.0;;;;mass;175.0;;;9.085714285714285;;;Apanados;5.0;https://www.jumbo.cl/bag-hierbas-manteq-2037028/p
Mantequilla con sal;lider;100 g a 250 g;dom_9;Cabritas para microondas Mantequilla, 91 g;;1550.0;1550.0;1550.0;;;;mass;91.0;;;17.032967032967033;;Snacks y Picoteo > Cabritas;;5.0;https://super.lider.cl/ip/snacks-y-picoteo/00007615060133
Mantequilla con sal;unimarc;100 g a 250 g;89302;Cabritas Tento sabor mantequilla 91 g;Tento;1350.0;1350.0;1350.0;15900.0;Kg;1 un;mass;91.0;;;14.835164835164836;;Cóctel y snacks;Snack;5.0;https://www.unimarc.cl/cabritas-sabor-mantequilla-tento-91-gr/p
Manzana;jumbo;1 kg granel;147687;Manzana Royal Gala Bolsa 1 kg;Frutas y Verduras Propias;1990.0;1990.0;1990.0;;;;mass;1000.0;;;1.99;;;Frutas (Mostrar todo);9.5;https://www.jumbo.cl/manzana-royal-gala-1-kg-1842210/p
Manzana;lider;1 kg granel;dom_3;Manzana Royal Bolsa, 1 kg;;1990.0;1990.0;1990.0;;;;mass;1000.0;;;1.99;;Frutas > Manzanas y Peras;;9.5;https://super.lider.cl/ip/frutas/00346448981000
Margarina;jumbo;200 g a 500 g;6827;Margarina Soprole 250 g;Soprole;1550.0;1550.0;1550.0;;;;mass;250.0;;;6.2;;;Mantequillas y Margarinas (Mostrar todo);5.0;https://www.jumbo.cl/margarina-soprole-cremosa-con-leche-pan-250-g/p
Margarina;lider;200 g a 500 g;dom_13;Margarina Light, 450 g;;3756.0;3756.0;460.0;;;;mass;450.0;;;8.346666666666666;;Huevos y Mantequillas > Margarinas;;5.0;https://super.lider.cl/ip/huevos-y-mantequillas/00780281000885
Margarina;unimarc;200 g a 500 g;3502;Margarina Soprole 250 g Margarina Soprole pan 250 g;Soprole;1490.0;1490.0;1490.0;12900.0;Kg;1 un;mass;250.0;;;5.96;;Mantequillas;Margarina y manteca;5.0;https://www.unimarc.cl/margarina-soprole-pan-250-grs/p
Néctar líquido;jumbo;1 litro;89088;Néctar Guallarauco Mango, Piña y Naranja 0% Azúcar Añadida 1 L;Guallarauco;2690.0;2690.0;2450.0;;;;volume;1000.0;;;2.69;;;Jugos y Néctar;8.0;https://www.jumbo.cl/jugo-nectar-mango-pina-naranja-1-l/p
Néctar líquido;lider;1 litro;dom_10;Néctar Sabor Manzana Caja, 1 L;;1250.0;1250.0;1250.0;;;;volume;1000.0;;;1.25;;Refrigerados > Jugos Nectares;;8.0;https://super.lider.cl/ip/refrigerados/00780257522635
Néctar líquido;unimarc;1 litro;7295;Néctar Soprole naranja 1 L;Soprole;970.0;970.0;970.0;;litro;1 un;volume;1000.0;;;0.97;;Jugos;Jugos y néctares;8.0;https://www.unimarc.cl/nectar-soprole-1-lt-naranja/p
Palta;jumbo;700 g a 1 kg;5802;Palta Hass Malla 1 kg;Frutas y Verduras Propias;3990.0;3990.0;3990.0;;;;mass;1000.0;;;3.99;;;Verduras (Mostrar todo);8.0;https://www.jumbo.cl/palta-hass-jumbo-malla-1-kg/p
Palta;lider;700 g a 1 kg;dom_1;Palta Hass Chilena Malla, 1 kg;;4990.0;4990.0;4990.0;;;;mass;1000.0;;;4.99;;Frutas > Paltas;;8.0;https://super.lider.cl/ip/frutas/00780953490002
Palta;unimarc;700 g a 1 kg;280;Palta hass malla 1 Kg;Frutas Y Verduras;3990.0;3990.0;3990.0;;Kg;1 un;mass;1000.0;;;3.99;;Verduras;Verduras;8.0;https://www.unimarc.cl/palta-hass-malla-1-kg/p
Pan corriente sin envasar;jumbo;500 g a 1 kg pan corriente;8878;Pan Campo 550 g;Jumbo Artesanal;2290.0;2290.0;2290.0;;;;mass;550.0;;;4.163636363636364;;;Pan Artesanal;6.5;https://www.jumbo.cl/pan-campo-rustico-jumbo-550-g-1-unid-2/p
Pan corriente sin envasar;lider;500 g a 1 kg pan corriente;dom_3;Pan Precocido Hallulla Integral Atm 18 Un, 1 kg;;2390.0;2390.0;2390.0;;;;mass;1000.0;;;2.39;;Panadería Envasada > Pan Especial;;6.5;https://super.lider.cl/ip/panaderia-envasada/00040005054558
Pan corriente sin envasar;unimarc;500 g a 1 kg pan corriente;74306;Pan hallulla Prosepan granel 500 g;Prosepan;1095.0;1095.0;1095.0;;Kg;500 g;mass;500.0;;;2.19;;Pan;Pan corriente;8.0;https://www.unimarc.cl/pan-hallulla-prosepan-kg/p
Papa de guarda;jumbo;1 kg;144151;Papa Pre Frita Fina Minuto Verde 800 g;Minuto Verde;4490.0;4490.0;3490.0;;;;mass;800.0;;;5.6125;;;Verduras Congeladas (Mostrar todo);7.4;https://www.jumbo.cl/papa-pre-frita-fina-minuto-verde-800gr-2020051/p
Papa de guarda;lider;1 kg;dom_9;Papa Baby Bolsa, 1 Kg;;2590.0;2590.0;2590.0;;;;mass;1000.0;;;2.59;;Verduras > Papas y Cebollas;;8.0;https://super.lider.cl/ip/verduras/00780464799005
Papa de guarda;unimarc;1 kg;69699;Papa mix Huertos del Ranco 650 g;Huertos Del Ranco;1690.0;1690.0;1690.0;;Kg;1 un;mass;650.0;;;2.6;;Verduras;Verduras;6.95;https://www.unimarc.cl/papa-mix-huertos-del-ranco-650-gr/p
Papas fritas;jumbo;snack 100 g a 350 g;159022;Papas Fritas Lay's Switch Sabor a Queso y Chile 180 g;Lay's;1990.0;1990.0;1990.0;;;;mass;180.0;;;11.055555555555555;;;Papas Fritas;5.0;https://www.jumbo.cl/papas-fritas-lay-s-switch-sabor-a-queso-y-chile-180-g/p
Papas fritas;lider;snack 100 g a 350 g;dom_17;Papas Fritas Tarro Original, 130 g;;3000.0;3000.0;2190.0;;;;mass;130.0;;;23.076923076923077;;Snacks y Picoteo > Papas Fritas y Vegetales;;5.0;https://super.lider.cl/ip/snacks-y-picoteo/00780280053356
Papas fritas;unimarc;snack 100 g a 350 g;96205;Papas fritas Lays tipo americano 50 gr;Lays;990.0;990.0;990.0;10000.0;Kg;1 un;mass;50.0;;;19.8;;Cóctel y snacks;Papas fritas;5.0;https://www.unimarc.cl/papas-fritas-t-americano-lays-50-gr/p
Paté;jumbo;100 g a 200 g;36125;Paté Foie Perello 100 g;Perelló;1450.0;1450.0;1450.0;;;;mass;100.0;;;14.5;;;Pastas Untables;5.0;https://www.jumbo.cl/pate-foie-perello-100-g/p
Paté;lider;100 g a 200 g;dom_1;Paté Ternera Embutido Untable, 125 g;;5680.0;5680.0;70.0;;;;mass;125.0;;;45.44;;Fiambres y Embutidos > Patés;;5.0;https://super.lider.cl/ip/fiambres-y-embutidos/00780190700430
Paté;unimarc;100 g a 200 g;89268;Paté de ternera Fundo Río Alegre 125 g;Fundo Rio Alegre;710.0;710.0;710.0;8900.0;Kg;1 un;mass;125.0;;;5.68;;Fiambres y embutidos;Paté;5.0;https://www.unimarc.cl/pate-de-ternera-fundo-rio-alegre-125-gr-2/p
Pechuga de pollo;jumbo;1 kg;88661;Pechuga de Pollo Deshuesada Ariztía Sin Piel 850 g;Ariztía;7690.0;7690.0;6390.0;;;;mass;850.0;;;9.047058823529412;;;Filetes y Pechuga de Pollo;12.05;https://www.jumbo.cl/pechuga-deshuesada-de-pollo-sin-piel-850-g/p
Pechuga de pollo;lider;1 kg;dom_24;Pollo Pechuga Congelada, 1 kg;;5990.0;5990.0;800.0;;;;mass;1000.0;;;5.99;;Pollo > Pechuga y Filetitos de Pollo;;12.5;https://super.lider.cl/ip/pollo/00789151555199
Pechuga de pollo;unimarc;1 kg;82101;Pechuga pollo deshuesada Sadía congelada 1 Kg;Sadia;6690.0;6690.0;6690.0;;Kg;1 un;mass;1000.0;;;6.69;;Pollo;Pechugas y filetitos;14.0;https://www.unimarc.cl/pechuga-deshuesada-sadia-iqf-1-kg/p
Plátano;jumbo;1 kg granel;154007;Plátano Orgánico 1 kg;Frutas y Verduras Propias;1890.0;1890.0;1890.0;;;;mass;1000.0;;;1.89;;;Frutas (Mostrar todo);9.5;https://www.jumbo.cl/platano-organico-1-kg-2042981/p
Plátano;unimarc;1 kg granel;9720;Plátano granel 500 g;Frutas Y Verduras;745.0;745.0;745.0;;Kg;500 g;mass;500.0;;;1.49;;Frutas y verduras congeladas;Frutas;9.5;https://www.unimarc.cl/platano-kg/p
Pollo entero;jumbo;1.5 kg a 3 kg;106519;Salchichas Pollo Winter 1 kg;Winter;3990.0;3990.0;3990.0;;;;mass;1000.0;;;3.99;;;Salchichas;6.5;https://www.jumbo.cl/salchicha-pollo-winter-1kg-1898637/p
Pollo entero;lider;1.5 kg a 3 kg;dom_23;Salchicha pollo 20 Un, 1 kg;;3990.0;3990.0;3990.0;;;;mass;1000.0;;;3.99;;Para Parrilla > Salchichas;;6.5;https://super.lider.cl/ip/todas-las-carnes/00780190701041
Pollo entero;unimarc;1.5 kg a 3 kg;4180;Salchicha de pollo San Jorge 20 un 1 Kg;San Jorge;3990.0;3990.0;3590.0;35900.0;Kg;1 un;mass;1000.0;;;3.99;;Fiambres y embutidos;Salchichas;6.5;https://www.unimarc.cl/vienesa-pollo-san-jorge-1kg/p
Queso crema;jumbo;100 g a 300 g;84334;Queso Crema Cuisine & Co Envasado 226 g;Cuisine & Co;3190.0;3190.0;3190.0;;;;mass;226.0;;;14.11504424778761;;;Quesos (Mostrar todo);6.0;https://www.jumbo.cl/queso-crema-pasteurizado-226-g-cuisine-and-co-1820460/p
Queso crema;lider;100 g a 300 g;dom_9;Queso Crema Natural, 200 g;;6450.0;6450.0;200.0;;;;mass;200.0;;;32.25;;Quesos > Untable y Fundido;;6.0;https://super.lider.cl/ip/quesos/00780290000126
Queso crema;unimarc;100 g a 300 g;396;Queso crema Soprole sabor natural 100 g;Soprole;840.0;840.0;840.0;7300.0;Kg;1 un;mass;100.0;;;8.4;;Quesos;Queso crema y untables;6.0;https://www.unimarc.cl/queso-crema-natural-soprole-100-g/p
Queso gouda;unimarc;150 g a 500 g;90828;Queso gouda Surlat laminado sin lactosa 200 g;Surlat;3550.0;3550.0;3550.0;;Kg;1 un;mass;200.0;;;17.75;;Quesos;Gauda y ranco;6.0;https://www.unimarc.cl/queso-gouda-lam-s-lactosa-surlat-200gr/p
Salsa de tomate;jumbo;200 g a 500 g;83586;Salsa de Tomate Cuisine & Co Natural 200 g;Cuisine & Co;690.0;690.0;690.0;;;;mass;200.0;;;3.45;;;Fideos, Pastas y Salsas (Mostrar todo);6.0;https://www.jumbo.cl/salsa-de-tomate-natural-200-g-cuisine-and-co-1801326/p
Salsa de tomate;lider;200 g a 500 g;dom_27;Salsa de Tomate Italiana Doypack, 200 g;;2950.0;2950.0;590.0;;;;mass;200.0;;;14.75;;Pastas y Salsas > Salsa para pastas;;6.0;https://super.lider.cl/ip/pastas-y-salsas/00780180010101
Salsa de tomate;unimarc;200 g a 500 g;86430;Salsa de tomate italiana merkat doypack 200g;Merkat;380.0;380.0;380.0;;Kg;1 un;mass;200.0;;;1.9;;Fideos, pastas y salsas;Salsa para pastas;6.0;https://www.unimarc.cl/salsa-tomate-italiana-merkat-dp-200-gr/p
Tomate;jumbo;500 g a 1 kg;145969;Bistec de Pechuga de Pavo Ariztía Tomate Albahaca 450 g;Ariztía;6290.0;6290.0;6290.0;;;;mass;450.0;;;13.977777777777778;;;Filetes y Pechugas de Pavo;7.7;https://www.jumbo.cl/bistec-pech-pavo-tom-albah-ariztia-450g-2020914/p
Tomate;lider;500 g a 1 kg;dom_9;Tomate Triple Tasty Cocktail Pote, 500 gr;;4190.0;4190.0;4190.0;;;;mass;500.0;;;8.38;;Verduras > Tomates;;8.0;https://super.lider.cl/ip/verduras/00780460076027
Tomate;unimarc;500 g a 1 kg;324;Tomate larga vida granel 500 g;Frutas Y Verduras;975.0;975.0;975.0;;Kg;500 g;mass;500.0;;;1.95;;Verduras;Verduras;8.0;https://www.unimarc.cl/tomate-1-kg-5-u-aprox/p
Trutro de pollo;jumbo;1 kg;82330;Trutro Largo de Pollo Sin Marinar 1 kg;Cuisine & Co;6890.0;6890.0;6890.0;;;;mass;1000.0;;;6.89;;;Alitas y Trutros de Pollo;10.5;https://www.jumbo.cl/trutro-largo-de-pollo-1-kg-cuisine-and-co-1801135/p
Trutro de pollo;lider;1 kg;dom_32;Pollo Trutro Corto Sin Marinar Envasado, 1 kg;;3990.0;3990.0;200.0;;;;mass;1000.0;;;3.99;;Pollo > Trutro de Pollo;;10.5;https://super.lider.cl/ip/pollo/00789151555261
Trutro de pollo;unimarc;1 kg;92363;Trutro cuarto de pollo Ariztía granel 1 Kg;Ariztia;3190.0;3190.0;3190.0;36000.0;Kg;1 kg;mass;1000.0;;;3.19;;Pollo;Trutro;12.0;https://www.unimarc.cl/trutro-cuarto-de-pollo-ariztia-kg/p
Yogurt;jumbo;100 g a 1 kg yogurt tradicional;6953;Yogurt Batido Calán Semidescremado Frutilla 110 g;Calan;220.0;220.0;220.0;;;;mass;110.0;;;2.0;;;Yoghurt Batido;6.5;https://www.jumbo.cl/yoghurt-batido-calan-semidescremado-sabor-frutilla-120-g-2/p
Zanahoria;jumbo;1 kg;5832;Zanahoria Bolsa 1 kg;Frutas y Verduras Propias;1350.0;1350.0;1350.0;;;;mass;1000.0;;;1.35;;;Verduras (Mostrar todo);8.0;https://www.jumbo.cl/zanahoria-jumbo-1-kg/p
Zanahoria;lider;1 kg;dom_4;Zanahoria Jugo Bolsa, 1 Kg;;1190.0;1190.0;1190.0;;;;mass;1000.0;;;1.19;;Verduras > Zapallos y Zanahorias;;8.0;https://super.lider.cl/ip/verduras/00780464080073
Zanahoria;unimarc;1 kg;1418;Zanahoria de jugo bolsa 1 Kg;Frutas Y Verduras;1190.0;1190.0;1190.0;9900.0;Kg;1 un;mass;1000.0;;;1.19;;Verduras;Verduras;8.0;https://www.unimarc.cl/zanahoria-jugo-bolsa-1-kg/p
